Review,Star,Processed_Review
너무 예뻐요!! 사진과 같아요. 짧아도 너무 너무 편해요. 잘 입고 다녀요~,5.0,너무 예뻐요 사진과 같아요 짧아도 너무 너무 편해요 잘 입고 다녀요
"기본 원피스의 핏이 이렇게 이쁠수가🥰
5월 1일 되자마자 쿠폰 먹여서 구매했습니다
역시 기대한 만큼 핏이 예뻐요 소재도 탄탄하구요
글로니옷은 빨리 사는게 이득인거 같습니다
레이어드로 입어도 이쁘고 벨트 해도 이쁩니다",5.0,기본 원피스의 핏이 이렇게 이쁠수가 월 일 되자마자 쿠폰 먹여서 구매했습니다 역시 기대한 만큼 핏이 예뻐요 소재도 탄탄하구요 글로니옷은 빨리 사는게 이득인거 같습니다 레이어드로 입어도 이쁘고 벨트 해도 이쁩니다
몸에 완전히 핏되는 스타일이고 55이상부터는 절대 안 들어갈 것 같네욤 ㅎㅎ..,3.0,몸에 완전히 핏되는 스타일이고 이상부터는 절대 안 들어갈 것 같네욤
"163에 45키로인데도 m이 적당히 널널하면서 마니 짧지 않아서 좋아요!ㅎ s는 얼마나 마른 분들이 입는 걸까요,,ㅎ 화이트도 구매 예정입니다!ㅎ",5.0,에 키로인데도 m이 적당히 널널하면서 마니 짧지 않아서 좋아요 s는 얼마나 마른 분들이 입는 걸까요 화이트도 구매 예정입니다
가벼운 데이트룩으로 최고에요! 날씨가 풀려서 손이 자주 가요 ㅎ,5.0,가벼운 데이트룩으로 최고에요 날씨가 풀려서 손이 자주 가요
가슴 작은편인데도 가슴압박이 심한 옷이에요 상체에 살은 없는데 흉통 큰 편이라 M 했고 허리는 딱 붙지 않아 편하네요 밑단이 생각보다 더 넓은 플레어 입니다,5.0,가슴 작은편인데도 가슴압박이 심한 옷이에요 상체에 살은 없는데 흉통 큰 편이라 M 했고 허리는 딱 붙지 않아 편하네요 밑단이 생각보다 더 넓은 플레어 입니다
참 조아요 보시는대로 짧긴한데 그거대로 예뻐요,5.0,참 조아요 보시는대로 짧긴한데 그거대로 예뻐요
"생각보다 잘 늘어나는 원단이고
검정색은 정장같은 느낌도 나서 좋았어요
키가 작아서 길이는 신경 안쓰고 구매했는데
앉아있을때는 생각보다 안짧게 느껴져요",4.0,생각보다 잘 늘어나는 원단이고 검정색은 정장같은 느낌도 나서 좋았어요 키가 작아서 길이는 신경 안쓰고 구매했는데 앉아있을때는 생각보다 안짧게 느껴져요
키가 166인데 사이즈며 길이감 핏 이런 원피스 핏 어디서 찾기 힘든데 딱 상상했던 그대로라 바지에 레이어드해도 예쁘고 단독으로 입어도 예뻐요,5.0,키가 인데 사이즈며 길이감 핏 이런 원피스 핏 어디서 찾기 힘든데 딱 상상했던 그대로라 바지에 레이어드해도 예쁘고 단독으로 입어도 예뻐요
처음에 입어보고 너무 타이트해서 놀랬어요 근데 오히려 편한거같아요 밑에 글로니 골지레깅스 숏 입으니까 짧아도 불편하지 않고 괜찮아요 그리고 옷이 정말 날씬해보입니다.,5.0,처음에 입어보고 너무 타이트해서 놀랬어요 근데 오히려 편한거같아요 밑에 글로니 골지레깅스 숏 입으니까 짧아도 불편하지 않고 괜찮아요 그리고 옷이 정말 날씬해보입니다
입고 벗을 때 매우 힘들지만 핏이 예뻐요 원단도 탄탄해요,5.0,입고 벗을 때 매우 힘들지만 핏이 예뻐요 원단도 탄탄해요
기본템으로 입기 좋아요 단독으오 입어도 좋습니다,5.0,기본템으로 입기 좋아요 단독으오 입어도 좋습니다
쫀쫀하고 허리겁나 얇아보이고 길이까지 미니하게 제 키에는 딱이였어요!!,5.0,쫀쫀하고 허리겁나 얇아보이고 길이까지 미니하게 제 키에는 딱이였어요
사이즈가 많이 작게나와서!! 엄청나게 마르신 분 아니면 m하시는게 좋을것같아요! 소재가 엄청 짱짱합니다,5.0,사이즈가 많이 작게나와서 엄청나게 마르신 분 아니면 m하시는게 좋을것같아요 소재가 엄청 짱짱합니다
"정말 왜 이제야 주문했는지 통탄스럽기 짝이 없네요.. 여리여리하고 날씬해보이고,,, 부유방은 가려주는데 제 키에 미디움 입으면 또 기장까지 적당합니다🤍 다른 색도 구매각,,",5.0,정말 왜 이제야 주문했는지 통탄스럽기 짝이 없네요 여리여리하고 날씬해보이고 부유방은 가려주는데 제 키에 미디움 입으면 또 기장까지 적당합니다 다른 색도 구매각
원피스로 입어도 이쁘고 상의로 입어도 이쁩니더. 167이 원피스로 입었을때 살짝 아슬아슬하긴하더라구여. 저는 상의로 즐겨 입을듯합니다,5.0,원피스로 입어도 이쁘고 상의로 입어도 이쁩니더 이 원피스로 입었을때 살짝 아슬아슬하긴하더라구여 저는 상의로 즐겨 입을듯합니다
"핏하며 길이하며 다 너무 좋아요! 원래는 퍼지는 라인 별로 안좋아하는ㄷㅔ
이건 안유치하고 오히려 고급스러워 보이는 느낌이네요 ㅎㅎ",5.0,핏하며 길이하며 다 너무 좋아요 원래는 퍼지는 라인 별로 안좋아하는 이건 안유치하고 오히려 고급스러워 보이는 느낌이네요
"얇지 않고 적당히 톡톡해요 
여름보단 봄에 입는게 좋을 것 같아요",5.0,얇지 않고 적당히 톡톡해요 여름보단 봄에 입는게 좋을 것 같아요
"리뷰에 많이 작고 짧다해서 걱정했는데 저한테는 적당한 길이였어요
한 사이즈 크게 산 후기가 많아서 미디움 재입고 될 때까지 기다리다가 스몰사이즈가 입고 됐길래 스몰로 구매했는데 두겹이라 그런지 뱃살 부각 하나도 안 되고 몸매 보정에 좋아요
가슴이 작은 편이라 입고 벗기에도 어렵지 않고 핏되는 원피스인데도 안에 셔츠나 이너티를 입어도 자국이 없어서 왜 인기 많음지 알 거 같아요",5.0,리뷰에 많이 작고 짧다해서 걱정했는데 저한테는 적당한 길이였어요 한 사이즈 크게 산 후기가 많아서 미디움 재입고 될 때까지 기다리다가 스몰사이즈가 입고 됐길래 스몰로 구매했는데 두겹이라 그런지 뱃살 부각 하나도 안 되고 몸매 보정에 좋아요 가슴이 작은 편이라 입고 벗기에도 어렵지 않고 핏되는 원피스인데도 안에 셔츠나 이너티를 입어도 자국이 없어서 왜 인기 많음지 알 거 같아요
"재질이 너무 좋아서 놀랐어요 !! 왜 인기 있는지 알겠는 느낌 .. 길이는 짧지도, 길지도 않은데 160 초반대 분들은 조금 짧다고 느끼실 수도 있어요",5.0,재질이 너무 좋아서 놀랐어요 왜 인기 있는지 알겠는 느낌 길이는 짧지도 길지도 않은데 초반대 분들은 조금 짧다고 느끼실 수도 있어요
진챠 넘 예뻐서 화이트사고 블랙 추가구매했어요 제키에도 치마가 짧아요 키크신분들은 너무 짧다고 생각할수있을것같아요,5.0,진챠 넘 예뻐서 화이트사고 블랙 추가구매했어요 제키에도 치마가 짧아요 키크신분들은 너무 짧다고 생각할수있을것같아요
사이즈가 많이 작다고 해서 걱정했는데 s입었는데 딱 예쁘게 잘 맞았어요! 근데 기장이 확실히 많이 짧아서 키 크신 분들은 m 입으셔야할 것 같아요!,5.0,사이즈가 많이 작다고 해서 걱정했는데 s입었는데 딱 예쁘게 잘 맞았어요 근데 기장이 확실히 많이 짧아서 키 크신 분들은 m 입으셔야할 것 같아요
"글로니 러버 입니당 .. ㅎㅎ
고민하다가 세일하길래 구매했는데 너무너무 맘에 듭니다 !!! 상체 마른편이라 보통 s사이즈 사면 잘맞는데 이번엔 좀 널널히 입고 싶어서 m사이즈를 시켰습니당
근데 … 전혀 널널하진 않아요 … 딱 맞아요 여기서 살 더 찌면 핏이 별로일 거 같아요 ㅠㅠ
개말라인간이 아니심 무조건 m사이즈 추천해요 ~!~!
글고 역시 글로니 핏을 넘 잘 뽑아요 몸매 짱 좋아보여요 !! 굿",5.0,글로니 러버 입니당 고민하다가 세일하길래 구매했는데 너무너무 맘에 듭니다 상체 마른편이라 보통 s사이즈 사면 잘맞는데 이번엔 좀 널널히 입고 싶어서 m사이즈를 시켰습니당 근데 전혀 널널하진 않아요 딱 맞아요 여기서 살 더 찌면 핏이 별로일 거 같아요 개말라인간이 아니심 무조건 m사이즈 추천해요 글고 역시 글로니 핏을 넘 잘 뽑아요 몸매 짱 좋아보여요 굿
좀 뚱뚱한편이라 걱정 많이하고 샀는데 딱 맞고 너무 다행이에요ㅎㅎ 잘 늘어나고 쫀쫀한 재질이라서 벗을땐 쫌 힘들지만 라인이랑 핏이 너무 예뻐서 대만족입니다!! 세일할때 6만원대에 사서 대만족이에요!!ㅜ,5.0,좀 뚱뚱한편이라 걱정 많이하고 샀는데 딱 맞고 너무 다행이에요 잘 늘어나고 쫀쫀한 재질이라서 벗을땐 쫌 힘들지만 라인이랑 핏이 너무 예뻐서 대만족입니다 세일할때 만원대에 사서 대만족이에요
"진짜 맘에 들어요 딱 정석으로 예쁜 블랙 원피스...
사이즈는 웬만하면 m이 맞을듯.. 타이트하고 입고벗을때 좀 힘들어요
배송 빨라서 좋아요",5.0,진짜 맘에 들어요 딱 정석으로 예쁜 블랙 원피스 사이즈는 웬만하면 m이 맞을듯 타이트하고 입고벗을때 좀 힘들어요 배송 빨라서 좋아요
"완전 기본 원피스예요
글루니는 베이직한 아이템을 
참 이쁘게 잘 만드는 것 같아요 
가슴 큰 분들은 가슴압박이 좀 있을 것 같아요",5.0,완전 기본 원피스예요 글루니는 베이직한 아이템을 참 이쁘게 잘 만드는 것 같아요 가슴 큰 분들은 가슴압박이 좀 있을 것 같아요
진짜 너무너무 이뻐여 키 168기준 속바지 입으면 입을 수 있는정도고 상체만보면 s 하고싶은데 s헸으면 너무 짧아서 다 내놓고 다닐번 했어여..ㅎ,5.0,진짜 너무너무 이뻐여 키 기준 속바지 입으면 입을 수 있는정도고 상체만보면 s 하고싶은데 s헸으면 너무 짧아서 다 내놓고 다닐번 했어여
"두꺼워서 비침 걱정도 없고 좋아요. 다만, 생각보다 더 짧고 진짜 딱 붙어요. 가격만 좀 저렴하면 하나더 사고싶어요 ㅎㅎ",5.0,두꺼워서 비침 걱정도 없고 좋아요 다만 생각보다 더 짧고 진짜 딱 붙어요 가격만 좀 저렴하면 하나더 사고싶어요
배송도 빠르고 넥라인 맘에 들어서 구매했는데 상체부분이 잘잡아주는 듯하면서 타이트한느낌이여서 만족스럽습니다,5.0,배송도 빠르고 넥라인 맘에 들어서 구매했는데 상체부분이 잘잡아주는 듯하면서 타이트한느낌이여서 만족스럽습니다
옷장에 막 접어놔서 좀 쭈글하게 찍혔는데 탄탄한 면소재예요! 핏도 예쁘고 유용하게 입을 수 있습니당ㅎㅎ,5.0,옷장에 막 접어놔서 좀 쭈글하게 찍혔는데 탄탄한 면소재예요 핏도 예쁘고 유용하게 입을 수 있습니당
핏이 이뻐서 만족합니다. 생각보다 단정한느낌이에요,5.0,핏이 이뻐서 만족합니다 생각보다 단정한느낌이에요
치마가 많이 짧다고 했는데 짧기는 해도 핏이 너무 예뻐서 어쩔수 없어요…. 정말 너무 예쁩니다 저만 입고싶울정도에요,5.0,치마가 많이 짧다고 했는데 짧기는 해도 핏이 너무 예뻐서 어쩔수 없어요 정말 너무 예쁩니다 저만 입고싶울정도에요
"쇼룸에도 없어서 안입어보고 구매했는데
만족해요",5.0,쇼룸에도 없어서 안입어보고 구매했는데 만족해요
검정색이라 먼지 붙은 게 잘 보이지만 예뻐요 믿고 사는 글로니입니다,5.0,검정색이라 먼지 붙은 게 잘 보이지만 예뻐요 믿고 사는 글로니입니다
엄청 미니멀한데 신축성이 좋아서 활동하기도 편하고 몸매도 좋아보여용,5.0,엄청 미니멀한데 신축성이 좋아서 활동하기도 편하고 몸매도 좋아보여용
S랑 M 고민하다가 S 샀는데 잘 맞아요 부유방도 잘 가려줍니다!,5.0,S랑 M 고민하다가 S 샀는데 잘 맞아요 부유방도 잘 가려줍니다
배송 1달 넘게 기다렸지만.. 진짜 너무너무 예쁘고 마음에 들어요,5.0,배송 달 넘게 기다렸지만 진짜 너무너무 예쁘고 마음에 들어요
배송도 빠르고 물건도 잘 받았습니다 감사합니다:),5.0,배송도 빠르고 물건도 잘 받았습니다 감사합니다
핏이 예뻐요 생각보다 타이트 하진 않았어요 다만 길이가 넘 짧아요 앉을 때 고비,5.0,핏이 예뻐요 생각보다 타이트 하진 않았어요 다만 길이가 넘 짧아요 앉을 때 고비
핏이 예뻐요 생각보다 타이트 하지 않았어요 다만 넘 짧아서 길이가 좀 더 길었으면 좋겠어요...,5.0,핏이 예뻐요 생각보다 타이트 하지 않았어요 다만 넘 짧아서 길이가 좀 더 길었으면 좋겠어요
재질이 도톰해서 원피스 모양은 잡아주지만 여름에 입기 더워요 나시원피스이지만 여름에는 못입는 두꺼움입니다,5.0,재질이 도톰해서 원피스 모양은 잡아주지만 여름에 입기 더워요 나시원피스이지만 여름에는 못입는 두꺼움입니다
세일해서 비교적 저렴하게 삿구 불편한거 진짜 못입는데 편해요!!,5.0,세일해서 비교적 저렴하게 삿구 불편한거 진짜 못입는데 편해요
"세일해서 비교적 저렴하게 삿구 불편한거 진짜 못입는데 편해요!!
레이어드 해서 입어두 예쁨~",5.0,세일해서 비교적 저렴하게 삿구 불편한거 진짜 못입는데 편해요 레이어드 해서 입어두 예쁨
"진짜 날씬해 보이는데 치마가 너무 짧아요,,ㅠㅠ 좀만 더 길게 만들어주세요~~",4.0,진짜 날씬해 보이는데 치마가 너무 짧아요 좀만 더 길게 만들어주세요
배송 오래 기다려서 입고 가려던 약속에는 못 입고 갔지만 사이즈 바꿔주셔서 ㄱㅊ습니다 허리 얇으신편이면 그냥 s해서 딱 맞게 입는게 예쁜 것 같아요,5.0,배송 오래 기다려서 입고 가려던 약속에는 못 입고 갔지만 사이즈 바꿔주셔서 습니다 허리 얇으신편이면 그냥 s해서 딱 맞게 입는게 예쁜 것 같아요
스몰로 샀어오 됐나 싶지만 미듐도 괜참ㅎ아요 좋어ㅏ요,5.0,스몰로 샀어오 됐나 싶지만 미듐도 괜참아요 좋어요
"꽉끼게 입는걸 싫어하기 때문에 고민끝에 m사이즈 선택했고 성공했습니다! 키가 작은데 힙이 큰 체형이라 s했으면 길이 너무 짧았을 것 같아요 지굼도 똥꼬치마,,
입고 벗을때도 편해서 사이즈 선택 잘한것 같고요 
멜란지 사고 예뻐서 블랙도 구매했습니다!",5.0,꽉끼게 입는걸 싫어하기 때문에 고민끝에 m사이즈 선택했고 성공했습니다 키가 작은데 힙이 큰 체형이라 s했으면 길이 너무 짧았을 것 같아요 지굼도 똥꼬치마 입고 벗을때도 편해서 사이즈 선택 잘한것 같고요 멜란지 사고 예뻐서 블랙도 구매했습니다
신축성도 적당해서 핏이 너무 예뻐요~다음에 다른 색상도 구매하려구요,5.0,신축성도 적당해서 핏이 너무 예뻐요다음에 다른 색상도 구매하려구요
"s구매해ㅛ는데 핏이 진짜 이뻐요!! 입어보니까 인기 많은 이유 알겠더라고요
155인 저한테도 조금 짧은 느낌이에요.",5.0,s구매해는데 핏이 진짜 이뻐요 입어보니까 인기 많은 이유 알겠더라고요 인 저한테도 조금 짧은 느낌이에요
여름에 잘 입고 다녔어요 검정색이라 부담 없이 입기 좋고 뭣보다 핏이 넘 예쁜듯,5.0,여름에 잘 입고 다녔어요 검정색이라 부담 없이 입기 좋고 뭣보다 핏이 넘 예쁜듯
도톰하고 베이직하게 딱 예쁜 핏! 161 40에 엉작녀 개개ㅐ개말라 인간한테두 마니 짧은 편인데 전 조아욤 ㅎㅎ,5.0,도톰하고 베이직하게 딱 예쁜 핏 에 엉작녀 개개개말라 인간한테두 마니 짧은 편인데 전 조아욤
"저 리뷰 원래 안 남기는데 이건 남겨야겠다 싶어서 남겨요
진짜 너무 너무 너무 예쁩니다 ㅠㅠ 딱 입어보면 재질 탄탄한 게 느껴지실 거에요 근데 부유방도 가려주고 몸매도 너무 예쁘게 잡아주는..🖤 제가 생각했던 것보다 많이 플레어 느낌이긴 한데 그래서인지 몸매를 더 예뻐 보이게 해주는 것 같아요!!! 저랑 키 비슷하신 분들은 M 사이즈가 딱 예쁜 길이감일 듯해요 다들 뭐해 얼릉 구매해…🥺",5.0,저 리뷰 원래 안 남기는데 이건 남겨야겠다 싶어서 남겨요 진짜 너무 너무 너무 예쁩니다 딱 입어보면 재질 탄탄한 게 느껴지실 거에요 근데 부유방도 가려주고 몸매도 너무 예쁘게 잡아주는 제가 생각했던 것보다 많이 플레어 느낌이긴 한데 그래서인지 몸매를 더 예뻐 보이게 해주는 것 같아요 저랑 키 비슷하신 분들은 M 사이즈가 딱 예쁜 길이감일 듯해요 다들 뭐해 얼릉 구매해
"재질도 탄탄하고 몸에 딱 맞아서 좋아요
158에게 길이감은 적당해요",5.0,재질도 탄탄하고 몸에 딱 맞아서 좋아요 에게 길이감은 적당해요
배송도 빠르고 포장도 꼼꼼하고 너무 이뻐요 만족합니다!,5.0,배송도 빠르고 포장도 꼼꼼하고 너무 이뻐요 만족합니다
"너어무 사고싶어서 2주 기다려서 받앗는데 진짜 너무 예뻐요 최고임 데이트룩으로 겨론식에두 괜찮고 다 너무 예뻐요 🥺 
다만 조금 짧다는 단점이…",5.0,너어무 사고싶어서 주 기다려서 받앗는데 진짜 너무 예뻐요 최고임 데이트룩으로 겨론식에두 괜찮고 다 너무 예뻐요 다만 조금 짧다는 단점이
한달 정도 기다려서 받았네요... 배송이 느려서 아쉽지만 남은 여름 열심히 입고 다니려구요,4.0,한달 정도 기다려서 받았네요 배송이 느려서 아쉽지만 남은 여름 열심히 입고 다니려구요
핏이 너무 예쁘고 조금 짧지만 맘에 듭니다 소재도 탄탄합니다!,5.0,핏이 너무 예쁘고 조금 짧지만 맘에 듭니다 소재도 탄탄합니다
핏이 진짜 이뻐요! 보통 면 원피스 입으면 배쪽이 너무 핏되는 느낌이라 별로였는데 이 원피스는 배쪽 부각없이 편하게 입을 수 있어서 좋아요! 기장이 조금 더 길었으면 좋았을 거 같네용,5.0,핏이 진짜 이뻐요 보통 면 원피스 입으면 배쪽이 너무 핏되는 느낌이라 별로였는데 이 원피스는 배쪽 부각없이 편하게 입을 수 있어서 좋아요 기장이 조금 더 길었으면 좋았을 거 같네용
핏이랑 색감 진짜 이뻐요! 재질은 탄탄하고 부드러운데 생각보다 두껍습니다.,5.0,핏이랑 색감 진짜 이뻐요 재질은 탄탄하고 부드러운데 생각보다 두껍습니다
"거의 한달만에 받았는데 핏이 너무 예뻐요 !! 레인부츠에 신으려고 샀는데 장마가 끝나서 받은,,0",5.0,거의 한달만에 받았는데 핏이 너무 예뻐요 레인부츠에 신으려고 샀는데 장마가 끝나서 받은
탄탄한 검정! 마른 몸을 소유한 자여 글로니로 오라,4.0,탄탄한 검정 마른 몸을 소유한 자여 글로니로 오라
"음 핏이 엄청 예뻐요
근데 ! 좀 길이가 많이 짧습니다 ㅠㅠ 어짜피 근데 속바지입을거긴해서….",5.0,음 핏이 엄청 예뻐요 근데 좀 길이가 많이 짧습니다 어짜피 근데 속바지입을거긴해서
딱 원하던 핏이구 너무 예뻐요..짧은 걸 좋아해서 길이도 좋고 안에 속바지 입으면 되니까 딱 좋아요 🎀🫧🖤,5.0,딱 원하던 핏이구 너무 예뻐요짧은 걸 좋아해서 길이도 좋고 안에 속바지 입으면 되니까 딱 좋아요
예버용 s가 타이트하다는 후기가 많아서 m사니까 배 쪽도 너무 타이트하지않아서 맘에듭니당🖤,5.0,예버용 s가 타이트하다는 후기가 많아서 m사니까 배 쪽도 너무 타이트하지않아서 맘에듭니당
후기 여러개 읽어보니 160에 48킬로 정도 돼도 s는 넘 딱맞을거같아서 m샀더니 배 부분도 적당히 딱맞고 길이도 괜찮아요 넘 예뽀용,5.0,후기 여러개 읽어보니 에 킬로 정도 돼도 s는 넘 딱맞을거같아서 m샀더니 배 부분도 적당히 딱맞고 길이도 괜찮아요 넘 예뽀용
후기 여럿 읽어보니 s는 넘 작을거같아 m 구매했는데 딱좋아요 !!,5.0,후기 여럿 읽어보니 s는 넘 작을거같아 m 구매했는데 딱좋아요
"허리가 다른부위에 비해 얇은편인데 딱잡아주고 핏이 예뻐요
근데 생각보단 a라인으로 퍼져서 아쉽긴한데 그래도 예쁩니다",4.0,허리가 다른부위에 비해 얇은편인데 딱잡아주고 핏이 예뻐요 근데 생각보단 a라인으로 퍼져서 아쉽긴한데 그래도 예쁩니다
너무예뻐요 진짜 단연코 완벽한 핏 .. 나만사게 다들 사지마세여,5.0,너무예뻐요 진짜 단연코 완벽한 핏 나만사게 다들 사지마세여
"흼샥으로 구먀했다 너무 맘에들어서 블략도 구매했어요
똥꼬치마이긴 합니다.. 그치만 이뻐서 견디는거에요 ㅋㅋ",5.0,흼샥으로 구먀했다 너무 맘에들어서 블략도 구매했어요 똥꼬치마이긴 합니다 그치만 이뻐서 견디는거에요
M사이즈 생각보다 타이트하지않았어요 단정하고 예뻐요,5.0,M사이즈 생각보다 타이트하지않았어요 단정하고 예뻐요
이뻐요 그런데 3번접으면 구김이 남네요; 그치만 넘이뻐 깔별로사고싶음,5.0,이뻐요 그런데 번접으면 구김이 남네요 그치만 넘이뻐 깔별로사고싶음
허리를 탄탄하게 잡아주는 느낌이에요!! 좀 짧아서 아쉽긴 하지만 제가 속바지를 입으명 되는 일이니까여~,5.0,허리를 탄탄하게 잡아주는 느낌이에요 좀 짧아서 아쉽긴 하지만 제가 속바지를 입으명 되는 일이니까여
핏은 너무 얘쁘지만 길이가 넘 짧아서 절대 숙일 수 없는 원피스 입니당 속바지 필수예요!!,5.0,핏은 너무 얘쁘지만 길이가 넘 짧아서 절대 숙일 수 없는 원피스 입니당 속바지 필수예요
역시 믿고사는 글로니 너무 예뻐용 ㅠ 근데 M 샀는데도 엄청 짧고 타이트해요,5.0,역시 믿고사는 글로니 너무 예뻐용 근데 M 샀는데도 엄청 짧고 타이트해요
"매장에서 입어보고 샀는데
진짜 이뻐요 진짜 만족해요 색도 이뻐서 친구한테 추천했더니 구매한다고 하더라구요 진짜 좋아용",5.0,매장에서 입어보고 샀는데 진짜 이뻐요 진짜 만족해요 색도 이뻐서 친구한테 추천했더니 구매한다고 하더라구요 진짜 좋아용
짧아요 소재는 수영복 같이 쫀쫀한 원단입니다 롱부츠랑 신으면 예블 것 같네용,4.0,짧아요 소재는 수영복 같이 쫀쫀한 원단입니다 롱부츠랑 신으면 예블 것 같네용
생각보다 많이 작고 짧아요..ㅠㅠ 바이크 팬츠 사서 같이 입어야할 거 같아요 하지만 재질도 좋고 너무 예뻐용,5.0,생각보다 많이 작고 짧아요 바이크 팬츠 사서 같이 입어야할 거 같아요 하지만 재질도 좋고 너무 예뻐용
"수영복+면느낌이라서 쫀쫀해요
S사이즈 삿으면 조금 작았을거같아요",4.0,수영복면느낌이라서 쫀쫀해요 S사이즈 삿으면 조금 작았을거같아요
화이트사고 마음에 들어서 블랙도 삿어요 탄성이 좋고 퀄리티가 진짜 좋아요 몸매를 잘 잡아줘요 좀더 살빼고입으면 더 이쁠것같아요 미듐인데도 딱맞아요,5.0,화이트사고 마음에 들어서 블랙도 삿어요 탄성이 좋고 퀄리티가 진짜 좋아요 몸매를 잘 잡아줘요 좀더 살빼고입으면 더 이쁠것같아요 미듐인데도 딱맞아요
핏이 너무 예뻐요~~ 몸매 좋아보이고 가을에 가디건 걸쳐입어도 예쁠듯해요~,5.0,핏이 너무 예뻐요 몸매 좋아보이고 가을에 가디건 걸쳐입어도 예쁠듯해요
"핏이 너무예뻐요
흉통이 작게 나왔다는 후기가 많아서 m으로 했는데 사이즈 딱좋아요!
제가 통자허리인데 이거 입으면 허리가 잘록해보여서 좋아요
근데 길이가 너무 짧아서 속바지 잘 챙겨입어야겠어요",5.0,핏이 너무예뻐요 흉통이 작게 나왔다는 후기가 많아서 m으로 했는데 사이즈 딱좋아요 제가 통자허리인데 이거 입으면 허리가 잘록해보여서 좋아요 근데 길이가 너무 짧아서 속바지 잘 챙겨입어야겠어요
핏이 너무 예뻐요~~~ 날씬해보이고 몸매 완죤 좋아보여서 만족스럽습니다,5.0,핏이 너무 예뻐요 날씬해보이고 몸매 완죤 좋아보여서 만족스럽습니다
예쁩니다 적당히 귀엽고 적당히 단정하면서 원피스 하나만입어도 허전하지않아요!! 저는 비슷한 여러뷴들의 스펙인데 에스가 적당히 맞아서 하나도 불편하지않더라구요 159/45,4.0,예쁩니다 적당히 귀엽고 적당히 단정하면서 원피스 하나만입어도 허전하지않아요 저는 비슷한 여러뷴들의 스펙인데 에스가 적당히 맞아서 하나도 불편하지않더라구요
"좀 압박하는데 그래서 핏이 더 이쁨
아래가 플레어라 너무 맘에들어여 글로니 플레어팬츠랑 같이입으면 진짜 왕왕이쁨!",5.0,좀 압박하는데 그래서 핏이 더 이쁨 아래가 플레어라 너무 맘에들어여 글로니 플레어팬츠랑 같이입으면 진짜 왕왕이쁨
질도 좋고 핏도 예쁜데 생각 이상으로 타이트하고 작은 원피스에요🙊 작은 체형이라 작은 사이즈 안심하고 샀는데 완전 딱 맞고 팔뚝살 부각이 좀 되어서🥹 운동 하고 입어야 할 거 같아요 몸매에 자신 있으시다면 넘 예쁠 원피스입니다! 저는 운동 하고 도전할게요✨,5.0,질도 좋고 핏도 예쁜데 생각 이상으로 타이트하고 작은 원피스에요 작은 체형이라 작은 사이즈 안심하고 샀는데 완전 딱 맞고 팔뚝살 부각이 좀 되어서 운동 하고 입어야 할 거 같아요 몸매에 자신 있으시다면 넘 예쁠 원피스입니다 저는 운동 하고 도전할게요
질도 좋고 핏이 예쁜데 생각 이상으로 타이트하고 작은 원피스에요🙊 작은 체형이라 작은 사이즈 안심하고 샀는데 완전 딱 맞고 팔뚝살 부각이 좀 되어서🥹 운동 하고 입어야 할 거 같아요 몸매에 자신 있으시다면 넘 예쁠 원피스입니다! 저는 운동 하고 도전할게요✨,5.0,질도 좋고 핏이 예쁜데 생각 이상으로 타이트하고 작은 원피스에요 작은 체형이라 작은 사이즈 안심하고 샀는데 완전 딱 맞고 팔뚝살 부각이 좀 되어서 운동 하고 입어야 할 거 같아요 몸매에 자신 있으시다면 넘 예쁠 원피스입니다 저는 운동 하고 도전할게요
"160한테도 짧아요 바람 부는 날엔 조심해야할듯
상체 마른 편인데도 m 사이즈 엄청 핏되는 사이즈입니다 s는 진짜 마른 사람들이 입어야할듯 내 몸이 볼륨감이 있다고 생각하면 부디m을 사십쇼!!!",5.0,한테도 짧아요 바람 부는 날엔 조심해야할듯 상체 마른 편인데도 m 사이즈 엄청 핏되는 사이즈입니다 s는 진짜 마른 사람들이 입어야할듯 내 몸이 볼륨감이 있다고 생각하면 부디m을 사십쇼
너무 완벽한 핏이라 깔별로 구매했습니다 ...... 무진장세일때 잘 샀어욤,5.0,너무 완벽한 핏이라 깔별로 구매했습니다 무진장세일때 잘 샀어욤
사이즈고민 배송직전까지 했는데 저한텐 허리는 여유있고 가슴은 평소에 니플패치만 붙여서 딱좋았어요 길이는 요즘 짧은스커트 길이인거 같아요! 여름에 화이트입으면 시원해보이고 이쁠거같아서 세일하면 추가구매 갈기겠슴미더,5.0,사이즈고민 배송직전까지 했는데 저한텐 허리는 여유있고 가슴은 평소에 니플패치만 붙여서 딱좋았어요 길이는 요즘 짧은스커트 길이인거 같아요 여름에 화이트입으면 시원해보이고 이쁠거같아서 세일하면 추가구매 갈기겠슴미더
사이즈고민 배송직전까지 했는데 저한텐 허리는 여유있고 가슴은 평소에 니플패치만 붙여서 딱좋았어요 길이는 요즘 스커트 길이인거 같아요! 여름에 화이트입으면 시원해보이고 이쁠거같아서 세일하면 추가구매 갈기겠슴미더,5.0,사이즈고민 배송직전까지 했는데 저한텐 허리는 여유있고 가슴은 평소에 니플패치만 붙여서 딱좋았어요 길이는 요즘 스커트 길이인거 같아요 여름에 화이트입으면 시원해보이고 이쁠거같아서 세일하면 추가구매 갈기겠슴미더
너무 예뻐요 흰색도 사고 싶어요 면이 탄탄해서 좋네요!!!!,5.0,너무 예뻐요 흰색도 사고 싶어요 면이 탄탄해서 좋네요
너무 맘에 들어서 일주일에 한번씩은 꼭 입었어요!! 소재 탄탄해서 세탁해도 아직까진 변형없구요 핏이 너무 예뻐요,5.0,너무 맘에 들어서 일주일에 한번씩은 꼭 입었어요 소재 탄탄해서 세탁해도 아직까진 변형없구요 핏이 너무 예뻐요
"확실히 제 키에는 정말 짧아요 ,, 🥺
단독으로 입기에는 부담이 있지만, 바지랑 함께 입으려구요! 🤍",5.0,확실히 제 키에는 정말 짧아요 단독으로 입기에는 부담이 있지만 바지랑 함께 입으려구요
생각보다 가슴부분이 더 껴서 엄청 말라보여요 원단도 탄탄한 편인거 같아요,4.0,생각보다 가슴부분이 더 껴서 엄청 말라보여요 원단도 탄탄한 편인거 같아요
배송 빨리 와서 좋았어요! 옷은 흉곽 부분이 많이 작게 나왔고 길이가 짧아서 좀 신경 쓰이긴 합니다 그래도 예뻐요,4.0,배송 빨리 와서 좋았어요 옷은 흉곽 부분이 많이 작게 나왔고 길이가 짧아서 좀 신경 쓰이긴 합니다 그래도 예뻐요
배송 빨라요! 옷은 예뻐요 근데 길이가 짧고 흉곽 쪽이 엄청 작아요 가디건이나 셔츠랑 같이 입으면 좋을 것 같아요,4.0,배송 빨라요 옷은 예뻐요 근데 길이가 짧고 흉곽 쪽이 엄청 작아요 가디건이나 셔츠랑 같이 입으면 좋을 것 같아요
맘에들어요고민하다가산건데예뻐요추턴합미다 굿굿,3.0,맘에들어요고민하다가산건데예뻐요추턴합미다 굿굿
조아용 조아욤 재질좋은게 제일 좋아야 쫀쫀하거덩여 핏은 말모,5.0,조아용 조아욤 재질좋은게 제일 좋아야 쫀쫀하거덩여 핏은 말모
세탁 두번했는데 변형없고 재질이 딱 받자마자 조흠 핏이뿜,5.0,세탁 두번했는데 변형없고 재질이 딱 받자마자 조흠 핏이뿜
M으로 사니까 그렇게 짧지 않은 느낌이었아요! 핏 진짜 너무 예쁘네여,5.0,M으로 사니까 그렇게 짧지 않은 느낌이었아요 핏 진짜 너무 예쁘네여
"핏 너무 예쁘고 기장감도 딱 좋아요!! 
바지랑 레이어드 해서 입어도 예쁩니당",5.0,핏 너무 예쁘고 기장감도 딱 좋아요 바지랑 레이어드 해서 입어도 예쁩니당
이 옷 핏이 진짜 예뻐요!! 살까말까 고민했는데 고민한 시간이 아까워요! 근데 제 키에도 길이가 좀 짧습니다ㅠ,5.0,이 옷 핏이 진짜 예뻐요 살까말까 고민했는데 고민한 시간이 아까워요 근데 제 키에도 길이가 좀 짧습니다
글로니 맨날 예빠요 길이도 딱 알맞고 잘 입어질 듯 햐오ㅎ,5.0,글로니 맨날 예빠요 길이도 딱 알맞고 잘 입어질 듯 햐오
글로니 맨날 예빠요 길이도 딱 알맞고 잘 입어질 듯 햐오,5.0,글로니 맨날 예빠요 길이도 딱 알맞고 잘 입어질 듯 햐오
믿고 입는 글로니! 화이트와 블랙 깔별로 구매했어요. 데일리하면서도 은근 포인트되고 격식있는 자리에도 가능해요,5.0,믿고 입는 글로니 화이트와 블랙 깔별로 구매했어요 데일리하면서도 은근 포인트되고 격식있는 자리에도 가능해요
핏 진짜 대박이에요 면 원피스에 이런 핏과 고급스러움이 가능할줄이야 ㅠㅠ 너무 예쁩니다,5.0,핏 진짜 대박이에요 면 원피스에 이런 핏과 고급스러움이 가능할줄이야 너무 예쁩니다
치마가 좀 짧긴한데 제 체형에 너무 이쁘게 떨어지는 핏 밑에가 A라인이라 다리도 얇아보임,5.0,치마가 좀 짧긴한데 제 체형에 너무 이쁘게 떨어지는 핏 밑에가 A라인이라 다리도 얇아보임
글로니 원피스 제품은 핏이 예뻐서 마음에 들어요.,5.0,글로니 원피스 제품은 핏이 예뻐서 마음에 들어요
너무 맘에들아요 쫀쫀하고 질이 좋네요>_<다른 색도 사고 싶어지는..,5.0,너무 맘에들아요 쫀쫀하고 질이 좋네요다른 색도 사고 싶어지는
"원단이 정말 탄탄해서 핏을 잘잡아줍니다!
한여름에 입기엔 더울꺼 같아요",4.0,원단이 정말 탄탄해서 핏을 잘잡아줍니다 한여름에 입기엔 더울꺼 같아요
글로니 좋아요 포장 완전 꼼꼼하고 옷 딱맞고 진짜 예뻐요,5.0,글로니 좋아요 포장 완전 꼼꼼하고 옷 딱맞고 진짜 예뻐요
핏 예술 질 예술 탄탄하고 쫀쫀하고요 허리 겁나 얇아보여요..,5.0,핏 예술 질 예술 탄탄하고 쫀쫀하고요 허리 겁나 얇아보여요
탄탄한 소재인게 마음에 들어요 핏도 예뻐요 세탁 후 변형은 없는데 밑단이 약간 주름지게 되어서 잘 잡아서 건조시키는게 좋을 것 같아요,5.0,탄탄한 소재인게 마음에 들어요 핏도 예뻐요 세탁 후 변형은 없는데 밑단이 약간 주름지게 되어서 잘 잡아서 건조시키는게 좋을 것 같아요
"예쁘긴 한데 팔뚝이 너무 부각되어보여요 ,,^^ 그래도 예쁨",5.0,예쁘긴 한데 팔뚝이 너무 부각되어보여요 그래도 예쁨
"잘 맞아요~ 
기본디자인에 블랙이라 어디든 막 입기 좋아요",5.0,잘 맞아요 기본디자인에 블랙이라 어디든 막 입기 좋아요
너무이뻐요 m 하기 잘한거같아요 다른색으로 사고싶어요,5.0,너무이뻐요 m 하기 잘한거같아요 다른색으로 사고싶어요
우선 길이 매우 짧아서 똥꼬 치마이지만 핏이 너~~~~~무이뻐여 그리고 부유방…?도 안보이게 싸악 커버해줍니다 굿굿 메란지 사고 이뻐서 또 샀자나요~~~!,5.0,우선 길이 매우 짧아서 똥꼬 치마이지만 핏이 너무이뻐여 그리고 부유방도 안보이게 싸악 커버해줍니다 굿굿 메란지 사고 이뻐서 또 샀자나요
"기본 원피스에요 ㅎㅎ 너무 예뻐요
다만 사이즈가 엄청 짱짱해서 ..! 입는것도 조금 힘들어용.!
엄청 마르신 분들 제외하시고는 M하시는게 좋을 것 같아요!",5.0,기본 원피스에요 너무 예뻐요 다만 사이즈가 엄청 짱짱해서 입는것도 조금 힘들어용 엄청 마르신 분들 제외하시고는 M하시는게 좋을 것 같아요
화이트 s 시켰다가 오염 묻어서 반품 시키고 블랙 m으로 주문했는데요! 핏이 더 예쁘네요ㅎ 저도 163에 45키로인데도 넘 붙어서 없는 군살도 티났었는데 m은 적당히 널널하면서 마니 짧지 않아서 좋아요!ㅎ,5.0,화이트 s 시켰다가 오염 묻어서 반품 시키고 블랙 m으로 주문했는데요 핏이 더 예쁘네요 저도 에 키로인데도 넘 붙어서 없는 군살도 티났었는데 m은 적당히 널널하면서 마니 짧지 않아서 좋아요
우선 미듐사이즈지만 정말정말정말 작아요!! 제가 허리가 얇은 편인데도 굉장히 타이트하고 짧습니다! 160이상은 단독으로 절대 못 입는 원피스에요..!,3.0,우선 미듐사이즈지만 정말정말정말 작아요 제가 허리가 얇은 편인데도 굉장히 타이트하고 짧습니다 이상은 단독으로 절대 못 입는 원피스에요
가슴 부분이 좀 꽉끼긴한데 진짜 예뻐용 ㅠㅠ.. 사길 잘한 거 같아용 응애 !,5.0,가슴 부분이 좀 꽉끼긴한데 진짜 예뻐용 사길 잘한 거 같아용 응애
m사이즈 사니까 길이 적당해요 소재 생각보다 탄탄하고 핏이 너무 예쁨..,5.0,m사이즈 사니까 길이 적당해요 소재 생각보다 탄탄하고 핏이 너무 예쁨
"기본 원피스의 핏이 이렇게 이쁠수가🥰
5월 1일 되자마자 쿠폰 먹여서 구매했습니다
역시 기대한 만큼 핏이 예뻐요 소재도 탄탄하구요
글로니옷은 빨리 사는게 이득인거 같습니다",5.0,기본 원피스의 핏이 이렇게 이쁠수가 월 일 되자마자 쿠폰 먹여서 구매했습니다 역시 기대한 만큼 핏이 예뻐요 소재도 탄탄하구요 글로니옷은 빨리 사는게 이득인거 같습니다
"배송 너무 오래걸렸어요 3주 걸렸네요
면 소재치고 비싼 가격인거같아 조금 고민했는데 핏이 예뻐요",4.0,배송 너무 오래걸렸어요 주 걸렸네요 면 소재치고 비싼 가격인거같아 조금 고민했는데 핏이 예뻐요
미듐인데도 너무 작게 나온 게 좀 아쉬워요. 163이상은 안에 반바지 필수에요 절대 단독으로는 불가능,3.0,미듐인데도 너무 작게 나온 게 좀 아쉬워요 이상은 안에 반바지 필수에요 절대 단독으로는 불가능
너무이뻐요 색깔별로 사고싶을 정도!! 또 세일하면 다 구매하고 싶어요,5.0,너무이뻐요 색깔별로 사고싶을 정도 또 세일하면 다 구매하고 싶어요
너무 이쁜데 정말 짧아요.감안하고 사시길 바랍니다,5.0,너무 이쁜데 정말 짧아요감안하고 사시길 바랍니다
드레스가 이뻐요!! 원단도 고급진 느낌이고 데이트할때 딱임!,5.0,드레스가 이뻐요 원단도 고급진 느낌이고 데이트할때 딱임
기본탬으로 입기 좋아요 가격이 조금만 더 저렴하면 좋갰어요,4.0,기본탬으로 입기 좋아요 가격이 조금만 더 저렴하면 좋갰어요
기장이 조금 짧긴하지만 핏이 너무 이뻐서 품어요!!! 안에 속바지 입고 착용하려고 합니당ㅎㅎ,5.0,기장이 조금 짧긴하지만 핏이 너무 이뻐서 품어요 안에 속바지 입고 착용하려고 합니당
