Review,Star,Processed_Review
일단 너무너무 예쁘고 가성비 갑에다가 유행하는 러블리 코어 그리고 발레 코어에 꼭 맞는 아이템이에요!! 레알 너무 예뻐요ㅜㅜ 저만 입게 사지 마세요 다들😅,5.0,일단 너무너무 예쁘고 가성비 갑에다가 유행하는 러블리 코어 그리고 발레 코어에 꼭 맞는 아이템이에요 레알 너무 예뻐요 저만 입게 사지 마세요 다들
"리본이랑 레이스가 넘 기여운 치마에요❤️🎀
치마가 많이 짧다고 해서 걱정했는데 저는 키가 작아서 길이도 딱 맞고 안에 속바지도 있어서 너무 편했어요!
처음 왔을때는 구김이 좀 있었는데 스팀 한번 하니까 하루종일 입고 다녀도 구김이 안가더라구여:) 아무 티에도 잘 어울리고 딱 붙지 않아서 여름에도 시원하게 잘 입을거같아요😝💕",5.0,리본이랑 레이스가 넘 기여운 치마에요 치마가 많이 짧다고 해서 걱정했는데 저는 키가 작아서 길이도 딱 맞고 안에 속바지도 있어서 너무 편했어요 처음 왔을때는 구김이 좀 있었는데 스팀 한번 하니까 하루종일 입고 다녀도 구김이 안가더라구여 아무 티에도 잘 어울리고 딱 붙지 않아서 여름에도 시원하게 잘 입을거같아요
우와 요새 유행하는 느낌의 치마 싸게ㅜ잘 샀아요 제가 키가 작은 편인데도 짧아서 엉덩이 다 보일걱 같아요 ㅎ 레이어드 용으로 입어야겠어요,5.0,우와 요새 유행하는 느낌의 치마 싸게잘 샀아요 제가 키가 작은 편인데도 짧아서 엉덩이 다 보일걱 같아요 레이어드 용으로 입어야겠어요
키 156인데 길이가 안 길어서 좋아요 너무 퍼지지도 않고 밴딩도 편하고 디자인이 너무 예뻐요,5.0,키 인데 길이가 안 길어서 좋아요 너무 퍼지지도 않고 밴딩도 편하고 디자인이 너무 예뻐요
생각보다 더 짧아서 팬츠랑 레이어드해서 입어요 ㅎㅎ 실물이 더 귀엽고 뽀짝해요,5.0,생각보다 더 짧아서 팬츠랑 레이어드해서 입어요 실물이 더 귀엽고 뽀짝해요
같이 산 시눈 블라우스랑 입었는데 찰떡이네요 추천,5.0,같이 산 시눈 블라우스랑 입었는데 찰떡이네요 추천
요즘 유행하는 레이스 스커트 다 좋고 예쁜데 길이가 너무 짧아서 아쉬워요 안에 바지 내장이라 그래도 다행,5.0,요즘 유행하는 레이스 스커트 다 좋고 예쁜데 길이가 너무 짧아서 아쉬워요 안에 바지 내장이라 그래도 다행
"길이가 상당히 짧아요
전 키가작아서 괜춘해요
키크신분들은 비추입니다
블랙 화이트
둘다 구입했어요
리본이 포인트라
크롭 반팔에 어울릴듯",5.0,길이가 상당히 짧아요 전 키가작아서 괜춘해요 키크신분들은 비추입니다 블랙 화이트 둘다 구입했어요 리본이 포인트라 크롭 반팔에 어울릴듯
모델분 입으신 것처럼 상의를 그냥 무난한 티셔츠로 입어도 이 치마가 캐리해주는 것 같아요 너무 튀지 않으면서도 꾸민느낌이라 좋습니당,5.0,모델분 입으신 것처럼 상의를 그냥 무난한 티셔츠로 입어도 이 치마가 캐리해주는 것 같아요 너무 튀지 않으면서도 꾸민느낌이라 좋습니당
세탁 처음에 하고 나서 밴드가 말려서 아무리 해봐도 펴지지도 않고 입으면 안그래도 짧았던 치마가 밴드 말린 것때문에 엉덩이가 보일 정도가 됐어요 진짜 절대 사지 마세요 보세에서도 이정도 퀄 나오기 힘든데 생돈 날렸네요,1.0,세탁 처음에 하고 나서 밴드가 말려서 아무리 해봐도 펴지지도 않고 입으면 안그래도 짧았던 치마가 밴드 말린 것때문에 엉덩이가 보일 정도가 됐어요 진짜 절대 사지 마세요 보세에서도 이정도 퀄 나오기 힘든데 생돈 날렸네요
세일할때 싸게 잘 샀어요. 리본이 귀엽고 이뻐요. 키작녀한테 어울려요,5.0,세일할때 싸게 잘 샀어요 리본이 귀엽고 이뻐요 키작녀한테 어울려요
"아니이거 너무이쁨요 이런 스타일 안좋아하는데 헉 함..
그치만 뼈말라나 진짜 마른사람이 입으면 핵이쁠것같음요,, 
이가격에 안살이유없어요 167에 별로안짧음",5.0,아니이거 너무이쁨요 이런 스타일 안좋아하는데 헉 함 그치만 뼈말라나 진짜 마른사람이 입으면 핵이쁠것같음요 이가격에 안살이유없어요 에 별로안짧음
원래 제가 입으려고 샀는데 키168이라서 너무 짧아서 148cm 딸 입혔네요. 근데 아이돌 같고 너무 이뻐요. 딸이 마음에 들어합니다. 키 148cm한테도 치마 길이는 많이 짧고요 안에 속바지가 붙어있는 스타일이지만 그것도 벙벙해서 그래도 없는것보단 낫네요. 암튼 이쁜건 넘넘 이뻐요!!,4.0,원래 제가 입으려고 샀는데 키이라서 너무 짧아서 cm 딸 입혔네요 근데 아이돌 같고 너무 이뻐요 딸이 마음에 들어합니다 키 cm한테도 치마 길이는 많이 짧고요 안에 속바지가 붙어있는 스타일이지만 그것도 벙벙해서 그래도 없는것보단 낫네요 암튼 이쁜건 넘넘 이뻐요
리본이 조그맣고 기엽고 주름이나 레이스가 과하지 않아서 입을맛이나요,5.0,리본이 조그맣고 기엽고 주름이나 레이스가 과하지 않아서 입을맛이나요
생각보다 짧은데 속바지가 있어서 괜찮았어요. 너무 유치할까 걱정했는데 리본이 엄청 튀지는 않는거 같아요.,5.0,생각보다 짧은데 속바지가 있어서 괜찮았어요 너무 유치할까 걱정했는데 리본이 엄청 튀지는 않는거 같아요
"기다린 만큼 정말 마음에 드는 옷이에요.
안쪽이 바지로 되어 있어 편하기도 합니다.
면도 빳빳해서 옷 모양이 틀어지지 않아 좋습니다!",5.0,기다린 만큼 정말 마음에 드는 옷이에요 안쪽이 바지로 되어 있어 편하기도 합니다 면도 빳빳해서 옷 모양이 틀어지지 않아 좋습니다
"이 코디 그대로 사세요
진짜 속바지 붙어있어서 편하고 완전 잘입었어요
디테일이 뽀짝뽀짝 진짜 귀여워요",5.0,이 코디 그대로 사세요 진짜 속바지 붙어있어서 편하고 완전 잘입었어요 디테일이 뽀짝뽀짝 진짜 귀여워요
착용감이 좋고 편해요. 좀만 작았으면 좋을텐데 그래도 핏이 괜찮아요! 원래 밴딩 있는 하의 안 좋아하는데 이건 왠지 맘에 듭니다,5.0,착용감이 좋고 편해요 좀만 작았으면 좋을텐데 그래도 핏이 괜찮아요 원래 밴딩 있는 하의 안 좋아하는데 이건 왠지 맘에 듭니다
허리 고무줄이 좀 단단한 편이긴 했으나 전반적인 사이즈나 소재핏 다 괜찮았던 것 같습니다. 특히 가격이 괜찮아서 여름 한철 입기 좋아요. 다만 주문하고 배송이 좀 느려서 못 입나 했는데 그래도 아슬아슬하게 와서 다행이었어요. 큰 티셔츠랑 같이 입어도 괜찮고 슬리브리스랑 입어도 괜찮습니다,4.0,허리 고무줄이 좀 단단한 편이긴 했으나 전반적인 사이즈나 소재핏 다 괜찮았던 것 같습니다 특히 가격이 괜찮아서 여름 한철 입기 좋아요 다만 주문하고 배송이 좀 느려서 못 입나 했는데 그래도 아슬아슬하게 와서 다행이었어요 큰 티셔츠랑 같이 입어도 괜찮고 슬리브리스랑 입어도 괜찮습니다
세일할 때 싸게 구매했는데 디자인이나 디테일이 너무 예쁘고 깔끔해요! 속바지가 있어서 안심되긴 하는데 그래도 길이가 신경쓰일만큼 짧긴 합니다 ㅜㅜ 바람에 잘 날려요~,5.0,세일할 때 싸게 구매했는데 디자인이나 디테일이 너무 예쁘고 깔끔해요 속바지가 있어서 안심되긴 하는데 그래도 길이가 신경쓰일만큼 짧긴 합니다 바람에 잘 날려요
너무 사랑스럽고 러블리해요 너무 귀엽고 세트로 잘사서 좋아요,5.0,너무 사랑스럽고 러블리해요 너무 귀엽고 세트로 잘사서 좋아요
"원단도 탄탄하고 저렴해 보이지도 않고
아주 예쁘고 맘에 듭니다.
작은 리본 디테일도 들어가있어요.! 추천",5.0,원단도 탄탄하고 저렴해 보이지도 않고 아주 예쁘고 맘에 듭니다 작은 리본 디테일도 들어가있어요 추천
너무너무 이쁘고 핏도 딱 원하는 핏이여서 너무 이뻐요~,4.0,너무너무 이쁘고 핏도 딱 원하는 핏이여서 너무 이뻐요
"5월 15일에 주문해서 21일 도착했어요 무신사톡으로는 6월에 도착한다했는데 생각보다 빨리 도착했던...
길이가 많이 짧아서 로우웨스트로 입는건가 했는데 하이웨스트로 올려입어야 속바지 밑위가 맞네요 내려입을려니 밴딩이 짱짱해서 잘 안되는... 진짜 엉덩이까지만 가려지는 길이라 딱붙는치마였음 못입었을텐데 품이 엄청 넓다보니 숙이지않는이상 보이진 않습니다
유행템이라 저렴한 걸루 사봤는데 기엽구 괜찮은듯...! 덜부담스럽게 검은색으로 할걸 그랬나 싶긴 하네여",5.0,월 일에 주문해서 일 도착했어요 무신사톡으로는 월에 도착한다했는데 생각보다 빨리 도착했던 길이가 많이 짧아서 로우웨스트로 입는건가 했는데 하이웨스트로 올려입어야 속바지 밑위가 맞네요 내려입을려니 밴딩이 짱짱해서 잘 안되는 진짜 엉덩이까지만 가려지는 길이라 딱붙는치마였음 못입었을텐데 품이 엄청 넓다보니 숙이지않는이상 보이진 않습니다 유행템이라 저렴한 걸루 사봤는데 기엽구 괜찮은듯 덜부담스럽게 검은색으로 할걸 그랬나 싶긴 하네여
5월 15일에 주문해서 21일 도착했어요 무신사톡으로 막 6월에 도착한다했는데 생각보다 빨리 도착했던... 옷은 넘 기엽네요,5.0,월 일에 주문해서 일 도착했어요 무신사톡으로 막 월에 도착한다했는데 생각보다 빨리 도착했던 옷은 넘 기엽네요
"어디에나 잘어울리는 찰떡 스커트에요🫶
안에 바지도 있어서 편하게 입을 수 있고
어느 룩에 매치해도 스타일리쉬하게
소화할 수 있는 스커트라 휘뚜루마뚜루 잘 입고 있답니다",5.0,어디에나 잘어울리는 찰떡 스커트에요 안에 바지도 있어서 편하게 입을 수 있고 어느 룩에 매치해도 스타일리쉬하게 소화할 수 있는 스커트라 휘뚜루마뚜루 잘 입고 있답니다
디테일 이쁘고 가성비 좋아요~! 생각보다 퍼져서 짧아요! 속바지 있어도 입어야 할 거 같아요!,5.0,디테일 이쁘고 가성비 좋아요 생각보다 퍼져서 짧아요 속바지 있어도 입어야 할 거 같아요
치마처럼 생겼는데 바지라서 너무 편하고 좋아요~!,5.0,치마처럼 생겼는데 바지라서 너무 편하고 좋아요
172 기준 넘 짧지도 않고 좋은 것 같아요! 적당히 퐁실?한 디자인이라 부담없이 입을 수 있을 것 같아요 ㅎㅎ,5.0,기준 넘 짧지도 않고 좋은 것 같아요 적당히 퐁실한 디자인이라 부담없이 입을 수 있을 것 같아요
치마가 좀 빳빳해요 이런 레이스 스커트는 좀 차르르한 핏으로 입어야 이쁜데 넘 뻣뻣해서 좀 입다보면 더 이뻐질 듯 하네여,5.0,치마가 좀 빳빳해요 이런 레이스 스커트는 좀 차르르한 핏으로 입어야 이쁜데 넘 뻣뻣해서 좀 입다보면 더 이뻐질 듯 하네여
진짜 티셔츠이 휘뚜루마뚜루 너무 잘 입고다니는 스커트 저렴하기 잘 삿어용,5.0,진짜 티셔츠이 휘뚜루마뚜루 너무 잘 입고다니는 스커트 저렴하기 잘 삿어용
"귀야워요 166 48
생각보다 길고 큽니다 그래도 기엽어요 ㅎㅎ
여름에 손자주갈듯",5.0,귀야워요 생각보다 길고 큽니다 그래도 기엽어요 여름에 손자주갈듯
진짜 너무너무 맘에 들어요 짧다는 후기가 많은데 160초반대까지는 괜찮을 것 같아요 세일해서 가격도 합리적이고 최고입니다,5.0,진짜 너무너무 맘에 들어요 짧다는 후기가 많은데 초반대까지는 괜찮을 것 같아요 세일해서 가격도 합리적이고 최고입니다
할인해서 싸게 잘삿어요 바지가 있어서 편하게 입을수잇어요,5.0,할인해서 싸게 잘삿어요 바지가 있어서 편하게 입을수잇어요
"너무 이뻐 완전 만족
블랙도 구매합니다
속바지 있어서 좋고 길이도 귀엽게 짧아요",5.0,너무 이뻐 완전 만족 블랙도 구매합니다 속바지 있어서 좋고 길이도 귀엽게 짧아요
리본 스커트가 갖고싶어서 샀는데 편하고 이뻐요 가격도 괜찮아요,5.0,리본 스커트가 갖고싶어서 샀는데 편하고 이뻐요 가격도 괜찮아요
살을 좀.. 빼고 입어야할듯 너무 하얗고 소녀스러워서^_^,3.0,살을 좀 빼고 입어야할듯 너무 하얗고 소녀스러워서
귀여워요!아직 매치하기 좋은 티는 못찾았는데 치마자체는 귀엽습니다 속바지도 있어요,5.0,귀여워요아직 매치하기 좋은 티는 못찾았는데 치마자체는 귀엽습니다 속바지도 있어요
"모델샷( H느낌) 과 달리 착용하면 부해집니다(완전A).
리본달려서 귀엽고 품질 좋지만 어떻게 코디해야할지 저에겐 어려워서 한번도 못입었습니다. 사진찍거나 코디 잘하신다면 강추!",5.0,모델샷 H느낌 과 달리 착용하면 부해집니다완전A 리본달려서 귀엽고 품질 좋지만 어떻게 코디해야할지 저에겐 어려워서 한번도 못입었습니다 사진찍거나 코디 잘하신다면 강추
"이 신박한 디자인은 뭐죠. 
잠시 나이를 망각하고 홀리듯 결제해서 받아보니 대만족이네요.
아줌마지만 열심히 입고다닐게유!",5.0,이 신박한 디자인은 뭐죠 잠시 나이를 망각하고 홀리듯 결제해서 받아보니 대만족이네요 아줌마지만 열심히 입고다닐게유
발레코어 스타일로 입어도 이쁘고 오버핏 티에 입어줘도 러블리해요,3.0,발레코어 스타일로 입어도 이쁘고 오버핏 티에 입어줘도 러블리해요
이뻐요너무맘에들어요 팟이며디자인이면 흠잡을곳이없네요,5.0,이뻐요너무맘에들어요 팟이며디자인이면 흠잡을곳이없네요
"키가
작은편인데 길이가 딱 이쁘고 속바지가 내장되어 좋습니다",4.0,키가 작은편인데 길이가 딱 이쁘고 속바지가 내장되어 좋습니다
새하얀 색 치마입니다. 안에 속바지가 있는데 얇고 내의 비침이 살짝 있어 그건 감안하셔야 합니다. 바람이 강하게 불면 잘 들리니 바람 많이 부는 날에는 입지 않는 게 좋겠네요. 디자인은 사진 그대로이고 예쁩니다.,4.0,새하얀 색 치마입니다 안에 속바지가 있는데 얇고 내의 비침이 살짝 있어 그건 감안하셔야 합니다 바람이 강하게 불면 잘 들리니 바람 많이 부는 날에는 입지 않는 게 좋겠네요 디자인은 사진 그대로이고 예쁩니다
화이트 스커트를 찾다가 가격도 좋고 귀여워서 샀습니다! 진짜 너무 귀여워요ㅋ,5.0,화이트 스커트를 찾다가 가격도 좋고 귀여워서 샀습니다 진짜 너무 귀여워요
가성비가 정말 좋고 예쁩니다. 제 키에는 조금 사이즈가 큰 감이 있습니다.,4.0,가성비가 정말 좋고 예쁩니다 제 키에는 조금 사이즈가 큰 감이 있습니다
생각보더 풍성하고 커서 먀치해서 입기 살짝 애매할수도 있지만 가격 대비 질도 좋고 만족스럽습니다.,4.0,생각보더 풍성하고 커서 먀치해서 입기 살짝 애매할수도 있지만 가격 대비 질도 좋고 만족스럽습니다
"기장이 짧을까봐 걱정했는데 괜찮아요.
다만 세탁후 밴드 부분이 꼬인다는 후기가 있어서 그건 추후 확인해 봐얄거 같아요.
재질이나 디자인은 맘에 들어요.",5.0,기장이 짧을까봐 걱정했는데 괜찮아요 다만 세탁후 밴드 부분이 꼬인다는 후기가 있어서 그건 추후 확인해 봐얄거 같아요 재질이나 디자인은 맘에 들어요
짧아여 짧구여 근데 귀여운데 스타일링 어려움. 짧은 티에 입으면 부담스럽고 긴티에 입으면 부해보이는 매직. 내가 여리퀸이다~ 추천합니다,5.0,짧아여 짧구여 근데 귀여운데 스타일링 어려움 짧은 티에 입으면 부담스럽고 긴티에 입으면 부해보이는 매직 내가 여리퀸이다 추천합니다
옷이 귀염뽀짝하고 예뻐요 키 작아서 기장 걱정은 안했는데 엉덩이에 살집이 있거나 키가 크으신 분들은 속바지가 있긴 하지만 그래도 조심하셔야겠어요 입으면 옆으로 퍼지는데 앞쪽으로 정리 해주면 A라인으로 퍼지는게 덜해져요 굿굿,5.0,옷이 귀염뽀짝하고 예뻐요 키 작아서 기장 걱정은 안했는데 엉덩이에 살집이 있거나 키가 크으신 분들은 속바지가 있긴 하지만 그래도 조심하셔야겠어요 입으면 옆으로 퍼지는데 앞쪽으로 정리 해주면 A라인으로 퍼지는게 덜해져요 굿굿
"가격대비 좋습니다. 디자인, 색감이 사진과 비슷하고 소재도 탄탄한 편입니다.",4.0,가격대비 좋습니다 디자인 색감이 사진과 비슷하고 소재도 탄탄한 편입니다
가격대비 만족합니다. 디자인과 색감이 사진과 비슷하고 가격대비 소재도 나쁘지 않은 것 같아요. 핏은 좀 애매한데 전반적으로 만족합니다.,4.0,가격대비 만족합니다 디자인과 색감이 사진과 비슷하고 가격대비 소재도 나쁘지 않은 것 같아요 핏은 좀 애매한데 전반적으로 만족합니다
기장이 너무 짧지않고 적당해서 좋았어요 속에 속바지 있는거도 좋아요,5.0,기장이 너무 짧지않고 적당해서 좋았어요 속에 속바지 있는거도 좋아요
생각보다 펄럭거려서 좀 유치하긴 하지만 마음에 들어요,5.0,생각보다 펄럭거려서 좀 유치하긴 하지만 마음에 들어요
"리본 포인트가 귀여운 스커트예요
옷감이 두껍지 않아서 한여름에도 잘 입고 다닐 수 있어요
속바지가 있어서 편하게 입을 수 있어요
흰색이라 상의는 어디에도 잘 어울리네요~~",5.0,리본 포인트가 귀여운 스커트예요 옷감이 두껍지 않아서 한여름에도 잘 입고 다닐 수 있어요 속바지가 있어서 편하게 입을 수 있어요 흰색이라 상의는 어디에도 잘 어울리네요
제 키에는 길이가 너무 짧지 않고 딱 좋아요! 면도 탄탄하고 안에 속바지도 있어서 편하게 입을 수 있어요. 귀여워서 만족합니다!,5.0,제 키에는 길이가 너무 짧지 않고 딱 좋아요 면도 탄탄하고 안에 속바지도 있어서 편하게 입을 수 있어요 귀여워서 만족합니다
제 키에 딱 맞아요 속바지가 있어서 편하지만 마르신분들은 안에 하나 더 입는게 좋을 거 같아요 허리 고무줄 좀 짱짱한 편이고 재질이 식탁보 같아서 뻣뻣한 감이 좀 있지만 귀여워요,5.0,제 키에 딱 맞아요 속바지가 있어서 편하지만 마르신분들은 안에 하나 더 입는게 좋을 거 같아요 허리 고무줄 좀 짱짱한 편이고 재질이 식탁보 같아서 뻣뻣한 감이 좀 있지만 귀여워요
"제 키에 짧을 거 같았는데 속바지도 여유있고 치마 옆 폭이 넓어서 괜찮았어요 밑위가 긴편은 아니라 하이웨스트로 확 올려입긴 어려워요 허리 고무줄이 좀 짱짱한 편이에요
식탁보처럼 뻣뻣한데 마냥 얇은건 아니라 바람에는 덜 날릴거라 믿어요",5.0,제 키에 짧을 거 같았는데 속바지도 여유있고 치마 옆 폭이 넓어서 괜찮았어요 밑위가 긴편은 아니라 하이웨스트로 확 올려입긴 어려워요 허리 고무줄이 좀 짱짱한 편이에요 식탁보처럼 뻣뻣한데 마냥 얇은건 아니라 바람에는 덜 날릴거라 믿어요
길이도 너무 짧지않고 너무 부담스럽지않은 디자인이라 좋아요!!  안에 속바지도 있어서 너무 편합니당,5.0,길이도 너무 짧지않고 너무 부담스럽지않은 디자인이라 좋아요 안에 속바지도 있어서 너무 편합니당
이런 치마 처음 사봤는데 아주 만족합니당 이 가격에 이 퀄리티면 남는게 있으신가요??? 입문으로 입기 좋은 치마에용 핏도 이쁘고 굿굿,5.0,이런 치마 처음 사봤는데 아주 만족합니당 이 가격에 이 퀄리티면 남는게 있으신가요 입문으로 입기 좋은 치마에용 핏도 이쁘고 굿굿
이 가격에 이 정도 퀄리티면 너무 좋은거 아닌가요? 인터넷 쇼핑몰 보세 옷 보다 훨씬 잘 산거 같아요 !! 치마 바지라서 너무 편하고 좋습니당,5.0,이 가격에 이 정도 퀄리티면 너무 좋은거 아닌가요 인터넷 쇼핑몰 보세 옷 보다 훨씬 잘 산거 같아요 치마 바지라서 너무 편하고 좋습니당
"아이랑같이입어요
55까지 추천합니다 
가볍고 편해요",5.0,아이랑같이입어요 까지 추천합니다 가볍고 편해요
흰색 하의를 구매하싶어서 샀는데 저렴하게 잘 샀어요,5.0,흰색 하의를 구매하싶어서 샀는데 저렴하게 잘 샀어요
"55정사이즈 편해요 
세탁후변형없어요
가벼워요",5.0,정사이즈 편해요 세탁후변형없어요 가벼워요
치마인데도 캐쥬얼한 느낌이라 휘뚜루 마뚜루 가넝,5.0,치마인데도 캐쥬얼한 느낌이라 휘뚜루 마뚜루 가넝
되게 저렴하게 샀는데 질도 나쁘지 않고 좋아요 일단 속바지가 있어서 편하게 입을 수 있어서 좋음 물론 튼튼한 속바지는 아님,5.0,되게 저렴하게 샀는데 질도 나쁘지 않고 좋아요 일단 속바지가 있어서 편하게 입을 수 있어서 좋음 물론 튼튼한 속바지는 아님
"우선 배송이 너무빨라깜놀

밴딩으로되어잇어 편하게입을수있고 
반바지가 같이 있어 짧응 치마같지만 편하게 스타일링할수있어 너무 좋았어요 

살짝 구김이 많이가는 타입이라 
세탁후 바로 구겨지지않게 보관해주면 좋아요",5.0,우선 배송이 너무빨라깜놀 밴딩으로되어잇어 편하게입을수있고 반바지가 같이 있어 짧응 치마같지만 편하게 스타일링할수있어 너무 좋았어요 살짝 구김이 많이가는 타입이라 세탁후 바로 구겨지지않게 보관해주면 좋아요
핵귀여움~~~ 검정색 살까 고밍했는데 둘다 사도 됐을거같음~~ 어디 입어도 귀엽게 잘어울림~ 리본 하나도 안과함~,5.0,핵귀여움 검정색 살까 고밍했는데 둘다 사도 됐을거같음 어디 입어도 귀엽게 잘어울림 리본 하나도 안과함
완전 쏘 큐티ㅠㅠ 진짜 이거 너무 귀여워요ㅠㅠ 너무 과하게 프릴있는것도 아니라서 위에 넉넉한 티랑 입으면 무난하게 잘 어룰림~,5.0,완전 쏘 큐티 진짜 이거 너무 귀여워요 너무 과하게 프릴있는것도 아니라서 위에 넉넉한 티랑 입으면 무난하게 잘 어룰림
"너무예쁘요,배송도 바르고.다음에도여기서 구매하겠습니다.",4.0,너무예쁘요배송도 바르고다음에도여기서 구매하겠습니다
"박스티에 같이 입었는데 귀여운거 같아요
레이스도 촘촘하고 치마바지 형식이긴한데 안에 바지길이는 엄청 짧음, 165 기준 적당한 길이!",5.0,박스티에 같이 입었는데 귀여운거 같아요 레이스도 촘촘하고 치마바지 형식이긴한데 안에 바지길이는 엄청 짧음 기준 적당한 길이
"기장이 짧을까봐 걱정했는데 괜찮아요. 
다만 세탁후 밴드 부분이 꼬인다는 후기가 있어서 그건 추후 확인해 봐얄거 같아요. 
재질이나 디자인은 맘에 들어요.",5.0,기장이 짧을까봐 걱정했는데 괜찮아요 다만 세탁후 밴드 부분이 꼬인다는 후기가 있어서 그건 추후 확인해 봐얄거 같아요 재질이나 디자인은 맘에 들어요
여행갈 때 입으려고 했다가 배송이 미뤄진대서 취소하고 다시 주문했어요! 받아보니 괜히 취소 한 것 같아요🥹 허리는 밴딩이라 너무 편하고 요즘 유행인 리본도 귀엽게 달려있어요! 핏도 이쁘구요 길이가 좀 짧다는 후기가 있지만 살짝 내려입으면 될 것 같고 많이 짧지 않아요!! 레이스 스커트 유행인 거 같던데 이쁘게 입어볼게요ㅎㅎ,5.0,여행갈 때 입으려고 했다가 배송이 미뤄진대서 취소하고 다시 주문했어요 받아보니 괜히 취소 한 것 같아요 허리는 밴딩이라 너무 편하고 요즘 유행인 리본도 귀엽게 달려있어요 핏도 이쁘구요 길이가 좀 짧다는 후기가 있지만 살짝 내려입으면 될 것 같고 많이 짧지 않아요 레이스 스커트 유행인 거 같던데 이쁘게 입어볼게요
"막 입어도 예뻐요 그리고 편해요
리본도 너무 귀여워요",5.0,막 입어도 예뻐요 그리고 편해요 리본도 너무 귀여워요
"너무 예뻐요 맘에 들어요
시원해서 여름에 반팔이랑 입기 좋습니당
좀 잘 구겨지긴 해요",5.0,너무 예뻐요 맘에 들어요 시원해서 여름에 반팔이랑 입기 좋습니당 좀 잘 구겨지긴 해요
이쁘고 공주공주해요 좀 부담스럽긴한데 다들 이뿌다고 해요 ㅋㅋ 더 캐주얼 하게 입으면 오히려 덜 부담스럽지않을까합니다,5.0,이쁘고 공주공주해요 좀 부담스럽긴한데 다들 이뿌다고 해요 더 캐주얼 하게 입으면 오히려 덜 부담스럽지않을까합니다
귀엽고 재질도 탄탄하고 부드러운 편입니다. 가격대비 만족해요,5.0,귀엽고 재질도 탄탄하고 부드러운 편입니다 가격대비 만족해요
"진짜 예뻐요!!
많이 짧은데 팬츠가 내장되어 있어서
너무 편하게 입을 수 있어서 좋았습니다!",5.0,진짜 예뻐요 많이 짧은데 팬츠가 내장되어 있어서 너무 편하게 입을 수 있어서 좋았습니다
너무임버요 여친사둿는데최고네요 ㅎㅎ 감사합니다,5.0,너무임버요 여친사둿는데최고네요 감사합니다
엄청 짧아서 치마로 입기에 많은 용기가 필요함 옷입니다,5.0,엄청 짧아서 치마로 입기에 많은 용기가 필요함 옷입니다
"짧긴 하지만 속바지도 있고
귀엽게 잘 입었습니당",5.0,짧긴 하지만 속바지도 있고 귀엽게 잘 입었습니당
저한테 짧으려나 했는데 하나도 안짧고 핏도 예뻐요 골반 넓어서 이런거 자칫 하면 안어울리는데 넘 맘에들어요,5.0,저한테 짧으려나 했는데 하나도 안짧고 핏도 예뻐요 골반 넓어서 이런거 자칫 하면 안어울리는데 넘 맘에들어요
잘받았어요 화면하고 같아요 괜찮아요 가격도 착하고 상품도 마음에 들어요 많이파세요,5.0,잘받았어요 화면하고 같아요 괜찮아요 가격도 착하고 상품도 마음에 들어요 많이파세요
"사기전부터 기대가 컸던 치마인데
진짜 너무 너무 예뻐요 고민한게 후회돼요!!
넘 귀엽고 예쁘고 다 해요~!",5.0,사기전부터 기대가 컸던 치마인데 진짜 너무 너무 예뻐요 고민한게 후회돼요 넘 귀엽고 예쁘고 다 해요
생각보다 재질이 얇아서 좀 허접해보여요 속치마느낌이에요,4.0,생각보다 재질이 얇아서 좀 허접해보여요 속치마느낌이에요
이뻐여 너무 마음에 들어요 착용감도 좋고 만족해요 굿굿,5.0,이뻐여 너무 마음에 들어요 착용감도 좋고 만족해요 굿굿
완전 이쁘고 속바지 일체형라 좋아요! 쳐지지 않고 약간 딱 형태가 잡혀있는 소재라 오히려 전 더 좋았어요,5.0,완전 이쁘고 속바지 일체형라 좋아요 쳐지지 않고 약간 딱 형태가 잡혀있는 소재라 오히려 전 더 좋았어요
치마에 리본이 너무 많아서 저는 몇개는 좀 제거했습니다 전체적으로 핏이나 색감 퀄리티는 좋아요 반바지 안에있어서 비침이나 속바지 걱정도 없습니다!,5.0,치마에 리본이 너무 많아서 저는 몇개는 좀 제거했습니다 전체적으로 핏이나 색감 퀄리티는 좋아요 반바지 안에있어서 비침이나 속바지 걱정도 없습니다
퀄리티도 좋고 발레코어룩으로 입기 좋은 것 같아요 여기저기에 받쳐입기 좋을 것 같아요 길이는 좀 짧아요,5.0,퀄리티도 좋고 발레코어룩으로 입기 좋은 것 같아요 여기저기에 받쳐입기 좋을 것 같아요 길이는 좀 짧아요
키가 작은 편인데 저한테도 짧아요 발레코어로 레이어드 하기 좋은 것 같아요,5.0,키가 작은 편인데 저한테도 짧아요 발레코어로 레이어드 하기 좋은 것 같아요
길이도 적당하고 예뻐요 ㅎㅎ 속바지 통이 커서 딱 붙는 속바지 따로 챙겨입어줘야 할 거 같아요,4.0,길이도 적당하고 예뻐요 속바지 통이 커서 딱 붙는 속바지 따로 챙겨입어줘야 할 거 같아요
귀여워요 안에 속바지도 있어서 짧아도 괜찮네요.,5.0,귀여워요 안에 속바지도 있어서 짧아도 괜찮네요
"올여름 아주
잘 입고댜닐것같아요
스커트 예쁨주의 추천!",5.0,올여름 아주 잘 입고댜닐것같아요 스커트 예쁨주의 추천
넘 귀여워용 안에 바지 달려있어서 편하고 좋아용,5.0,넘 귀여워용 안에 바지 달려있어서 편하고 좋아용
치마가 너무 짧지도 않고 속바지도 있어서 편하게 입을 수 있어요,5.0,치마가 너무 짧지도 않고 속바지도 있어서 편하게 입을 수 있어요
"아직까지 실착하고 나가본 적은 없는데, 예뻐서 샀어요. 여기저기에 잘 어울리는 치마바지에요.",5.0,아직까지 실착하고 나가본 적은 없는데 예뻐서 샀어요 여기저기에 잘 어울리는 치마바지에요
"너어무 예뻐요 
귀여워서 자쥬
입게 되네요 넘 좋아요!!",5.0,너어무 예뻐요 귀여워서 자쥬 입게 되네요 넘 좋아요
예쁜데 생각보다 커서 모델이 입은것처럼 짧지 않고 통이 커여!!,4.0,예쁜데 생각보다 커서 모델이 입은것처럼 짧지 않고 통이 커여
할인할때 저렴하게 잘샀어요. 고무줄이라 편하고 예뻐요,5.0,할인할때 저렴하게 잘샀어요 고무줄이라 편하고 예뻐요
리본 디테일이 러블리함을 더해주네요. 너무 예뻐요,5.0,리본 디테일이 러블리함을 더해주네요 너무 예뻐요
실제로 보니까 더 이쁘네요! 리본이 많이 튈까봐 걱정했는데 생각보다 튀진 않고 러블리하게 예뻐요 ㅎ.ㅎ,5.0,실제로 보니까 더 이쁘네요 리본이 많이 튈까봐 걱정했는데 생각보다 튀진 않고 러블리하게 예뻐요
저한테 잘 안어울려서 친구줬는데 역시 마른친구가 압으니 너무 이쁘네요 ㅎㅎ,5.0,저한테 잘 안어울려서 친구줬는데 역시 마른친구가 압으니 너무 이쁘네요
너무 귀여운 디자인 입니다 사이즈가 살짝 크기는 한데 그래도 아주 큰거는 아니라서 괜찮아요 안에 속바지가 같이 있어서 활동성이 좋아요 굿굿,5.0,너무 귀여운 디자인 입니다 사이즈가 살짝 크기는 한데 그래도 아주 큰거는 아니라서 괜찮아요 안에 속바지가 같이 있어서 활동성이 좋아요 굿굿
안에 바지가 있어 너무 편하고 얇고 시원한 재질이라 덥고 습한 여름에 딱이에요! 중간중간 포인트 리본도 너무 귀엽고 흰색이라 여기저기 입기도 좋아요,5.0,안에 바지가 있어 너무 편하고 얇고 시원한 재질이라 덥고 습한 여름에 딱이에요 중간중간 포인트 리본도 너무 귀엽고 흰색이라 여기저기 입기도 좋아요
주문폭주로 한참 기다려서 받았지만 넘넘 맘에 들어요!,5.0,주문폭주로 한참 기다려서 받았지만 넘넘 맘에 들어요
배송도 빠르고 휘뚜루 마뚜루 잘 입을수있을거 같아요 ! :),5.0,배송도 빠르고 휘뚜루 마뚜루 잘 입을수있을거 같아요
너뮤예쁘고 말릴때 절먼 말려듀면 구겨지지도않고 넘 이뽀용,5.0,너뮤예쁘고 말릴때 절먼 말려듀면 구겨지지도않고 넘 이뽀용
너무마음에들어요 재질너무좋고요 사이즈는정사이즈입니다,5.0,너무마음에들어요 재질너무좋고요 사이즈는정사이즈입니다
ㅋㅋㄱ어떻게코디해야할지 아직 모르겠지만 위에 스포티한거 입고입어볼려국요 귀여워요,4.0,어떻게코디해야할지 아직 모르겠지만 위에 스포티한거 입고입어볼려국요 귀여워요
넘 귀엽고 앙증맞고 무지 예뻐요 . 좀 작아서 살을 빼서 열심히 입고 다닐께요.,3.0,넘 귀엽고 앙증맞고 무지 예뻐요 좀 작아서 살을 빼서 열심히 입고 다닐께요
ㅎㅎ 생각보다 커서 좀 놀랐어용! 그리고 좀 예민하신 분들은 안에 속바지를 따로 입으셔야 맘 놓이실것 같아요 ㅎㅎ,4.0,생각보다 커서 좀 놀랐어용 그리고 좀 예민하신 분들은 안에 속바지를 따로 입으셔야 맘 놓이실것 같아요
"위에 흰색이 들어가는 상의나 밝은 색 상의 입으면 잘 어울릴 것 같아용 추천해요!
요즘 유행하는 스타일이고 여름에 입으면 너무 좋을 것 같아서구매햇어영 무게는 엄청 가벼워서 여름에 덥지않게 잘 입을 듯요",5.0,위에 흰색이 들어가는 상의나 밝은 색 상의 입으면 잘 어울릴 것 같아용 추천해요 요즘 유행하는 스타일이고 여름에 입으면 너무 좋을 것 같아서구매햇어영 무게는 엄청 가벼워서 여름에 덥지않게 잘 입을 듯요
"굿굿이에요!! 생각햇던것보다 여리여리한 느낌은 아니지만 그래도 만족합니당!! 위에 딱맞는 니트나 티셔츠 입으면 너무 잘어울릴 것 같아용 ㅎㅎ
배송이 빨라서 좋앗어용",5.0,굿굿이에요 생각햇던것보다 여리여리한 느낌은 아니지만 그래도 만족합니당 위에 딱맞는 니트나 티셔츠 입으면 너무 잘어울릴 것 같아용 배송이 빨라서 좋앗어용
생각보다 코디하기 어려움. 그럼 새로운 티를 사야겠군용,5.0,생각보다 코디하기 어려움 그럼 새로운 티를 사야겠군용
배송 날짜보다 빠르게 도착해서 좋았어요 가격대비 퀄리티 괜찮아서 예쁘게 입었습니다!,5.0,배송 날짜보다 빠르게 도착해서 좋았어요 가격대비 퀄리티 괜찮아서 예쁘게 입었습니다
이뻐요 안에 속바지 있어서 편하고 공주스타일이라 더욱 맘에 들어요 핑크색이랑 코디하면 찰떡이에요,5.0,이뻐요 안에 속바지 있어서 편하고 공주스타일이라 더욱 맘에 들어요 핑크색이랑 코디하면 찰떡이에요
"초5 이쁘게 딱맞아요
성인55까지 추천합니다",5.0,초 이쁘게 딱맞아요 성인까지 추천합니다
"기장은 꽤 짧은 편이라 로우라이즈로 입어야 안정감 있게
착용할 수 있을 듯 해요.
키가 작은지라 로우라이즈로 착용하게 되면
다리가 짧아보여서 상의는 루즈한 걸 입어야 할 것 같아요.
속바지가 있긴 하지만 생각보다 불안정? 해서
차라리 기존에 달려있는 속바지 떼고 따로 입고 싶네요 ㅎㅎ
상품 품질은 가격대비 꽤 괜찮은 것 같아요.
세일해서 더 저렴하게 구입했기 때문에 만족합니다.",5.0,기장은 꽤 짧은 편이라 로우라이즈로 입어야 안정감 있게 착용할 수 있을 듯 해요 키가 작은지라 로우라이즈로 착용하게 되면 다리가 짧아보여서 상의는 루즈한 걸 입어야 할 것 같아요 속바지가 있긴 하지만 생각보다 불안정 해서 차라리 기존에 달려있는 속바지 떼고 따로 입고 싶네요 상품 품질은 가격대비 꽤 괜찮은 것 같아요 세일해서 더 저렴하게 구입했기 때문에 만족합니다
음 살이 좀 더 찌면 허리가 조여져서 힘들것 같긴 합니다만 뭐 뺄 수 있겠죠,5.0,음 살이 좀 더 찌면 허리가 조여져서 힘들것 같긴 합니다만 뭐 뺄 수 있겠죠
"생각보다 너무 짧지는 않네요, 티에 포인트 줘서 입기 편함",5.0,생각보다 너무 짧지는 않네요 티에 포인트 줘서 입기 편함
"인기상품이라 조금 걸렸지만
입자 마자 너무 이뻐서 잊어버릴 정도로 
정말 유니크 하고ㅠ이뻐요 
재질도좋고 많이 얇지않아서 활용도가 높을꺼같아요 
어떤 상의랑도 다 어울리는 활용도 갑 옷입니다",5.0,인기상품이라 조금 걸렸지만 입자 마자 너무 이뻐서 잊어버릴 정도로 정말 유니크 하고이뻐요 재질도좋고 많이 얇지않아서 활용도가 높을꺼같아요 어떤 상의랑도 다 어울리는 활용도 갑 옷입니다
치마 넘나 귀여워요 주변에서도 다 귀엽다고 하네여,5.0,치마 넘나 귀여워요 주변에서도 다 귀엽다고 하네여
이거 완전 공주느낌나거 너무 이뻐요ㅠㅠ💕캉캉 느낌더 나요!! 길이는 좀 짧아요!!,5.0,이거 완전 공주느낌나거 너무 이뻐요캉캉 느낌더 나요 길이는 좀 짧아요
"늦게 올 줄 알았는데
빨리 와서 좋아요 ~~~ 길이는 조금 짧은데 저는 좋아요 :) 
예쁘고 귀여워용",4.0,늦게 올 줄 알았는데 빨리 와서 좋아요 길이는 조금 짧은데 저는 좋아요 예쁘고 귀여워용
리본이랑 레이스 너무 귀엽고 예뻐요 생각보다 어디든 잘 어울립니다 생각보다 허리가 남지만 치마라서 입을만해요 기장은 딱 좋아요,5.0,리본이랑 레이스 너무 귀엽고 예뻐요 생각보다 어디든 잘 어울립니다 생각보다 허리가 남지만 치마라서 입을만해요 기장은 딱 좋아요
"너무너무 이뻐여^^ 리존 ㄷ테일 사랑스럽고,,밪가 붙어있어서 너무 편해요",5.0,너무너무 이뻐여 리존 테일 사랑스럽고밪가 붙어있어서 너무 편해요
"잘산듯
저렴한가격 세일할때잘산듯
잘입을게요. 이뻐요
좀큰듯",5.0,잘산듯 저렴한가격 세일할때잘산듯 잘입을게요 이뻐요 좀큰듯
"디자인은 기염뽀짝이에요 
다만 길이가 짧아서 아쉽지만 예뻐요",5.0,디자인은 기염뽀짝이에요 다만 길이가 짧아서 아쉽지만 예뻐요
"가성비 좋은 치마예요. 저렴한데 재질도 나름 괜찮습니다  
바스락거리는 느낌이 좋아요",5.0,가성비 좋은 치마예요 저렴한데 재질도 나름 괜찮습니다 바스락거리는 느낌이 좋아요
제 키에 좀 짧긴한데 안에 바지 내장되어 있어서 좋구 놀러갈때 입으면 짱 이뿔듯요,5.0,제 키에 좀 짧긴한데 안에 바지 내장되어 있어서 좋구 놀러갈때 입으면 짱 이뿔듯요
장바구니 담아놨던건데 세일 많이하길래 저렴하게 잘 구매했습니당 ~ 19일 예약 배송이던데 어제 도착했어요,5.0,장바구니 담아놨던건데 세일 많이하길래 저렴하게 잘 구매했습니당 일 예약 배송이던데 어제 도착했어요
세일해서 저렴하게 잘 샀어요 퀄리티는 세일가 생각하면 좋음,5.0,세일해서 저렴하게 잘 샀어요 퀄리티는 세일가 생각하면 좋음
딱 제가 생각했던 핏이에요ㅎㅎ 아직은 입고나가지 않았는데 넘 예쁠것 같아요,5.0,딱 제가 생각했던 핏이에요 아직은 입고나가지 않았는데 넘 예쁠것 같아요
이번 여름 이쁘게 잘 입고 다닐게요! 리본이 포인트여서 좋아요 ㅎㅎ,5.0,이번 여름 이쁘게 잘 입고 다닐게요 리본이 포인트여서 좋아요
넘. 이뻐요! 딱 봤을때 맞을까?걱정했는대 속바지 있고 그래서인지 기장도 적당하고 맘에들어요!,5.0,넘 이뻐요 딱 봤을때 맞을까걱정했는대 속바지 있고 그래서인지 기장도 적당하고 맘에들어요
팔랑팔랑 퍼지는 핏이라서 더 귀엽고 날씬해보여요! 레이스랑 리본도 귀여움 ㅠㅠ,5.0,팔랑팔랑 퍼지는 핏이라서 더 귀엽고 날씬해보여요 레이스랑 리본도 귀여움
"160이하에게는 조금 기네요!
소재 시원하고 속바지있어서 좋고 라인 잘 퍼져서 허벅지 얇아보입니다
전부터 고민했는데 세일해서 바로 겟ㅎㅎ",5.0,이하에게는 조금 기네요 소재 시원하고 속바지있어서 좋고 라인 잘 퍼져서 허벅지 얇아보입니다 전부터 고민했는데 세일해서 바로 겟
"뒤늦게 발레코어에 빠져서 이것저것 구매중인데
무진장블프맞이 저렴하게 구매성공했습니당
처음 구매해본 브랜드인데 기대이상으로 퀄도 좋고 기장감도 적당해서 애용할듯합니다!",5.0,뒤늦게 발레코어에 빠져서 이것저것 구매중인데 무진장블프맞이 저렴하게 구매성공했습니당 처음 구매해본 브랜드인데 기대이상으로 퀄도 좋고 기장감도 적당해서 애용할듯합니다
너무이뻐요 세일가에 잘 삿어요 페미닌해서 러블리힙스타일 내기 좋아요,5.0,너무이뻐요 세일가에 잘 삿어요 페미닌해서 러블리힙스타일 내기 좋아요
완전 디자인 대박 맘에 들어요 키작녀는 개강추임,5.0,완전 디자인 대박 맘에 들어요 키작녀는 개강추임
"진짜 너무 짧아요
블랙이랑 호ㅓ이트 하나씩 구매했는데
화이트는 짧아서 손도 안댐 ㅠ
같은 제품이지만 오차가 있어여
이 길이에 1센치 오차면 엄청 크죠?..",5.0,진짜 너무 짧아요 블랙이랑 호이트 하나씩 구매했는데 화이트는 짧아서 손도 안댐 같은 제품이지만 오차가 있어여 이 길이에 센치 오차면 엄청 크죠
이뻐요. 가격대비 가성비가 좋아요. 편하고 시원합니다.,5.0,이뻐요 가격대비 가성비가 좋아요 편하고 시원합니다
"와이프 선물했는제, 너무 예쁘고 자연스러워요. 추천합니다!",5.0,와이프 선물했는제 너무 예쁘고 자연스러워요 추천합니다
이뿌여 기다린 보람잇네여 이쁘고 편하고 좋아요,5.0,이뿌여 기다린 보람잇네여 이쁘고 편하고 좋아요
이뻐오 색감이며 다 마음에 들어오 완전 잘구매한것같음,5.0,이뻐오 색감이며 다 마음에 들어오 완전 잘구매한것같음
안에 속바지도 있고 허리가 고무줄 밴딩이라서 입기 너무 편해요,4.0,안에 속바지도 있고 허리가 고무줄 밴딩이라서 입기 너무 편해요
귀여워요 고민하다샀는데 봄여름가을 다 입을 수 있응거같아요,4.0,귀여워요 고민하다샀는데 봄여름가을 다 입을 수 있응거같아요
발레코어 느낌으로 너무 러블리하고 예뻐요 좀 짧긴하지만 다리가 길어보여서 좋아요,5.0,발레코어 느낌으로 너무 러블리하고 예뻐요 좀 짧긴하지만 다리가 길어보여서 좋아요
살때에는 후기가 별로 없어서 걱정했는데 막상 받아보니 넘 예뻐요 허리도 고무줄이라 밥 먹어도 걱정없고 요즘 유행하는 느낌이라 입기 넘 좋아요,5.0,살때에는 후기가 별로 없어서 걱정했는데 막상 받아보니 넘 예뻐요 허리도 고무줄이라 밥 먹어도 걱정없고 요즘 유행하는 느낌이라 입기 넘 좋아요
"레이스 리본 마이크로 미니 쇼츠 팬츠 스커트는 여성들에게 우아하고 매력적인 스타일을 선사하네요. 섬세한 레이스 장식과 아름다운 리본 디테일이 돋보고, 풍성한 쇼츠 팬츠 스커트 형식으로 여성의 곡선을 아름답게 감싸줍니다.",5.0,레이스 리본 마이크로 미니 쇼츠 팬츠 스커트는 여성들에게 우아하고 매력적인 스타일을 선사하네요 섬세한 레이스 장식과 아름다운 리본 디테일이 돋보고 풍성한 쇼츠 팬츠 스커트 형식으로 여성의 곡선을 아름답게 감싸줍니다
"다양한 상황에서 스타일링하기 좋으며, 편안하면서도 세련된 룩을 완성할 수 있는거 같아요. 소재와 디자인 모두 고급스러움을 느낄 수 있어 퀄리티 높은 패션템으로 추천드립니다",5.0,다양한 상황에서 스타일링하기 좋으며 편안하면서도 세련된 룩을 완성할 수 있는거 같아요 소재와 디자인 모두 고급스러움을 느낄 수 있어 퀄리티 높은 패션템으로 추천드립니다
"레이스 디테일과 리본 장식이 매력적인 이 마이크로 미니 쇼츠 팬츠 스커트는 여름철의 활기를 더해주는거 같아요. 짧은 기장이 부담스럽지 않고, 스커트와 쇼츠의 편리함을 한 번에 만날 수 있어 여성들 사이에서 큰 인기를 끌고 있어요",5.0,레이스 디테일과 리본 장식이 매력적인 이 마이크로 미니 쇼츠 팬츠 스커트는 여름철의 활기를 더해주는거 같아요 짧은 기장이 부담스럽지 않고 스커트와 쇼츠의 편리함을 한 번에 만날 수 있어 여성들 사이에서 큰 인기를 끌고 있어요
약간 과해보일 수 있는 귀여움가득 스커트지만 캐주얼하게 입으면 과하지 않아요,5.0,약간 과해보일 수 있는 귀여움가득 스커트지만 캐주얼하게 입으면 과하지 않아요
너무너무 만족해요 너무 귀엽고 안에 바지가 있어서 편하게 입을 수 있는 점도 좋아요 여름에 입기 좋은 소재라서 잘 산것 같아요,5.0,너무너무 만족해요 너무 귀엽고 안에 바지가 있어서 편하게 입을 수 있는 점도 좋아요 여름에 입기 좋은 소재라서 잘 산것 같아요
일단 너무 이뻐요 기장이 너무 짧지않고 안에 속바지 있어서 안심하고 입어요,5.0,일단 너무 이뻐요 기장이 너무 짧지않고 안에 속바지 있어서 안심하고 입어요
여자친구 선물해주었는데 너무 이쁘고 자기 마음에 든데요,5.0,여자친구 선물해주었는데 너무 이쁘고 자기 마음에 든데요
"오대박
너무이쁘네여
핑크티랑입어두이쁘구
질도 탄탄하네여
감사핮니다",5.0,오대박 너무이쁘네여 핑크티랑입어두이쁘구 질도 탄탄하네여 감사핮니다
기장이 되게 짧고 내장된 속바지는 자꾸 말려 올라가요 그래서 안에 속바지 하나 더 입고 다녀요. 원래 이런 샤랄라 프릴 옷을 안 사는 편인데 이 스커트는 그렇게 부담스럽지 않아서 제가 원래 입던 옷이랑 매칭하기 좋더라고요. 이쁩니다,5.0,기장이 되게 짧고 내장된 속바지는 자꾸 말려 올라가요 그래서 안에 속바지 하나 더 입고 다녀요 원래 이런 샤랄라 프릴 옷을 안 사는 편인데 이 스커트는 그렇게 부담스럽지 않아서 제가 원래 입던 옷이랑 매칭하기 좋더라고요 이쁩니다
기장이 되게 짧고 내장된 속바지는 자꾸 말려 올라가요 그래서 안에 속바지 하나 더 입고 다녀요. 원래 이런 샤랄라 프릴 옷을 안 사는 편인데 이 스커트는 그렇게 부담스럽지 않아서 제가 원래 입던 옷이랑 매칭하기 좋더라고요 이쁩니다,5.0,기장이 되게 짧고 내장된 속바지는 자꾸 말려 올라가요 그래서 안에 속바지 하나 더 입고 다녀요 원래 이런 샤랄라 프릴 옷을 안 사는 편인데 이 스커트는 그렇게 부담스럽지 않아서 제가 원래 입던 옷이랑 매칭하기 좋더라고요 이쁩니다
핏도 너무 이쁘고 안에 속바지도 있어서 좋은것 같아요,4.0,핏도 너무 이쁘고 안에 속바지도 있어서 좋은것 같아요
세일할때 사서 가성비 좋게 잘 샀어용 약간 허접한 느낌이 있습니당,5.0,세일할때 사서 가성비 좋게 잘 샀어용 약간 허접한 느낌이 있습니당
생각했던 것보다 치마 소재가 뻣뻣해요 기장은 적당해요,4.0,생각했던 것보다 치마 소재가 뻣뻣해요 기장은 적당해요
"사진과 동일해요
귀여워요
배송도 빠르고 세일해서 저렴히 구매했어요",5.0,사진과 동일해요 귀여워요 배송도 빠르고 세일해서 저렴히 구매했어요
친구한테 선물하기 너무 좋고 디자인도 너무 예쁘고 너무 좋아요,5.0,친구한테 선물하기 너무 좋고 디자인도 너무 예쁘고 너무 좋아요
"정말 발레코어룩에 딱이 스커트예요 ❤️❤️
짧지만 속바지가 있어서 활동성도 좋아요
세탁하면 주름은 잘 잡힐꺼같아요
발레코어룩 유행할때까지 잘 입을게요",5.0,정말 발레코어룩에 딱이 스커트예요 짧지만 속바지가 있어서 활동성도 좋아요 세탁하면 주름은 잘 잡힐꺼같아요 발레코어룩 유행할때까지 잘 입을게요
너무 귀엽고 길이도 제 키에는 너무 짧진 않아서 괜찮은거 같아요,4.0,너무 귀엽고 길이도 제 키에는 너무 짧진 않아서 괜찮은거 같아요
귀여워서 마음에들어요 가격도 적당하고 요즘 트렌드에 잘 맞는거 같아요,5.0,귀여워서 마음에들어요 가격도 적당하고 요즘 트렌드에 잘 맞는거 같아요
배송은 조금 느렸어요.. 근데 길이며 디자인이며 사이즈며 다 너무 제 스탈이에요 다른 색 더 나왔으면 ㅠㅠ,5.0,배송은 조금 느렸어요 근데 길이며 디자인이며 사이즈며 다 너무 제 스탈이에요 다른 색 더 나왔으면
"체형 상관 없이 상의 매칭 상관없이 다 괜찮은거 같습니다
생각보다 안 짧아요",5.0,체형 상관 없이 상의 매칭 상관없이 다 괜찮은거 같습니다 생각보다 안 짧아요
"속바지처럼 안감이 되어있어서 흰색이여도 괜찮네요 
디자인이 굉장히 귀엽습니다! 
단독으론 아직 용기가 안나서 애매한 길이의 원피스나 상의랑 레이어드용으로 입기 좋을것 같아서 구매했어요!",5.0,속바지처럼 안감이 되어있어서 흰색이여도 괜찮네요 디자인이 굉장히 귀엽습니다 단독으론 아직 용기가 안나서 애매한 길이의 원피스나 상의랑 레이어드용으로 입기 좋을것 같아서 구매했어요
제 키에 딱 예쁜 기장이고 디자인이 넘넘 귀여워요 생화이트라 넘 맘에 들고 예쁩니다 똑같이 생긴 보세 옷들이 오히려 더 비싸던데 여기 가격이 합리적이에요,5.0,제 키에 딱 예쁜 기장이고 디자인이 넘넘 귀여워요 생화이트라 넘 맘에 들고 예쁩니다 똑같이 생긴 보세 옷들이 오히려 더 비싸던데 여기 가격이 합리적이에요
면이 탄탄해서 모양이 잘 잡혀있어요 리본이 너무 많은게 좀 유치해보여서 다 떼어냈는데 이게 더 맘에 드네요,5.0,면이 탄탄해서 모양이 잘 잡혀있어요 리본이 너무 많은게 좀 유치해보여서 다 떼어냈는데 이게 더 맘에 드네요
요즘 이런 스타일 많이 입길래 사봘는데 짱뒤여움,5.0,요즘 이런 스타일 많이 입길래 사봘는데 짱뒤여움
리본 포인트가 여러개 붙어있어서 참 이쁜거 같아요,3.0,리본 포인트가 여러개 붙어있어서 참 이쁜거 같아요
"가격 생각하면 디테일은 좋은데 핏이 약간 아쉬워요ㅠㅠ
그래도 훠뚤마뚤 코디하기 좋을듯해용",4.0,가격 생각하면 디테일은 좋은데 핏이 약간 아쉬워요 그래도 훠뚤마뚤 코디하기 좋을듯해용
너무 예뻐요 맘에 들어요 원하는 모양에 색에 다 짱짱 굳굳 맘에 겁나 들어요,5.0,너무 예뻐요 맘에 들어요 원하는 모양에 색에 다 짱짱 굳굳 맘에 겁나 들어요
엄청 세일한 가격으로 구매했는줄 알았는데 더 세일도 가능하군요 플레이스 스튜디오 .. 진짜 세일 자주 하는 거 같아요,5.0,엄청 세일한 가격으로 구매했는줄 알았는데 더 세일도 가능하군요 플레이스 스튜디오 진짜 세일 자주 하는 거 같아요
완전 여리여리 청순 걸등한테 잘어울릴듯 이뻐요,5.0,완전 여리여리 청순 걸등한테 잘어울릴듯 이뻐요
허리가 좀 크고 통도 좀 큰데 길이는 짧아요 디자인 청순그자체임,5.0,허리가 좀 크고 통도 좀 큰데 길이는 짧아요 디자인 청순그자체임
좋아요 좋아요 맘에 들어요 사고싶었던 건데 세일해서 샀어요 굳굳이요 굳,5.0,좋아요 좋아요 맘에 들어요 사고싶었던 건데 세일해서 샀어요 굳굳이요 굳
오버핏 티셔츠랑 같이 입으려고 샀어요 완전 마음에 들어요오~,5.0,오버핏 티셔츠랑 같이 입으려고 샀어요 완전 마음에 들어요오
옷은 정말 예쁘고 귀엽고 좋은데 뭔 돈벌레랑 같이 배송해주셔서 받고 기절할 뻔 했어용..! 하지만 속바지도 같이 달려있고 배송도 빨라서 벌레 정도는 그냥 모르는 척 하겠습니다🫣,5.0,옷은 정말 예쁘고 귀엽고 좋은데 뭔 돈벌레랑 같이 배송해주셔서 받고 기절할 뻔 했어용 하지만 속바지도 같이 달려있고 배송도 빨라서 벌레 정도는 그냥 모르는 척 하겠습니다
짧다는 후기가 있던데 뭐 약간 내려입어도 되고 저는 그다지 짧단 생각 안들었어요. 귀엽네요. 세탁할때 허리밴드가 뒤집어질듯하지만ㅋㅋ옷 귀엽습니다,5.0,짧다는 후기가 있던데 뭐 약간 내려입어도 되고 저는 그다지 짧단 생각 안들었어요 귀엽네요 세탁할때 허리밴드가 뒤집어질듯하지만옷 귀엽습니다
하이틴걸이 될수있습니다 공주가될수있습니다 이쁘니 꼭사세요 위에는 크롭입어야 이쁠듯 ㅎㅎ 전 허벅지살을 빼고 입어야겠습니다,5.0,하이틴걸이 될수있습니다 공주가될수있습니다 이쁘니 꼭사세요 위에는 크롭입어야 이쁠듯 전 허벅지살을 빼고 입어야겠습니다
배송빠르고 너무이쁩니다 가격도 너무 착하고 꼭사세요 마른사람입으면 이쁠것같야용 ㅎㅎ,5.0,배송빠르고 너무이쁩니다 가격도 너무 착하고 꼭사세요 마른사람입으면 이쁠것같야용
"키작녀인 저에게는 기장이 딱 좋았네요!
스커트지만 안에는 속바지가 붙어있어서 활동하기도 편해요.",5.0,키작녀인 저에게는 기장이 딱 좋았네요 스커트지만 안에는 속바지가 붙어있어서 활동하기도 편해요
너무귀엽고 밴딩이라편해요!! 같이산 티도 오면 올른 매치해입고싶어오,5.0,너무귀엽고 밴딩이라편해요 같이산 티도 오면 올른 매치해입고싶어오
"아 무신사 홈페이지가 바뀌고 보는거랑 상품평 쓰는게 불편해져서 잘 안쓸꺼같아요 상품은 마음에 듭니다 많이 파시길 바래요
도움돼",4.0,아 무신사 홈페이지가 바뀌고 보는거랑 상품평 쓰는게 불편해져서 잘 안쓸꺼같아요 상품은 마음에 듭니다 많이 파시길 바래요 도움돼
"딸이 이고 싶다고 해서 주문했는데 소재도 시원하고 디테일도
예쁘고 맘에 들어요 시원하고 깔끔해요",5.0,딸이 이고 싶다고 해서 주문했는데 소재도 시원하고 디테일도 예쁘고 맘에 들어요 시원하고 깔끔해요
요즘 리본 레이스가 포인트된 옷들이 인기라길래 구매해봤는데 체구가 작은 저한텐 좀 부해보여 아쉬워요ㅠㅠ,3.0,요즘 리본 레이스가 포인트된 옷들이 인기라길래 구매해봤는데 체구가 작은 저한텐 좀 부해보여 아쉬워요
리본이 꽤나 기여워요 주름도 적당하고 과하지 않아서 즇아요,5.0,리본이 꽤나 기여워요 주름도 적당하고 과하지 않아서 즇아요
여기 옷 이쁜거같아여 치마가 넘 퐁퐁거리지도 않고 넘 짧지도 않고 넘 부담스럽지도 않은 적당,5.0,여기 옷 이쁜거같아여 치마가 넘 퐁퐁거리지도 않고 넘 짧지도 않고 넘 부담스럽지도 않은 적당
너무너무 예뻐요 속바지까지 같이 있어서 더 편하네요,5.0,너무너무 예뻐요 속바지까지 같이 있어서 더 편하네요
진짜 넘넘 이뻐요!! 키땜에 걱정했는데 속바지 있어서 생각보다 좋아요,5.0,진짜 넘넘 이뻐요 키땜에 걱정했는데 속바지 있어서 생각보다 좋아요
"바지인데 입으면 진짜 치마같구 고무줄이라 엄청 편해요 !! 
여름이라 흰색으로 샀는데 검은색도 사려구요 ㅎㅎ",5.0,바지인데 입으면 진짜 치마같구 고무줄이라 엄청 편해요 여름이라 흰색으로 샀는데 검은색도 사려구요
안에 속바지도 있고 일단 스커트가 너무 귀여워요!!,5.0,안에 속바지도 있고 일단 스커트가 너무 귀여워요
배송이 빠르고 가격도 저렴해서 좋아요 길이는 좀 짧지만 속바지가 있어서 덜 불편할것같습니다. 그치만 저보다 키가 크신분들은 너무 짧을수도 있을것같아요,4.0,배송이 빠르고 가격도 저렴해서 좋아요 길이는 좀 짧지만 속바지가 있어서 덜 불편할것같습니다 그치만 저보다 키가 크신분들은 너무 짧을수도 있을것같아요
빳빳하고 뻣뻣합니다 디테일이뻐요 입다보면 핏이 더 이뻐질 듯,5.0,빳빳하고 뻣뻣합니다 디테일이뻐요 입다보면 핏이 더 이뻐질 듯
빳빳쓰..뻣뻣쓰..그러나 디테일 이쁨 좀 입다보고 생활감 생겨야 더 이쁠 듯,5.0,빳빳쓰뻣뻣쓰그러나 디테일 이쁨 좀 입다보고 생활감 생겨야 더 이쁠 듯
옷 자체는 예쁜데 체형을 더 살려주지는 못하고 그냥 무난해요 더 말라보일 수도 더 길어보일 수도 없는 핏,4.0,옷 자체는 예쁜데 체형을 더 살려주지는 못하고 그냥 무난해요 더 말라보일 수도 더 길어보일 수도 없는 핏
"속바지도있어서 비침이많지는않은거같아요
너무너무귀여워요
허리밴드도 부드럽고 좋아요",5.0,속바지도있어서 비침이많지는않은거같아요 너무너무귀여워요 허리밴드도 부드럽고 좋아요
속바지 있어서 많이 비치지도 않고 편하고 너무 예뻐요,5.0,속바지 있어서 많이 비치지도 않고 편하고 너무 예뻐요
흰색 치마 갖고싶었느데 너무 예쁘고 편해요 속바지 있는 것도 좋아요,5.0,흰색 치마 갖고싶었느데 너무 예쁘고 편해요 속바지 있는 것도 좋아요
짧다는 후기도 있었던것 같은데 159~160정도인제가 입었을땐 딱히 엄청 짧다는 느낌은 없었어요 디자인도 이쁘고 여름에 잘 입고다닐것 같아요,5.0,짧다는 후기도 있었던것 같은데 정도인제가 입었을땐 딱히 엄청 짧다는 느낌은 없었어요 디자인도 이쁘고 여름에 잘 입고다닐것 같아요
짧다는 후기 보고 샀었는데 저는 짧은거 좋아해서 딱 맘에 들어요 귀여움!,5.0,짧다는 후기 보고 샀었는데 저는 짧은거 좋아해서 딱 맘에 들어요 귀여움
많이 짧다고 해서 걱정했는데 제 키에도 괜찮네요 안에 속바지도 있어서 아주 좋아요 잘입을게요 ㅎㅎ,5.0,많이 짧다고 해서 걱정했는데 제 키에도 괜찮네요 안에 속바지도 있어서 아주 좋아요 잘입을게요
예뻐요~ 검은색 샀는데 넘 예뻐서 하얀색까지 구매함 키작년에게 완전 잘 어울려요,5.0,예뻐요 검은색 샀는데 넘 예뻐서 하얀색까지 구매함 키작년에게 완전 잘 어울려요
중1  딸 사줬는데 엄청 좋아하네요~배송도 빨라요~,5.0,중 딸 사줬는데 엄청 좋아하네요배송도 빨라요
이런 ㄹㅓ블리한 치마 찾고있었는데 발견해서 바로 샀어요,3.0,이런 블리한 치마 찾고있었는데 발견해서 바로 샀어요
"이뻐요 귀엽고
길이랑 허리가 좀 길고크지만 잘입을거같어요",5.0,이뻐요 귀엽고 길이랑 허리가 좀 길고크지만 잘입을거같어요
"기엽고 생각보다 상태도 박음질도좋아여
여름에 잘입을거같어요",5.0,기엽고 생각보다 상태도 박음질도좋아여 여름에 잘입을거같어요
이뽀용 핏도 좋고 안에 바지는 짧지만 괜차눔 잘이블게용,5.0,이뽀용 핏도 좋고 안에 바지는 짧지만 괜차눔 잘이블게용
넘넘 이뻐요 좀 짧아보이지만 전 161이라 괜찮았고요 160초반까진 가능할 듯 합니다!! 풍성하고 예뻐요,5.0,넘넘 이뻐요 좀 짧아보이지만 전 이라 괜찮았고요 초반까진 가능할 듯 합니다 풍성하고 예뻐요
이뻐여ㅎㅎ놀러갈 때 입으려 샀어욜 살짝 짧은 감이 있지만 괜찮아여~,5.0,이뻐여놀러갈 때 입으려 샀어욜 살짝 짧은 감이 있지만 괜찮아여
안에 속바지라서 너무 편하고 발레리나 같아요 예뻐요!,5.0,안에 속바지라서 너무 편하고 발레리나 같아요 예뻐요
역시 제일예뻐요 하얗고 루즈티에 레이어드하려고 샀는데 잘어울릴거같아요 빨리 여름에 입고싶습니다,5.0,역시 제일예뻐요 하얗고 루즈티에 레이어드하려고 샀는데 잘어울릴거같아요 빨리 여름에 입고싶습니다
치마 러블리하고 키작녀한테 길이도 좋고 가격도 할인받아 싸게 가격대비 좋아요,5.0,치마 러블리하고 키작녀한테 길이도 좋고 가격도 할인받아 싸게 가격대비 좋아요
엄청 러블리하고 리본이 둘러져있어서 귀여워요. 속바지도 있어서 좋아요. 좀 짧아서 키작녀들이 입기 좋아요,5.0,엄청 러블리하고 리본이 둘러져있어서 귀여워요 속바지도 있어서 좋아요 좀 짧아서 키작녀들이 입기 좋아요
"리본스커트 화이트 너무 귀엽고 사랑스러워요
속바지가 있어 편하고 원단도 가볍고 시원해요",5.0,리본스커트 화이트 너무 귀엽고 사랑스러워요 속바지가 있어 편하고 원단도 가볍고 시원해요
"요즘 귀여운 리본 레이스 스커트가 자꾸 눈에 밟혀서 사봤는데 진짜 딱 맘에들어요 ㅎㅎ🎀 레이스에 리본까지 달려있어서 귀엽고 크롭티, 박스티, 셔츠까지 다 잘어울리네요!!💝 안에 바지도 넉넉해서 입자마자 편하고 비침도 거의 없어요! 저는 키가 많이 작아서 길이도 딱 괜찮았는데 짧긴 하네욯ㅎㅎ오자마자 찍은거라 주름이 좀 있는데 스팀하니까 금방 펴지더라구요! 여름에 잘 입을거같아요~",5.0,요즘 귀여운 리본 레이스 스커트가 자꾸 눈에 밟혀서 사봤는데 진짜 딱 맘에들어요 레이스에 리본까지 달려있어서 귀엽고 크롭티 박스티 셔츠까지 다 잘어울리네요 안에 바지도 넉넉해서 입자마자 편하고 비침도 거의 없어요 저는 키가 많이 작아서 길이도 딱 괜찮았는데 짧긴 하네욯오자마자 찍은거라 주름이 좀 있는데 스팀하니까 금방 펴지더라구요 여름에 잘 입을거같아요
"요즘 귀여운 리본 레이스 스커트가 자꾸 눈에 밟혀서 사봤는데 진짜 딱 맘에들어요 ㅎㅎ🎀 레이스에 리본까지 달려있어서 귀엽고 크롭티, 박스티, 셔츠까지 다 잘어울리네요!!💝 안에 바지도 넉넉해서 입자마자 편하고 비침도 거의 없어요! 저는 키가 많이 작아서 길이도 딱 괜찮았는데 짧긴 하네욯ㅎㅎ 오자마자 찍은거라 주름이 좀 있는데 스팀하니까 금방 펴지더라구요! 여름에 잘 입을거같아요~",5.0,요즘 귀여운 리본 레이스 스커트가 자꾸 눈에 밟혀서 사봤는데 진짜 딱 맘에들어요 레이스에 리본까지 달려있어서 귀엽고 크롭티 박스티 셔츠까지 다 잘어울리네요 안에 바지도 넉넉해서 입자마자 편하고 비침도 거의 없어요 저는 키가 많이 작아서 길이도 딱 괜찮았는데 짧긴 하네욯 오자마자 찍은거라 주름이 좀 있는데 스팀하니까 금방 펴지더라구요 여름에 잘 입을거같아요
디자인 리본이 너무 귀엽고 소재도 시원하고 속바지가 달려 있어요 편해요,5.0,디자인 리본이 너무 귀엽고 소재도 시원하고 속바지가 달려 있어요 편해요
"가성비 너무 좋아요ㅠㅠ완젼 갓성비...핀터 갬성 룩 완성...엉덩이가 커서 좀 퍼지긴 하지만 디테일도 너무 이쁘고 이 가격에 살 수 있다니,, 플레이스 스튜디오 감사합니당",5.0,가성비 너무 좋아요완젼 갓성비핀터 갬성 룩 완성엉덩이가 커서 좀 퍼지긴 하지만 디테일도 너무 이쁘고 이 가격에 살 수 있다니 플레이스 스튜디오 감사합니당
세일할때 잘사서 만족합니다 !! 밴드라서 엄청 편하고 짧을줄알았는데 내려입으니까 그렇게 막 짧지도 않어요 마음에 들어용 ㅎㅎ,5.0,세일할때 잘사서 만족합니다 밴드라서 엄청 편하고 짧을줄알았는데 내려입으니까 그렇게 막 짧지도 않어요 마음에 들어용
세일할때 잘사서 만족합니다 !! 잘입을게영 마음에 들어용 ㅎㅎ,5.0,세일할때 잘사서 만족합니다 잘입을게영 마음에 들어용
받자마자 너무 짧아서 당황했는데 입어보니까 딱 적당한 길이여서 다행이에요… 리본들 너무 귀여워요,5.0,받자마자 너무 짧아서 당황했는데 입어보니까 딱 적당한 길이여서 다행이에요 리본들 너무 귀여워요
가볍고 편해서 여름에 시원하게 입기 좋을것 같아요.제 키에는 많이 짧지 않아요,5.0,가볍고 편해서 여름에 시원하게 입기 좋을것 같아요제 키에는 많이 짧지 않아요
"군데군데 붙어 있는 리본이 정말 귀엽습니다.
그리고 생각보다 소재가 탄탄해서 라인 유지가 잘 될 것 같아요.
이런 디자인 입어보고 싶었는데 잘 산 것 같아요.",5.0,군데군데 붙어 있는 리본이 정말 귀엽습니다 그리고 생각보다 소재가 탄탄해서 라인 유지가 잘 될 것 같아요 이런 디자인 입어보고 싶었는데 잘 산 것 같아요
"상품 주문 폭주로 오래 기다려서 받았습니다.
기다린 만큼 예뻐서 만족스럽습니다.
색감도 사진과 같이 깨끗한 화이트에 안에 속바지가 덧대어 있어 부담없이 입을 수 있을 것 같습니다.",5.0,상품 주문 폭주로 오래 기다려서 받았습니다 기다린 만큼 예뻐서 만족스럽습니다 색감도 사진과 같이 깨끗한 화이트에 안에 속바지가 덧대어 있어 부담없이 입을 수 있을 것 같습니다
흰 치마 필요했는데 귀여운 치마 겟해서 넘 조아용 세일도해서 더더 🤍,5.0,흰 치마 필요했는데 귀여운 치마 겟해서 넘 조아용 세일도해서 더더
세일할때 가격이 싸서 별 기대없이 샀는데 생각보다 천도 좋고 이쁘네요. 키가 작아서 길이도 좋아요,5.0,세일할때 가격이 싸서 별 기대없이 샀는데 생각보다 천도 좋고 이쁘네요 키가 작아서 길이도 좋아요
"리본이 포인트 진짜 너무 귀여워요
안에 속바지가 있어서 입기 편해요",5.0,리본이 포인트 진짜 너무 귀여워요 안에 속바지가 있어서 입기 편해요
