Star,Review,Processed_Review
5.0,너모 예뻐요>< 그냥 제가 알던 재질인 줄 알았는데 좀 빳빳한 재질이에요 그리고 안에 기모 비스무르한 안감이 있습니다!!(아 여름엔 못 입을 거 같아요~) s랑 m 둘 다 샀는데 제 키면 고만고만합니다 근데 좀 핫걸이 되고 싶다면 s 추천합니다~,너모 예뻐요 그냥 제가 알던 재질인 줄 알았는데 좀 빳빳한 재질이에요 그리고 안에 기모 비스무르한 안감이 있습니다아 여름엔 못 입을 거 같아요 s랑 m 둘 다 샀는데 제 키면 고만고만합니다 근데 좀 핫걸이 되고 싶다면 s 추천합니다
4.0,기장에 비해 품은 작고 또 작은 사이즈로 가자니 입기 답답해서 m 사이즈에서 xl로 교환했읍니다 .. 라지로 바꿀 걸 입을 때마다 후회중입니다 너무 기장이 길어요 .. 그래서 원하는 핏이 안 나와서 아쉽습니다 ..,기장에 비해 품은 작고 또 작은 사이즈로 가자니 입기 답답해서 m 사이즈에서 xl로 교환했읍니다 라지로 바꿀 걸 입을 때마다 후회중입니다 너무 기장이 길어요 그래서 원하는 핏이 안 나와서 아쉽습니다
5.0,안에 살짝 기모느낌이 나서 따뜻해요 봄이나 가을에 이것만 걸쳐도될듯 아래 밴딩이 잘 늘어나서 앉아있어도 편해요 완죤 이쁨♡,안에 살짝 기모느낌이 나서 따뜻해요 봄이나 가을에 이것만 걸쳐도될듯 아래 밴딩이 잘 늘어나서 앉아있어도 편해요 완죤 이쁨
5.0,화면보다 색은 어두워요. 그게더이쁜듯 입었을때 착감기는느낌은 아니지만 촤라락 떨어지는감은 있어요. 길이는길지만 밑에시보리 짱짱해서 골반에 걸쳐입음 이쁘네요 흰색바지나 검정바지 같이입음 이쁘고 카고바지 추천해요,화면보다 색은 어두워요 그게더이쁜듯 입었을때 착감기는느낌은 아니지만 촤라락 떨어지는감은 있어요 길이는길지만 밑에시보리 짱짱해서 골반에 걸쳐입음 이쁘네요 흰색바지나 검정바지 같이입음 이쁘고 카고바지 추천해요
5.0,⭐️너무 예뻐서 사버림~ 약 2주 정도 입고 쓰는중~ ⭐️사이즈 약간 힙-백수 st로 입고싶어서 약간 넉넉하게 삼. 일단 아디다스 특으로 팔이 마니 길고 다 좋은데 밑단 시보리가 생각보다 좁음.. 내려서 입으려 하면 골반에 꽉 끼어있음.. 전형적인 아댜스 남자옷 구조임.. 레귤ㄹㅓ 핏이라 이쁘게 입으려고 크게 사봤으ㅁ ⭐️ ⭐️색감. 인디고임 남색 아님 더 어두움.. 약간 좀 더 차가운 어두운 색감? 남색 인줄 알고 사면 조금 더 어두움! 흰색 포인트 느므 이쁨..⭐️ ⭐️재질  약간 탄탄한 재질임.. 면 느낌은 아니고 그냥 아디다스 느낌은 아닌데 좀 더 재질이 살아있는(?) 느낌 😂 약간 쳐지는 느낌 있는데 심하지는 않음 ⭐️활용  어디 입어도 이쁨.. 운동 할때 레깅스 위에 입어도 슬림 st여서 안부해보임! 길이도 ㄱㅊ함 아래 와이드 입ㅇㅓ도 이쁘고 색도 낭낭하게 포인트여서 아래 무난한 색만 입으면  딱히 색 제한도 없는듯? 약간 색이 그냥 남색은 아니여서 독특하기도 함 좋음 아래 시보리 짱짱한건 투웨이 활용해도 좋고 안으로 넣어버려도 이쁨 ⭐️결론  요즘 져지 많이 입더라.. 불편한 이쁜 옷 못입는데 변주 주고 싶은 인간들.. 당장 사라.. 여자는 약간 작게 사도 이쁘겠다(넉넉해도 스타일에 따라 다를듯?) 남자는 무조건 실측 보고 정사이즈 사라.. 크면 이상하다.. 이쁘게 입으면 남친 여친 쌉가능.. ,너무 예뻐서 사버림 약 주 정도 입고 쓰는중 사이즈 약간 힙백수 st로 입고싶어서 약간 넉넉하게 삼 일단 아디다스 특으로 팔이 마니 길고 다 좋은데 밑단 시보리가 생각보다 좁음 내려서 입으려 하면 골반에 꽉 끼어있음 전형적인 아댜스 남자옷 구조임 레귤 핏이라 이쁘게 입으려고 크게 사봤으 색감 인디고임 남색 아님 더 어두움 약간 좀 더 차가운 어두운 색감 남색 인줄 알고 사면 조금 더 어두움 흰색 포인트 느므 이쁨 재질 약간 탄탄한 재질임 면 느낌은 아니고 그냥 아디다스 느낌은 아닌데 좀 더 재질이 살아있는 느낌 약간 쳐지는 느낌 있는데 심하지는 않음 활용 어디 입어도 이쁨 운동 할때 레깅스 위에 입어도 슬림 st여서 안부해보임 길이도 함 아래 와이드 입도 이쁘고 색도 낭낭하게 포인트여서 아래 무난한 색만 입으면 딱히 색 제한도 없는듯 약간 색이 그냥 남색은 아니여서 독특하기도 함 좋음 아래 시보리 짱짱한건 투웨이 활용해도 좋고 안으로 넣어버려도 이쁨 결론 요즘 져지 많이 입더라 불편한 이쁜 옷 못입는데 변주 주고 싶은 인간들 당장 사라 여자는 약간 작게 사도 이쁘겠다넉넉해도 스타일에 따라 다를듯 남자는 무조건 실측 보고 정사이즈 사라 크면 이상하다 이쁘게 입으면 남친 여친 쌉가능
5.0,존예^^ 아디다스가 아디다스한듯해요  엘사이즈로 딱 맞춤이네여 색깔 진심 너무 이쁘고 핏이 너무이뻐요,존예 아디다스가 아디다스한듯해요 엘사이즈로 딱 맞춤이네여 색깔 진심 너무 이쁘고 핏이 너무이뻐요
4.0,오버핏으로 입으려고 엑스라지 삿는데 좀 크긴 하네요 ㅜ  배송은 하루만에 왓고 168에 궁둥쓰가 다 덮어용 나중엔 엠으로 하나 사려구용 맘에 들어용 🍦🍦 카고바지나 저런 트레이닝에도 잘 어울려용  ㄹㅎㅎ,오버핏으로 입으려고 엑스라지 삿는데 좀 크긴 하네요 배송은 하루만에 왓고 에 궁둥쓰가 다 덮어용 나중엔 엠으로 하나 사려구용 맘에 들어용 카고바지나 저런 트레이닝에도 잘 어울려용
5.0,배송도 넘 빠르구 해외가서 이뿌게 입었답니다…❤️ 인생샷ㅊ건지게 해주셔서 감사합니다..,배송도 넘 빠르구 해외가서 이뿌게 입었답니다 인생샷건지게 해주셔서 감사합니다
5.0,이뻐요 색감이 진해서 촌스럽지않고 스타일좋아요 사이즈는 정사이즈로 가심될거같아요 스타일 납니다요,이뻐요 색감이 진해서 촌스럽지않고 스타일좋아요 사이즈는 정사이즈로 가심될거같아요 스타일 납니다요
5.0,와우 완전 이뻐요 이거입고 여친 만들었습니다 하핫,와우 완전 이뻐요 이거입고 여친 만들었습니다 하핫
5.0,진짜 배색이 너무 마음에 들고요!! 핏도 너무 예뻐요 초여름까지 입을만한 두께고 한겨울에도 안에 입을만한 두께에요! 반기모? 느낌인데 다른 아디다스 제품이랑 비슷한 느낌입니다,진짜 배색이 너무 마음에 들고요 핏도 너무 예뻐요 초여름까지 입을만한 두께고 한겨울에도 안에 입을만한 두께에요 반기모 느낌인데 다른 아디다스 제품이랑 비슷한 느낌입니다
5.0,투엑스 라지주문했는데 생각보다 크지 않았어요. 간절기에 입으면 좋을 거 같아요. 이쁩니다 ,투엑스 라지주문했는데 생각보다 크지 않았어요 간절기에 입으면 좋을 거 같아요 이쁩니다
5.0,딱 생각한 그대로고 예뻐요! 아무데나 매치해도 괜찮은 느낌,딱 생각한 그대로고 예뻐요 아무데나 매치해도 괜찮은 느낌
5.0,예뻐용 근데 약간 길이가 애매하긴 해요 그래두 예뻐여,예뻐용 근데 약간 길이가 애매하긴 해요 그래두 예뻐여
5.0,비싸지기 전에 아~~~주 저렴한 가격으로 잘 산거 같아요~~~ 아~~주 만족하며 착용하고있습니다.,비싸지기 전에 아주 저렴한 가격으로 잘 산거 같아요 아주 만족하며 착용하고있습니다
5.0,이너로 롱슬리브 입고 입었는데도 오버핏 예쁘게 떨어져요 디자인도 너무 마음에 듭니다,이너로 롱슬리브 입고 입었는데도 오버핏 예쁘게 떨어져요 디자인도 너무 마음에 듭니다
5.0,M으로 샀다가 너무 커서 S로 교환했는데 S도 좀 크긴 한데 예뻐요요 진청이랑도 잘 어울리고 중청이랑도 꽤 잘 어울려요!! 첨에 어떻게 코디를 해야할지 난감했었는데 의외로 다 잘 어울리더라구요?!?! 😚😚 진짜 너무 이뽀요,M으로 샀다가 너무 커서 S로 교환했는데 S도 좀 크긴 한데 예뻐요요 진청이랑도 잘 어울리고 중청이랑도 꽤 잘 어울려요 첨에 어떻게 코디를 해야할지 난감했었는데 의외로 다 잘 어울리더라구요 진짜 너무 이뽀요
5.0,한 사이즈에서 두 사이즈 크게 주문했는데 오버하게 입는 것도 나름 괜찮은듯 근데 항상 무신사에서 아디다스 주문하면 미세한 흠 같은 게 하나씩 있어 아쉽습니다,한 사이즈에서 두 사이즈 크게 주문했는데 오버하게 입는 것도 나름 괜찮은듯 근데 항상 무신사에서 아디다스 주문하면 미세한 흠 같은 게 하나씩 있어 아쉽습니다
5.0,팔이 길어요 조금 줄여서 입으려해요. 아직은 얇아서 못입을듯,팔이 길어요 조금 줄여서 입으려해요 아직은 얇아서 못입을듯
5.0,사진으로 봤을땐 길이가 좀 긴 듯 싶은데 막상 입으면 밑에 시보리가 잡아주는 편이라 짧아져요 핏 예뻐요 광이 살짝 나는 재질이고 안 쪽 소재가 부들부들하니 신기해여,사진으로 봤을땐 길이가 좀 긴 듯 싶은데 막상 입으면 밑에 시보리가 잡아주는 편이라 짧아져요 핏 예뻐요 광이 살짝 나는 재질이고 안 쪽 소재가 부들부들하니 신기해여
5.0,아디다스 매장에서 입어보고 마음에 들어서 구매했어요 남여공용이라 총기장은 길지만 아래 시보리가 짱짱해서 잠궈서 입으면 기장 딱 맞아요 배송도 빠르고 무신사가 제일 저렴했어요,아디다스 매장에서 입어보고 마음에 들어서 구매했어요 남여공용이라 총기장은 길지만 아래 시보리가 짱짱해서 잠궈서 입으면 기장 딱 맞아요 배송도 빠르고 무신사가 제일 저렴했어요
5.0,싸게 잘샀습니다 강추합니다 또사고싶어요~~!!강추,싸게 잘샀습니다 강추합니다 또사고싶어요강추
5.0,사진보다 실물이 훨씬 예쁘네요 고민 괜히 햇네요 ㅎㅎ,사진보다 실물이 훨씬 예쁘네요 고민 괜히 햇네요
5.0,이뻐요 잘산거같아요 코디하기도 편하고 맘에들어요,이뻐요 잘산거같아요 코디하기도 편하고 맘에들어요
4.0,"색상 배합이 산뜻하고 예뻐요 아디다스 매장에서 시착해보고 사이즈가 품절되고 없어서 무신사에 있길래 주문했어요 라지 사이즈 입었을때는 조금 작은듯했는데, 한사이즈 차이인데 이건 꽤 크네요 작은 것보단 나을것 같긴한데 조금 아쉬워요 그리고 칼라랑 소매가 흰색이라 오염에 약할듯",색상 배합이 산뜻하고 예뻐요 아디다스 매장에서 시착해보고 사이즈가 품절되고 없어서 무신사에 있길래 주문했어요 라지 사이즈 입었을때는 조금 작은듯했는데 한사이즈 차이인데 이건 꽤 크네요 작은 것보단 나을것 같긴한데 조금 아쉬워요 그리고 칼라랑 소매가 흰색이라 오염에 약할듯
5.0,시보리 진짜 짱짱해요 저는 하체가 뚱뚱해서 껴가지고 걍 밑에 지퍼 살짝 올리고 입음여 ,시보리 진짜 짱짱해요 저는 하체가 뚱뚱해서 껴가지고 걍 밑에 지퍼 살짝 올리고 입음여
5.0,몰라 그냥 내스타일이야 너네도 자신있게 입어 그게 멋이야,몰라 그냥 내스타일이야 너네도 자신있게 입어 그게 멋이야
5.0,생각보다 진짜 이쁘네요. 올해 베스트아이템인듯,생각보다 진짜 이쁘네요 올해 베스트아이템인듯
5.0,원단도 도톰하니 아주좋습니다. 디자인도아주예쁘고 편해요,원단도 도톰하니 아주좋습니다 디자인도아주예쁘고 편해요
5.0,정말 정말 맘에 들어요. 가볍고 착용감 좋아요. 진심으로 강추합니다.,정말 정말 맘에 들어요 가볍고 착용감 좋아요 진심으로 강추합니다
5.0,예뻐요 몇 달 전부터 갖고싶어서 고민했는데 실물이 500배 예쁨 ,예뻐요 몇 달 전부터 갖고싶어서 고민했는데 실물이 배 예쁨
5.0,실물이 더 이쁨 크게 입으려고 샀는데 오버핏으로 잘 코디할 수 있을 것 같음 후회 안함,실물이 더 이쁨 크게 입으려고 샀는데 오버핏으로 잘 코디할 수 있을 것 같음 후회 안함
5.0,정말 정말 맘에 들어요. 오자마자 있었는데 몸에 착 맞아요. 진심으로 강추합니다.,정말 정말 맘에 들어요 오자마자 있었는데 몸에 착 맞아요 진심으로 강추합니다
5.0,역시 아디다스 제품이라 이뻣고 미디엄사이즈랑 라지 둘다 샀는데 지 체형에는 둘다 매력있네여,역시 아디다스 제품이라 이뻣고 미디엄사이즈랑 라지 둘다 샀는데 지 체형에는 둘다 매력있네여
5.0,요즘 유행하는 아디다스 트랙탑이라  트렌디해서 좋아요 코디하기도 쉽고 스테디 템이라  자주 입을것같아요,요즘 유행하는 아디다스 트랙탑이라 트렌디해서 좋아요 코디하기도 쉽고 스테디 템이라 자주 입을것같아요
5.0,재입고 됐길래 바로 구입했어요 가을 준비 미리 해놔야죠,재입고 됐길래 바로 구입했어요 가을 준비 미리 해놔야죠
5.0,생각보다 실물이 더 이뻐요. 정사이즈로 가시면 됩니다 배송이 빨라서 좋았습니다.  가을에 많이 잊을것같아요!,생각보다 실물이 더 이뻐요 정사이즈로 가시면 됩니다 배송이 빨라서 좋았습니다 가을에 많이 잊을것같아요
5.0,색감이 너무 이쁘네요 매우 자주 입고 다닐거같네요,색감이 너무 이쁘네요 매우 자주 입고 다닐거같네요
5.0,목부분이 화이트라 유니크합니다 다 품절이던데 재입고 뜨자마자삼,목부분이 화이트라 유니크합니다 다 품절이던데 재입고 뜨자마자삼
3.0,오자마자 옷 상태를 봤는데 옷은 이쁘지만 팔쪽 무늬에 얼룩이 묻어있네요.,오자마자 옷 상태를 봤는데 옷은 이쁘지만 팔쪽 무늬에 얼룩이 묻어있네요
5.0,제 체형에 적당한 오버핏으로 잘 맞아요 너무 예뻐요,제 체형에 적당한 오버핏으로 잘 맞아요 너무 예뻐요
5.0,베켄바우어 트랙탑 네이비 입고되자마자 구매 했어요 완전 로켓배송,베켄바우어 트랙탑 네이비 입고되자마자 구매 했어요 완전 로켓배송
5.0,적립금 써서 저렴하게 잘 구매 했어요 이쁘네요 감상당,적립금 써서 저렴하게 잘 구매 했어요 이쁘네요 감상당
5.0,인기있는 제품답게 역시 스타일이 멋지네요. 편하게 잘 입을듯요,인기있는 제품답게 역시 스타일이 멋지네요 편하게 잘 입을듯요
5.0,기장 길이가 생각보다 기네요 말고는 얇은데 따뜻할것같아요,기장 길이가 생각보다 기네요 말고는 얇은데 따뜻할것같아요
5.0,가을이 오기전 미리 구매했어요 베켄바우어 역시 예뻐요,가을이 오기전 미리 구매했어요 베켄바우어 역시 예뻐요
5.0,너무 이뻐요 ㅎㅎ역시 네이비 색상은 놓을수가 없네요 ㅎㅎ트랙탑은 역시 아디다스에서 빼놓을수가 없는 모델이네요 ㅎㅎ,너무 이뻐요 역시 네이비 색상은 놓을수가 없네요 트랙탑은 역시 아디다스에서 빼놓을수가 없는 모델이네요
5.0,역시 그래도 아디 져지는 파란색이 국룰이죠. 안그렇습니까.,역시 그래도 아디 져지는 파란색이 국룰이죠 안그렇습니까
5.0,크 역시 아디다스가 아디다스 했다~ 너무 예쁘고 맛있네요,크 역시 아디다스가 아디다스 했다 너무 예쁘고 맛있네요
5.0,너무너무 맘에듭니다 어디 하나 부족한게 없어서 완전 만족하면서 사용할수있을거 같아요 주변 지인들 한테도 소개해줘야 할정도로 아주아주 좋은 퀄리티 입니다 ,너무너무 맘에듭니다 어디 하나 부족한게 없어서 완전 만족하면서 사용할수있을거 같아요 주변 지인들 한테도 소개해줘야 할정도로 아주아주 좋은 퀄리티 입니다
5.0,목부분이 이쁘게 안접히는거 빼고는 다 만족합니당,목부분이 이쁘게 안접히는거 빼고는 다 만족합니당
5.0,색도 이쁘고 핏감도 이뻐서 평소에 무난하게 입을 수 있을거 같아요 감사합니다,색도 이쁘고 핏감도 이뻐서 평소에 무난하게 입을 수 있을거 같아요 감사합니다
5.0,가을에 입고 다니려고 샀는데 너무 예뻐요!!사이즈는 오버사이즈로 적당해요,가을에 입고 다니려고 샀는데 너무 예뻐요사이즈는 오버사이즈로 적당해요
5.0,매장에서 봤지만 시간 없어서 못 샀는데 예상한 그대로 예쁩니다,매장에서 봤지만 시간 없어서 못 샀는데 예상한 그대로 예쁩니다
4.0,다른 져지보다 살짝 두꺼워서 가을에 입기 좋을 것 같아요 색은 화면보다 어두운데 그래서 더 이쁜듯 근데 소매 끝에 얼룩이 묻어있어요…,다른 져지보다 살짝 두꺼워서 가을에 입기 좋을 것 같아요 색은 화면보다 어두운데 그래서 더 이쁜듯 근데 소매 끝에 얼룩이 묻어있어요
5.0,가을용으로 장만했는데 배송 빠르게 양품으로 받았습니다 감사합니다^^,가을용으로 장만했는데 배송 빠르게 양품으로 받았습니다 감사합니다
5.0,시보리 짱짱하고 투웨라 다리 길어보이게 연출할 수 있어요,시보리 짱짱하고 투웨라 다리 길어보이게 연출할 수 있어요
5.0,색감도 너무 예쁘고 입었을 때 널널해서 좋아요 짱짱,색감도 너무 예쁘고 입었을 때 널널해서 좋아요 짱짱
5.0,좋은 가격에 잘 샀습니더 잘 입을게요 감사합니다,좋은 가격에 잘 샀습니더 잘 입을게요 감사합니다
5.0,좋은 가격에 잘 샀습니더 잘 입을게요 감사합니다ㅐ,좋은 가격에 잘 샀습니더 잘 입을게요 감사합니다
5.0,좋은 가격에 잘 샀습니더 잘 입을게요 감사합니다ㅔ,좋은 가격에 잘 샀습니더 잘 입을게요 감사합니다
5.0,좋아요 깔끔하고 색감이 진해서 촌스럽지않고 스타일 납니다 잘입을게요 사이즈는 정사이즈 가세요,좋아요 깔끔하고 색감이 진해서 촌스럽지않고 스타일 납니다 잘입을게요 사이즈는 정사이즈 가세요
5.0,역시 실패하지 않는 베켄바우어.. 색깔별로 모으는 중입니다.,역시 실패하지 않는 베켄바우어 색깔별로 모으는 중입니다
5.0,제일 자주입는 잠바이고 앞으로도 많이 입을것 같다. 이쁨!,제일 자주입는 잠바이고 앞으로도 많이 입을것 같다 이쁨
5.0,배송빠르고 제품 이쁘고 정사이즈 가심되고 베켄바우어 매년 이쁘게 잘입을수있을거같아요 가즈아,배송빠르고 제품 이쁘고 정사이즈 가심되고 베켄바우어 매년 이쁘게 잘입을수있을거같아요 가즈아
4.0,스탠다드핏이랑 품에 비해 너무 기장이 깁니다 .. 그래서 M사이즈 구매했다가 엑스라지로 변경했어요.. 근데 입다보니 라지사이즈로 할 걸이라고 후회했어요 ㅎ하하,스탠다드핏이랑 품에 비해 너무 기장이 깁니다 그래서 M사이즈 구매했다가 엑스라지로 변경했어요 근데 입다보니 라지사이즈로 할 걸이라고 후회했어요 하하
5.0,사이즈도 진짜 딱이고 오래오래 잘 입을거 같아요 ,사이즈도 진짜 딱이고 오래오래 잘 입을거 같아요
5.0,합리적인 가격에 살 수 있어서 넘 좋아용! 사이즈도 너무 짱,합리적인 가격에 살 수 있어서 넘 좋아용 사이즈도 너무 짱
5.0,아무래도 손목부분이 흰색이라 때가 잘탈 것 같긴 하지만 너무 예뻐서 손목만 조심히 잘입으려구요 투웨이라 핏도 예뻐요!,아무래도 손목부분이 흰색이라 때가 잘탈 것 같긴 하지만 너무 예뻐서 손목만 조심히 잘입으려구요 투웨이라 핏도 예뻐요
5.0,조금 크지만 이쁘다고 애들이 뺏어서 입어요  아디다스 져지 중 가장 이쁨,조금 크지만 이쁘다고 애들이 뺏어서 입어요 아디다스 져지 중 가장 이쁨
5.0,색상 선명한네이비린 깔끔하고 미듐싸이즈 좋아요. 키크시면 라지도 루즈하게 이쁠듯하네요,색상 선명한네이비린 깔끔하고 미듐싸이즈 좋아요 키크시면 라지도 루즈하게 이쁠듯하네요
5.0,싸이즈좋고 길이 색상 모두 좋아요 청바지랑도예쁘고 교복에도 귀여워요,싸이즈좋고 길이 색상 모두 좋아요 청바지랑도예쁘고 교복에도 귀여워요
5.0,세탁해도 변형이 없네요.  건조기 돌리진 않았지만 건조기 돌려도 문제는 없을듯 하고요. 52키로 딸아이가 입으면 낙낙한데 75 제가 입으니 좀 작은 느낌... 라지 사이즌데... 좀 작게 나온것 같아요.,세탁해도 변형이 없네요 건조기 돌리진 않았지만 건조기 돌려도 문제는 없을듯 하고요 키로 딸아이가 입으면 낙낙한데 제가 입으니 좀 작은 느낌 라지 사이즌데 좀 작게 나온것 같아요
5.0,세탁해도 변형이 없네요. 색깔이 넘 이뻐요. 고딩 딸아이가 있는데 이뻐요. 잘 산것 같아요.,세탁해도 변형이 없네요 색깔이 넘 이뻐요 고딩 딸아이가 있는데 이뻐요 잘 산것 같아요
4.0,박스핏로 입으려고 구입했는데 길이감이랑 좋아요,박스핏로 입으려고 구입했는데 길이감이랑 좋아요
5.0,너무 마음에 들고 색감이 예뻐서 구매했어요 사이즈는 조금 작게 나온것 같라요,너무 마음에 들고 색감이 예뻐서 구매했어요 사이즈는 조금 작게 나온것 같라요
5.0,아디다스 져지중에 제일예쁘고 사이즈도 좋고 체육복이랑 개잘어울림,아디다스 져지중에 제일예쁘고 사이즈도 좋고 체육복이랑 개잘어울림
5.0,배색이 너무 예뻐서 구매했는대 완전 맘에 들어용~~! 2xl밖에 없어서 구매했는데 크게 입어도 예뻐요 팔 한두번 정도 접얻ㅎ 괜찮은 것 같아요,배색이 너무 예뻐서 구매했는대 완전 맘에 들어용 xl밖에 없어서 구매했는데 크게 입어도 예뻐요 팔 한두번 정도 접얻 괜찮은 것 같아요
4.0,스탠다드핏이랑 품에 비해 너무 기장이 깁니다 .. 그래서 M사이즈 구매했다가 엑스라지로 변경했어요..,스탠다드핏이랑 품에 비해 너무 기장이 깁니다 그래서 M사이즈 구매했다가 엑스라지로 변경했어요
5.0,색감이 트렌디하고 져지인데 너무 이쁜거 같아서 좋아요 가끔 이거 입고 나가면 입은 사람이 많긴한데 그래도 좋아요,색감이 트렌디하고 져지인데 너무 이쁜거 같아서 좋아요 가끔 이거 입고 나가면 입은 사람이 많긴한데 그래도 좋아요
5.0,클래식한 느낌이 나서 예뻐요ㅠㅜ 두께는 여름빼고 다입을수 있을듯 해용 제 키로는 팔이 많이 깁니다 참고하세요!!!,클래식한 느낌이 나서 예뻐요 두께는 여름빼고 다입을수 있을듯 해용 제 키로는 팔이 많이 깁니다 참고하세요
5.0,유행에 뒤쳐질수 없는 멋쟁이에게 추천 손목이랑 목쪽 하얀 디테일 강추,유행에 뒤쳐질수 없는 멋쟁이에게 추천 손목이랑 목쪽 하얀 디테일 강추
5.0,배송. 제품 모두 만족합니다. 디자인과 색상 모두 좋습니다.,배송 제품 모두 만족합니다 디자인과 색상 모두 좋습니다
5.0,옷 진짜 너무 예쁘고 좋은것 같아요. 일반 아디다스 져지보단 시보리가 조금 짱짱한 편입니다.,옷 진짜 너무 예쁘고 좋은것 같아요 일반 아디다스 져지보단 시보리가 조금 짱짱한 편입니다
5.0,기깔나게 예뻐요 l사이즈인데 막 크진 않고 적당히 예쁜 오버핏입니다,기깔나게 예뻐요 l사이즈인데 막 크진 않고 적당히 예쁜 오버핏입니다
5.0,팔이 조금 길어요 그래도 좋아요 재구매할 의사가 있습니다 ,팔이 조금 길어요 그래도 좋아요 재구매할 의사가 있습니다
5.0,핫해지기 전에 미래를 예측하고 겟 했습니다  지그은 이거 못사쥬,핫해지기 전에 미래를 예측하고 겟 했습니다 지그은 이거 못사쥬
5.0,배송빠르고 다음날 바로 잘왔어요  사이즈는 적힌그대로인듯,배송빠르고 다음날 바로 잘왔어요 사이즈는 적힌그대로인듯
5.0,이뻐요… 다들 검은색 사서 고민 좀 했는데 정말 이뻐요 좀 크게 입고싶었는데 사이즈 딱 좋아요 밑에 지퍼 열고 입어야 이쁨요,이뻐요 다들 검은색 사서 고민 좀 했는데 정말 이뻐요 좀 크게 입고싶었는데 사이즈 딱 좋아요 밑에 지퍼 열고 입어야 이쁨요
5.0,디자인 빈티지해서 너무 마음에 들어요 손이 자주 갑니다,디자인 빈티지해서 너무 마음에 들어요 손이 자주 갑니다
5.0,너무이쁩니다 또사고싶은 가격이에요 강추합니다,너무이쁩니다 또사고싶은 가격이에요 강추합니다
5.0,베켄바우어 트랙탑 다시 뜨고 있어 구매해보았어요,베켄바우어 트랙탑 다시 뜨고 있어 구매해보았어요
5.0,디자인이 너무 빈티지 스럽고 잘어울려서 너무나 만족합니다 5만 8천원에 득템해서 좋아용 무신사 사랑해요,디자인이 너무 빈티지 스럽고 잘어울려서 너무나 만족합니다 만 천원에 득템해서 좋아용 무신사 사랑해요
5.0,착용감 편하고요 재질이 상당히 부드러워서 좋았어요!! 아디다스 오리지널 로고까지 있어서 빈티지한 맛이 느껴집니당ㅋ,착용감 편하고요 재질이 상당히 부드러워서 좋았어요 아디다스 오리지널 로고까지 있어서 빈티지한 맛이 느껴집니당
5.0,넘 싸게 구해서 좋아요! 덩치 좋으신 분들은 작을 것 같음,넘 싸게 구해서 좋아요 덩치 좋으신 분들은 작을 것 같음
5.0,안감이 보들보들한 재질이라 간절기에도 입기 좋을 것 같아요,안감이 보들보들한 재질이라 간절기에도 입기 좋을 것 같아요
5.0,요즘 다시 유행해서 구매햇습니다 만족도가 높고 다른 색상도 사고 싶네요~,요즘 다시 유행해서 구매햇습니다 만족도가 높고 다른 색상도 사고 싶네요
5.0,디자인도 마음이 들고 편해요 재질도 다르네요 굿,디자인도 마음이 들고 편해요 재질도 다르네요 굿
5.0,색은 짙은 네이비입니다. 깔끔하고 선명해서 좋구요. 살짝 크게 주문했는데 예쁩니다. 안을 넉넉하게 입어도 좋을듯하구요. 패션 져지 스타일이라 봄에 멋내기용으로 잘입을것 같아요.,색은 짙은 네이비입니다 깔끔하고 선명해서 좋구요 살짝 크게 주문했는데 예쁩니다 안을 넉넉하게 입어도 좋을듯하구요 패션 져지 스타일이라 봄에 멋내기용으로 잘입을것 같아요
5.0,살짝 기모 재질이어서 봄부터 가을까지 입을 수 있을 거 같아요,살짝 기모 재질이어서 봄부터 가을까지 입을 수 있을 거 같아요
5.0,색감이 사진보다 어두운 편이고 어두워서 더 예쁩니다,색감이 사진보다 어두운 편이고 어두워서 더 예쁩니다
5.0,트랙자켓이 사고 싶어서 아디다스로 샀어요 흰색 디테일이 좋네요,트랙자켓이 사고 싶어서 아디다스로 샀어요 흰색 디테일이 좋네요
5.0,너무 예뻐요  에스보다 엠사길 잘한거 같아요 ~ 다들 많은 구매하세용,너무 예뻐요 에스보다 엠사길 잘한거 같아요 다들 많은 구매하세용
5.0,m사이즈가 없어서 xl사이즈로 샀는데 건조기 한번 돌리니까 괜찮게 맞아요 기장은 엉덩이 덮는정도이고 멋지게 입을 수 있을 것 같네여,m사이즈가 없어서 xl사이즈로 샀는데 건조기 한번 돌리니까 괜찮게 맞아요 기장은 엉덩이 덮는정도이고 멋지게 입을 수 있을 것 같네여
5.0,만족합니다   편하게 잘입을것 같아요. 빠른배송 로켓으로 받았습니다.,만족합니다 편하게 잘입을것 같아요 빠른배송 로켓으로 받았습니다
5.0,깔끔 단정합니다. 색도 선명하니 이쁘구요.  편하게 잘입을것같아요.,깔끔 단정합니다 색도 선명하니 이쁘구요 편하게 잘입을것같아요
4.0,색깔 디자인 다 예쁜데 먼가 핏아 별로에요 기장이 애매;;,색깔 디자인 다 예쁜데 먼가 핏아 별로에요 기장이 애매
5.0,개큽니다!! 그치만 크게 입는게 좋아서 나름 맘에 들어요 두께도 완전 얇진않아요,개큽니다 그치만 크게 입는게 좋아서 나름 맘에 들어요 두께도 완전 얇진않아요
4.0,색감이쁘고 좋아요 사길 너무 발한거 같아 뿌듯하네요,색감이쁘고 좋아요 사길 너무 발한거 같아 뿌듯하네요
5.0,요즘 아디다스 트랙탑이 다시 유행인데 적절하게 잘 산거 같아요!,요즘 아디다스 트랙탑이 다시 유행인데 적절하게 잘 산거 같아요
5.0,사진에서도 좀 밝게 나오는데 좀 더 어두운 남색입니당 실물이 훨씬 이뿌고 일부러 핏도 좀 오버로 샀더니 진짜 날씬해보여요!! 만족합니다 ㅎㅎ,사진에서도 좀 밝게 나오는데 좀 더 어두운 남색입니당 실물이 훨씬 이뿌고 일부러 핏도 좀 오버로 샀더니 진짜 날씬해보여요 만족합니다
5.0,이거 친구꺼 한번 입어보고 너무 예뻐서 사려고 막 찾아 다녔는데 여기서 색깔이 너무 밝아서 첨에 헷갈렸어요..실제로 보면 진짜 이쁜 어두운 남색으로 실물이 훨씬 이뻐요!,이거 친구꺼 한번 입어보고 너무 예뻐서 사려고 막 찾아 다녔는데 여기서 색깔이 너무 밝아서 첨에 헷갈렸어요실제로 보면 진짜 이쁜 어두운 남색으로 실물이 훨씬 이뻐요
5.0,XS가 있으면 더 좋을 뻔 했지만 이게 어디나 싶어 얼른 샀다. 얼른 입고 다닐 날씨가 되면 좋겠다.,XS가 있으면 더 좋을 뻔 했지만 이게 어디나 싶어 얼른 샀다 얼른 입고 다닐 날씨가 되면 좋겠다
5.0,아이기 입은다고 주문을했는데 대만족하고 너무조아합니다,아이기 입은다고 주문을했는데 대만족하고 너무조아합니다
5.0,"간절기에 입기 딱입니다. 핏도 좋고 , 편하게 입기 좋아요",간절기에 입기 딱입니다 핏도 좋고 편하게 입기 좋아요
5.0,ㄹㅇ 예뻐요 아디다스 져지 중 제일 예쁨. 매일 입고 다니겠습니다.,예뻐요 아디다스 져지 중 제일 예쁨 매일 입고 다니겠습니다
5.0,진짜 깔끔 그 자체 색깔입니다!! 배색도 너무너무 귀엽고 만족스러워요!,진짜 깔끔 그 자체 색깔입니다 배색도 너무너무 귀엽고 만족스러워요
5.0,와우 완전 이뻐요 이거입고 여친 만들었습니다 하핫 사이즈는 제가 운동을 한 몸이여서  투엑러로 조졌습니당,와우 완전 이뻐요 이거입고 여친 만들었습니다 하핫 사이즈는 제가 운동을 한 몸이여서 투엑러로 조졌습니당
5.0,편하고 시보리가 개짱짱해요 입고다니고싶었는데 좋아요,편하고 시보리가 개짱짱해요 입고다니고싶었는데 좋아요
5.0,배송도 엄청 빠르고 크게 주문 했는데 제가 생각한 핏 나와서 맘에 들었어요 실물이 훨씬 이쁨 ,배송도 엄청 빠르고 크게 주문 했는데 제가 생각한 핏 나와서 맘에 들었어요 실물이 훨씬 이쁨
5.0,크게 주문 했는데 제가 생각한 핏 나와서 맘에 들었어요,크게 주문 했는데 제가 생각한 핏 나와서 맘에 들었어요
5.0,딱 맞을 줄 알았는데 조금 널널하고 팔이 긺 보기 좋게 길어서 문제는 없고 그냥 색도 핏도 예쁨!!!,딱 맞을 줄 알았는데 조금 널널하고 팔이 긺 보기 좋게 길어서 문제는 없고 그냥 색도 핏도 예쁨
4.0,사이즈며 핏이며 너무 좋습니다 벌써 두벌째 구매네요,사이즈며 핏이며 너무 좋습니다 벌써 두벌째 구매네요
5.0,택배사 실수로 늦게 받았지만 출고는 엄청 빨라요 크게 입으려고 XL 샀는데 라지나 엠도 괜찮을 것 같네요 그리고 팔이 엄청 길어요 색이랑 재질도 너무 마음에 들어요 최고입니당,택배사 실수로 늦게 받았지만 출고는 엄청 빨라요 크게 입으려고 XL 샀는데 라지나 엠도 괜찮을 것 같네요 그리고 팔이 엄청 길어요 색이랑 재질도 너무 마음에 들어요 최고입니당
5.0,앏아요 팔도 길어요 수선해서 입으려합니다 원단좋으,앏아요 팔도 길어요 수선해서 입으려합니다 원단좋으
5.0,하루만에 배송 왔고 지금 날씨에 입어도 괜찮을 것 같아용 디자인은 사진 그대로고 색도 똑같아영,하루만에 배송 왔고 지금 날씨에 입어도 괜찮을 것 같아용 디자인은 사진 그대로고 색도 똑같아영
5.0,M이랑 s가 다 품절이길래 어쩔 수 없이 좀 걱정하면서 L으로 샀는데 잘 맞아요! 조금 크긴 한데 눈으로 보면 뭐 별로 티 안나는 정도? 색상은 화면보다 좀 어두운데 실물이 더 예뻐요 너무너무너무 만족합니당 배송 엄청 빨리옴!,M이랑 s가 다 품절이길래 어쩔 수 없이 좀 걱정하면서 L으로 샀는데 잘 맞아요 조금 크긴 한데 눈으로 보면 뭐 별로 티 안나는 정도 색상은 화면보다 좀 어두운데 실물이 더 예뻐요 너무너무너무 만족합니당 배송 엄청 빨리옴
5.0,골반 부분 시보리가 좀 쫍아서 투웨이로 입어야 할듯.. 갱ㅈㅏㅇ이 이쁨.. 아댜스 체고.. 이제 러시아 일진 가능..,골반 부분 시보리가 좀 쫍아서 투웨이로 입어야 할듯 갱이 이쁨 아댜스 체고 이제 러시아 일진 가능
5.0,색감도 너무 예쁘고 사이즈도 괜찮아서 자주 입고다닐것 같아요,색감도 너무 예쁘고 사이즈도 괜찮아서 자주 입고다닐것 같아요
5.0,너무 예쁘고 색감도 정말 마음에 들어서 자주 입고다닐것 같아요 ! 퀄리티도 너무 좋아서 만족했습니다!,너무 예쁘고 색감도 정말 마음에 들어서 자주 입고다닐것 같아요 퀄리티도 너무 좋아서 만족했습니다
5.0,길이 제 키 기준 딱 적당해요 좀 긴 듯 싶은데 잠그면 밑에가 잡아주는 핏이라 짧아져요 사진에 잘 나오는 것 같아요 살짝 생각보다 광이 도는 느낌이 좀 있었습니다,길이 제 키 기준 딱 적당해요 좀 긴 듯 싶은데 잠그면 밑에가 잡아주는 핏이라 짧아져요 사진에 잘 나오는 것 같아요 살짝 생각보다 광이 도는 느낌이 좀 있었습니다
5.0,진짜 이쁘고 아디다스 져지 중 맘에 가장 들어요. 조금 두꺼운거 같기도 해요,진짜 이쁘고 아디다스 져지 중 맘에 가장 들어요 조금 두꺼운거 같기도 해요
5.0,살짝의 기모 있어서 좋아여 날씨가 좀 더 풀리면 입기 좋을거 같아요,살짝의 기모 있어서 좋아여 날씨가 좀 더 풀리면 입기 좋을거 같아요
5.0,S사이즈로 하니깐 딱 상의로 입기 좋은 느낌? 근데 팔이 엄청 길어요..,S사이즈로 하니깐 딱 상의로 입기 좋은 느낌 근데 팔이 엄청 길어요
5.0,봄리 오니 저지가 입고싶어서 구매했어요...색감이  너무이뻐요,봄리 오니 저지가 입고싶어서 구매했어요색감이 너무이뻐요
5.0,옷 소재 정말 좋구요 핏도 정핏으로 입으니 체형보완도 되고 좋네요 제 스펙이랑 비슷하신분들은 105사이즈 추천드려요!,옷 소재 정말 좋구요 핏도 정핏으로 입으니 체형보완도 되고 좋네요 제 스펙이랑 비슷하신분들은 사이즈 추천드려요
5.0,배송이 빠르고 편하고 진쩌 이쁘네 블랙이랑 고민했는데 블랙도 사야겠어요,배송이 빠르고 편하고 진쩌 이쁘네 블랙이랑 고민했는데 블랙도 사야겠어요
5.0,개이쁨요 핏도 예쁘고 색도 안심심해서 좋은거같음,개이쁨요 핏도 예쁘고 색도 안심심해서 좋은거같음
5.0,"남녀공용 S사이즈라 넉넉할 줄 알았는데 생각보다 타이트한 느낌이네요. 그래도 다른 트랙탑과 다르게, 배색의 느낌이 마음에 듭니다.",남녀공용 S사이즈라 넉넉할 줄 알았는데 생각보다 타이트한 느낌이네요 그래도 다른 트랙탑과 다르게 배색의 느낌이 마음에 듭니다
5.0,검정색사고 넘 이뻐서 이색으로 또 구매했습니다! ,검정색사고 넘 이뻐서 이색으로 또 구매했습니다
5.0,와 ㄹㅇ 진심 너무너무 예뻐요 ㅠㅠ 한 눈에 반해버려서 바로 구매했어요 ,와 진심 너무너무 예뻐요 한 눈에 반해버려서 바로 구매했어요
5.0,와 ㄹㅇ 겁나 이뻐요 색 진짜이쁘고 핏이 너무 너무 이뻐요 자크 끝까지 올려서 입으면 더 이쁨 강추해요,와 겁나 이뻐요 색 진짜이쁘고 핏이 너무 너무 이뻐요 자크 끝까지 올려서 입으면 더 이쁨 강추해요
5.0,단 한번도 아디다스져지 안이쁜적이 업네영  당장 입고 나갑니다  청바지랑 굿 매치네요 하이넥이라 더 고급져여 다른색도 사야겠어여 ^^,단 한번도 아디다스져지 안이쁜적이 업네영 당장 입고 나갑니다 청바지랑 굿 매치네요 하이넥이라 더 고급져여 다른색도 사야겠어여
