Star,Review,Processed_Review
5.0,"우선 저는 여잔데 크게 입을 각오하고 S주문했어요 • 예상대로 크긴 큽니당 엄청 커요 !!!  • 소매가 긴데 소매 걷어입으면 안쪽에 코듀로이로 되어있어서 귀여워요 • 주머니도 무려 3개나 달려있어요 (쓰진 않겠지만 양쪽다 크게 3개씩 총 6포켓이라 귀여워요) • 단추는 똑딱이 단추라 입고 벗기도 편하고, 빈티지한 골드버튼이라 멋스러워요 • 색감은 물빠진 색감일 줄 알았는데 예상보단 선명했어요 • 폭이 엄청 넉넉해서 안에 아무리 껴입어도 충분할 거 같아요 • 여성분들은 그냥 고민 없이 S하시면 될 거 같아요 • 짧은 바지나 치마랑 코디하면 제가 원했던 느낌이 나와서 만족합니다 • 남자분들이 자켓으로 입기엔 기장이 길고, 코트느낌이라기엔 또 짧은 느낌이에요 • 오히려 박시한 아우터 좋아하시는 여성분들께 추천드리고 싶어요 ! • 와이드 팬츠랑 입으면 힙한무드 연출 가능하고, 짧은 옷은 여성스럽고 귀여워질 수 있어요",우선 저는 여잔데 크게 입을 각오하고 S주문했어요 예상대로 크긴 큽니당 엄청 커요 소매가 긴데 소매 걷어입으면 안쪽에 코듀로이로 되어있어서 귀여워요 주머니도 무려 개나 달려있어요 쓰진 않겠지만 양쪽다 크게 개씩 총 포켓이라 귀여워요 단추는 똑딱이 단추라 입고 벗기도 편하고 빈티지한 골드버튼이라 멋스러워요 색감은 물빠진 색감일 줄 알았는데 예상보단 선명했어요 폭이 엄청 넉넉해서 안에 아무리 껴입어도 충분할 거 같아요 여성분들은 그냥 고민 없이 S하시면 될 거 같아요 짧은 바지나 치마랑 코디하면 제가 원했던 느낌이 나와서 만족합니다 남자분들이 자켓으로 입기엔 기장이 길고 코트느낌이라기엔 또 짧은 느낌이에요 오히려 박시한 아우터 좋아하시는 여성분들께 추천드리고 싶어요 와이드 팬츠랑 입으면 힙한무드 연출 가능하고 짧은 옷은 여성스럽고 귀여워질 수 있어요
5.0,포인트 되는 부분들이 귀여워서 샀어요!! 자켓 느낌으로 입어도 예쁘고 남방 입은 것처럼 입어도 예뻐요!!!,포인트 되는 부분들이 귀여워서 샀어요 자켓 느낌으로 입어도 예쁘고 남방 입은 것처럼 입어도 예뻐요
4.0,실측 엄청 크길래 사이즈 다운했습니다 2사이즈 다운해도 될 듯..? 다 좋은데 충격인건 ss 버전 나오고나서야 드디어 배송이 옴..ㅜㅜ,실측 엄청 크길래 사이즈 다운했습니다 사이즈 다운해도 될 듯 다 좋은데 충격인건 ss 버전 나오고나서야 드디어 배송이 옴
3.0,생각보다 색이 어둡습니다. 네이비보다 거의 블랙처럼 보여요. 입을까 반품할까 고민하다가 입기로 했네요.,생각보다 색이 어둡습니다 네이비보다 거의 블랙처럼 보여요 입을까 반품할까 고민하다가 입기로 했네요
5.0,디자인 정말 이뻐요 173에 60키초 S사이즈인데 약간 오버하게 맞아요,디자인 정말 이뻐요 에 키초 S사이즈인데 약간 오버하게 맞아요
4.0,우선 가성비가 정말 좋아요. 이가격에 워크 자켓이라니.. 얇은데 오히려 요즘 날씨에 반팔에 입고 벗기 딱 좋습니다. 색감이 어둡고  사이즈는 오버핏이라 커요!,우선 가성비가 정말 좋아요 이가격에 워크 자켓이라니 얇은데 오히려 요즘 날씨에 반팔에 입고 벗기 딱 좋습니다 색감이 어둡고 사이즈는 오버핏이라 커요
4.0,"저렴한 가격에 워크자켓을 살 수 있어서 좋네요! 배송은 예약배송이라 다소 느렸고, 생각보다 꽤나 얇은 두께였지만 오히려 더워지고 있는 날씨에 지금 입기에 딱이에요!",저렴한 가격에 워크자켓을 살 수 있어서 좋네요 배송은 예약배송이라 다소 느렸고 생각보다 꽤나 얇은 두께였지만 오히려 더워지고 있는 날씨에 지금 입기에 딱이에요
5.0,워크자켓 대유행으로 데일리착용을 위해 구입해봤습니다ㅎㅎ 라퍼지스토어 역시 가성비 최고입니다. 특히 앞주머니 디테일 대박입니다!!,워크자켓 대유행으로 데일리착용을 위해 구입해봤습니다 라퍼지스토어 역시 가성비 최고입니다 특히 앞주머니 디테일 대박입니다
5.0,178에 74키로기준 s사이즈가 정사이즈에서 약간 오버핏으로 잘 맞아요 제가 딱 원한 사이즈감이네요,에 키로기준 s사이즈가 정사이즈에서 약간 오버핏으로 잘 맞아요 제가 딱 원한 사이즈감이네요
5.0,완전 최고맘에듭니다. 주머니 상표등 디테일이 너무과하지않고적당히 절제되어 들어갔으나 아메카지 특유의 야상자켓 느낌이 합쳐저 코디범용성이 넖을것같습니다. 좋은소재의 웰메이드 옷 저렴하게 만났네요. 카키색도 정말이쁩니다.,완전 최고맘에듭니다 주머니 상표등 디테일이 너무과하지않고적당히 절제되어 들어갔으나 아메카지 특유의 야상자켓 느낌이 합쳐저 코디범용성이 넖을것같습니다 좋은소재의 웰메이드 옷 저렴하게 만났네요 카키색도 정말이쁩니다
5.0,딱 지금 시기에 입기 좋은 두께에요. 사이즈는 엄청 크다는 후기 보고 s구매했는데두 약간 긴편이네요. 소매는 한번 접어서 입으니 딱입니다. 원하는 핏입니다 굿굿,딱 지금 시기에 입기 좋은 두께에요 사이즈는 엄청 크다는 후기 보고 s구매했는데두 약간 긴편이네요 소매는 한번 접어서 입으니 딱입니다 원하는 핏입니다 굿굿
5.0,이쁩니다 주머니도 많아서 용이하고 목부분 손목부분 골지패턴도 접었을때 유니크해요!,이쁩니다 주머니도 많아서 용이하고 목부분 손목부분 골지패턴도 접었을때 유니크해요
5.0,에스입으세영 여자분들 ㅋㅋ 너무이뻐용 박시핏에 기여워 재질도진짜너무좋궁 여기옷마니잇는데 살때마다 품질이 죠아,에스입으세영 여자분들 너무이뻐용 박시핏에 기여워 재질도진짜너무좋궁 여기옷마니잇는데 살때마다 품질이 죠아
5.0,너무예뻐용 여자박시핏으로 에스가능~ 반바지에반팔에입으면 너무날씬해보이고조아용 ㅎㅎ 이거사진은 안에 기모맨투맨을입아서 ㅋㅋ 그런거구용 강츄츄,너무예뻐용 여자박시핏으로 에스가능 반바지에반팔에입으면 너무날씬해보이고조아용 이거사진은 안에 기모맨투맨을입아서 그런거구용 강츄츄
5.0,배송빨리오고 만족합니다 사진과동일한 제품이네요,배송빨리오고 만족합니다 사진과동일한 제품이네요
5.0,데일리룩으로 입기 좋아요 착용감도 편하고 핏도 예쁩니다 어느 옷에든 다 잘어울려서 마음에듭니다,데일리룩으로 입기 좋아요 착용감도 편하고 핏도 예쁩니다 어느 옷에든 다 잘어울려서 마음에듭니다
4.0,"남편이 평소 105사이즈입고 가슴이 발달된 체형인데 핏 여유롭게 맞네요. 인터넷쇼핑으로 성공확률 50프로 될까말까 인데 이번엔 성공이에요!! 아우터 너무 무거우면 안입게 되고, 너무 가벼워도 없어보이는데 무게감 딱 적당해서 봄 가을 아우터로 아주 만족입니다. 여행가서 저도 한번씩 뺏어 입었는데 물론 크지만 보기 싫을 정도는 아니였네요. 라퍼지스토어 아우터 두번째 구매인데 이제 믿음이 가네요. 가성비 좋은 브랜드인 것 같아요~",남편이 평소 사이즈입고 가슴이 발달된 체형인데 핏 여유롭게 맞네요 인터넷쇼핑으로 성공확률 프로 될까말까 인데 이번엔 성공이에요 아우터 너무 무거우면 안입게 되고 너무 가벼워도 없어보이는데 무게감 딱 적당해서 봄 가을 아우터로 아주 만족입니다 여행가서 저도 한번씩 뺏어 입었는데 물론 크지만 보기 싫을 정도는 아니였네요 라퍼지스토어 아우터 두번째 구매인데 이제 믿음이 가네요 가성비 좋은 브랜드인 것 같아요
5.0,생각보다 두께감이 앏고 사이즈가 컸지만 디자인 디테일 전부 만족합니다,생각보다 두께감이 앏고 사이즈가 컸지만 디자인 디테일 전부 만족합니다
4.0,"정말 예쁜 자켓입니다. 원단도 탄탄하고 아주 좋아요. 어디에나 다 어울려요 넉넉한 105 느낌입니다. 치노, 청바지에 다 굿이요",정말 예쁜 자켓입니다 원단도 탄탄하고 아주 좋아요 어디에나 다 어울려요 넉넉한 느낌입니다 치노 청바지에 다 굿이요
4.0,"바늘질 마감이 너무 안좋아서 한번 교환했지만, 이것도 그다지 마음엔 들진 않네요^^;;  다른 라퍼지 옷들에 비해서  바늘질 마감 상당히 안좋습니다... 보세옷 퀄리티보다 아주 살짝 좋은정도네요.   디자인 디테일 핏감 모두 마음에 들지만.. 마감이 다 말아먹는 느낌의 옷입니다^^;;",바늘질 마감이 너무 안좋아서 한번 교환했지만 이것도 그다지 마음엔 들진 않네요 다른 라퍼지 옷들에 비해서 바늘질 마감 상당히 안좋습니다 보세옷 퀄리티보다 아주 살짝 좋은정도네요 디자인 디테일 핏감 모두 마음에 들지만 마감이 다 말아먹는 느낌의 옷입니다
4.0,"사진으로 볼 땐 이뻤는데 직접 받아보니 이게 무슨 옷인지 사실 좀 갸우뚱하게 됩니다. 디자인도 그렇지만 핏 때문에 더 그런 것 같아요. 많이 커서 바로 세탁, 건조기 코스로 좀 줄였는데 여전히 좀 부한 감이 있습니다. 구매한 가격대비 퀄리티는 괜찮아서 그 점은 만족합니다. 더위가 일찍 찾아와서 요즘 입기는 힘들겠네요.",사진으로 볼 땐 이뻤는데 직접 받아보니 이게 무슨 옷인지 사실 좀 갸우뚱하게 됩니다 디자인도 그렇지만 핏 때문에 더 그런 것 같아요 많이 커서 바로 세탁 건조기 코스로 좀 줄였는데 여전히 좀 부한 감이 있습니다 구매한 가격대비 퀄리티는 괜찮아서 그 점은 만족합니다 더위가 일찍 찾아와서 요즘 입기는 힘들겠네요
5.0,남친 선물로 구매했어요 옷 너무 예뻐요:) 잘 구매한거 같아요💗,남친 선물로 구매했어요 옷 너무 예뻐요 잘 구매한거 같아요
5.0,딱 요즘 걸치기 좋네요 길이감이 좀 있구요 주머니 다섯개 귀여워요 청바지랑 입어도 잘 어울리네요,딱 요즘 걸치기 좋네요 길이감이 좀 있구요 주머니 다섯개 귀여워요 청바지랑 입어도 잘 어울리네요
5.0,제품 무난해서 여러스타일의 코디에도 잘 매치될거 같아서 좋아요,제품 무난해서 여러스타일의 코디에도 잘 매치될거 같아서 좋아요
4.0,사이즈가 꽤 크게 나왔네요. 소매가 조금 길고 기장은 많이 깁니다.,사이즈가 꽤 크게 나왔네요 소매가 조금 길고 기장은 많이 깁니다
5.0,합리적인 가격에 디자인 좋은 옷을 구매해서 좋아요,합리적인 가격에 디자인 좋은 옷을 구매해서 좋아요
5.0,사이즈 상당히 넉넉해요. 사이즈 하나 내려서 구매하시는 걸 추천드려요,사이즈 상당히 넉넉해요 사이즈 하나 내려서 구매하시는 걸 추천드려요
5.0,너무 좋아요~! 여자가 입어도 잘 어울리는 옷이예요. 가을 준비해놓으려구요. 그런데 왜 한쪽 주머이는 밑에 튿어져있죠?,너무 좋아요 여자가 입어도 잘 어울리는 옷이예요 가을 준비해놓으려구요 그런데 왜 한쪽 주머이는 밑에 튿어져있죠
5.0,가볍게 입기 좋은 아우터입니다 사이즈는 크게 나왔어요,가볍게 입기 좋은 아우터입니다 사이즈는 크게 나왔어요
5.0,185 95 인데도 불구하고 오버하게 잘맞습니다 참고하ㅛㅣ면 좋을듯.함니다,인데도 불구하고 오버하게 잘맞습니다 참고하면 좋을듯함니다
4.0,제품 자체는 마음에 듭니다. 다만 비닐 포장에 떼다 남은 스티커 자국과 라벨은 옷과 분리된 상태로 들어 있어 새 상품이 아닌 것 같은 느낌이 들더군요. 이런 부분 신경 써 주셨으면 합니다.,제품 자체는 마음에 듭니다 다만 비닐 포장에 떼다 남은 스티커 자국과 라벨은 옷과 분리된 상태로 들어 있어 새 상품이 아닌 것 같은 느낌이 들더군요 이런 부분 신경 써 주셨으면 합니다
5.0,173에 72키로 S사이즈가 정말딱입니다. M부터는 너무큽니다. 강력추천합니다.,에 키로 S사이즈가 정말딱입니다 M부터는 너무큽니다 강력추천합니다
5.0,사길 잘한 것 같아요 디자인이 예쁘고  핏도 예쁘네요,사길 잘한 것 같아요 디자인이 예쁘고 핏도 예쁘네요
5.0,빠른 배송 너무 좋았습니다 옷은 사이즈 넉넉해서 루즈하게 입기 좋네요,빠른 배송 너무 좋았습니다 옷은 사이즈 넉넉해서 루즈하게 입기 좋네요
5.0,원하던 핏과 기장감입니다. 간절기에 입으면 딱일것같고 멋스러운 워크자켓이네요,원하던 핏과 기장감입니다 간절기에 입으면 딱일것같고 멋스러운 워크자켓이네요
5.0,다른 제품들은 세탁하고 나면 색상이 쉽게 빠지는 단점이 있던 반면에 여기 제품은 색상이 세탁하고 나서 빠지지 않아서 정말 좋네요. 주변 지인들에게도 추천 많이 했는데 다들 좋아하네요.,다른 제품들은 세탁하고 나면 색상이 쉽게 빠지는 단점이 있던 반면에 여기 제품은 색상이 세탁하고 나서 빠지지 않아서 정말 좋네요 주변 지인들에게도 추천 많이 했는데 다들 좋아하네요
4.0,편한거같아서 일단좋아요 편하게입고 다닐게요,편한거같아서 일단좋아요 편하게입고 다닐게요
5.0,한 사이즈다운 추천합니다 많이 크지 않아서 좋아요,한 사이즈다운 추천합니다 많이 크지 않아서 좋아요
5.0,스타일링 하기 너무 좋고 툭 걸치기만 해도 멋 납니다,스타일링 하기 너무 좋고 툭 걸치기만 해도 멋 납니다
5.0,오버핏이라 크게 나오네요 평소 110사이즈인데도 크네요,오버핏이라 크게 나오네요 평소 사이즈인데도 크네요
5.0,이뿝니다 이뿌구여 이뻐요! 배송도 빠르고 실뭉이 더 이부네요,이뿝니다 이뿌구여 이뻐요 배송도 빠르고 실뭉이 더 이부네요
5.0,디자인이 단조롭지 않으면서 너무 튀지도 않는 것이 정말 좋습니다. 제 신체 사이즈에도 잘 맞구요. 좋은 옷 감사합니다.,디자인이 단조롭지 않으면서 너무 튀지도 않는 것이 정말 좋습니다 제 신체 사이즈에도 잘 맞구요 좋은 옷 감사합니다
5.0,생각보다 크긴 큽니다. 작은 체격은 아닌데 M사이즈도 살짝 오버핏이네요.  소매는 접으면 딱 맞네요~ 가볍게 입기 좋을 것 같습니다. 이쁘네요~ 근데 군대군대 마감이 살짝 아쉽습니다.,생각보다 크긴 큽니다 작은 체격은 아닌데 M사이즈도 살짝 오버핏이네요 소매는 접으면 딱 맞네요 가볍게 입기 좋을 것 같습니다 이쁘네요 근데 군대군대 마감이 살짝 아쉽습니다
5.0,간편하게 걸쳐입기 좋을거같아요 아직 입을시기가 아니지만 미리 구매했어요  좋으면 나중에 린넨 버전도 구입예정 입니다,간편하게 걸쳐입기 좋을거같아요 아직 입을시기가 아니지만 미리 구매했어요 좋으면 나중에 린넨 버전도 구입예정 입니다
5.0,많이 커서 스몰로 주문했고 잘 맞습니다. 민족합니다,많이 커서 스몰로 주문했고 잘 맞습니다 민족합니다
4.0,160cm 키에 전체 기장이 기나 폭 싸이는 편안한 느낌을 원해서 전 만족합니다. ,cm 키에 전체 기장이 기나 폭 싸이는 편안한 느낌을 원해서 전 만족합니다
5.0,너무 마음에 들어요 편해요 잘 구매 한 것 같아요 또 구매의사 있어요,너무 마음에 들어요 편해요 잘 구매 한 것 같아요 또 구매의사 있어요
5.0,배송이 빠르고 너무 좋아요 품은 좀 큰편이에요 !!ㅇ99,배송이 빠르고 너무 좋아요 품은 좀 큰편이에요
5.0,"워크 자켓답게 살짝 원단에 힘이 있으며, 활동하기에도 편하게 부드러움이 갖춰져 있습니다. 감사합니다",워크 자켓답게 살짝 원단에 힘이 있으며 활동하기에도 편하게 부드러움이 갖춰져 있습니다 감사합니다
5.0,"첨부된 사진의 색감보다 더 진한 남색입니다. 워크 자켓답게 살짝 원단에 힘이 있으며, 활동하기에도 편하게 부드러움이 갖춰져 있습니다. 감사합니다",첨부된 사진의 색감보다 더 진한 남색입니다 워크 자켓답게 살짝 원단에 힘이 있으며 활동하기에도 편하게 부드러움이 갖춰져 있습니다 감사합니다
5.0,색상도 이쁘고 사이즈도 좋고 포장도 꼼꼼하고 만족합니다,색상도 이쁘고 사이즈도 좋고 포장도 꼼꼼하고 만족합니다
5.0,봄 가을에 입기 좋아요 좀 크긴 큰데 오버핏으로 딱입니다,봄 가을에 입기 좋아요 좀 크긴 큰데 오버핏으로 딱입니다
4.0,할인해서 가을에 입을거 미리 샀어요 생각보다 길이가 긴데 뭐..  사진과 동일해요,할인해서 가을에 입을거 미리 샀어요 생각보다 길이가 긴데 뭐 사진과 동일해요
5.0,배송 너무 빠르고요 오버핏으로 편하게 입기 좋을거같아요,배송 너무 빠르고요 오버핏으로 편하게 입기 좋을거같아요
5.0,아직 입어 보진않았지만 라퍼지스토오 옷은 뭐 이쁘죠,아직 입어 보진않았지만 라퍼지스토오 옷은 뭐 이쁘죠
5.0,워크자켓 사고싶었는데 세일하면서 득템했습니다. 착용감 좋고 가을에 걸쳐서 입기 딱 좋은 것 같아요 프렌치한 느낌의 워크자켓 찾으신다면 강추드립니다! 사이즈 오버한 느낌이라 안에 어느정도 두께감 있는 옷을 입으면 딱 좋을 것 같아요,워크자켓 사고싶었는데 세일하면서 득템했습니다 착용감 좋고 가을에 걸쳐서 입기 딱 좋은 것 같아요 프렌치한 느낌의 워크자켓 찾으신다면 강추드립니다 사이즈 오버한 느낌이라 안에 어느정도 두께감 있는 옷을 입으면 딱 좋을 것 같아요
5.0,봄가을초겨울 입기좋은 워크자켓 가성비좋고 오버핏이라 M사이즈가 잘맞네요,봄가을초겨울 입기좋은 워크자켓 가성비좋고 오버핏이라 M사이즈가 잘맞네요
5.0,생각했던 무드로 클래식 하게 입기 좋아요 합리적 가격에 좋은품질 이네요~^^ ,생각했던 무드로 클래식 하게 입기 좋아요 합리적 가격에 좋은품질 이네요
5.0,생각했던 무드로 클래식 하게 입기 좋아요 합리적 가격에 좋은품질 이네요~^^,생각했던 무드로 클래식 하게 입기 좋아요 합리적 가격에 좋은품질 이네요
5.0,착용감도 좋고 핏 색감 다 만족입니다 최고입니다,착용감도 좋고 핏 색감 다 만족입니다 최고입니다
5.0,빠른 배송 너무 만족해요 실물도 만족하구 재구매예정입니다 ,빠른 배송 너무 만족해요 실물도 만족하구 재구매예정입니다
5.0,2사이즈 낮춰서 큼 두껍진않음 세일해서 4.8 좋음,사이즈 낮춰서 큼 두껍진않음 세일해서 좋음
5.0,적당하게 큰데 일단 사이즈는 2다운 하시는걸 추천합니다.,적당하게 큰데 일단 사이즈는 다운 하시는걸 추천합니다
5.0,워크자켓 하나쯤은 가지고 가야되지 않겠습니까,워크자켓 하나쯤은 가지고 가야되지 않겠습니까
5.0,배송 빠르게 받았어요! 재질 부드럽고 무난하고 질 좋아서 만족해요,배송 빠르게 받았어요 재질 부드럽고 무난하고 질 좋아서 만족해요
4.0,오배송으로 문제도있었지만. 결국 잘 받아서 한동안 잘입고다녔습니다. 그런데 끝단쪽에 실밥이 너무 많이 풀려있어서 하나하나 잘라주고 손대줘야했어요.  사이즈는 예상했던것보다도 더 큰 것 같습니다. ,오배송으로 문제도있었지만 결국 잘 받아서 한동안 잘입고다녔습니다 그런데 끝단쪽에 실밥이 너무 많이 풀려있어서 하나하나 잘라주고 손대줘야했어요 사이즈는 예상했던것보다도 더 큰 것 같습니다
5.0,여기저기 실밥이 보이는 것 빼고는 모두 만족합니다. 사이즈는 생각한것보다도 크고. 양쪽 주머니 하단에 숨겨진 주머니까지해서 5p 이네요. 간절기 입기 좋을것 같아요. ,여기저기 실밥이 보이는 것 빼고는 모두 만족합니다 사이즈는 생각한것보다도 크고 양쪽 주머니 하단에 숨겨진 주머니까지해서 p 이네요 간절기 입기 좋을것 같아요
5.0,너무 포멀하지 않게 편하게 걸치기 좋은 조금 두꺼운 셔켓같은 느낌입니다,너무 포멀하지 않게 편하게 걸치기 좋은 조금 두꺼운 셔켓같은 느낌입니다
5.0,편하게 걸치기 좋은 조금 두꺼운 셔켓 같은 느낌입니다,편하게 걸치기 좋은 조금 두꺼운 셔켓 같은 느낌입니다
5.0,전 광택없이 이렇게 생긴게 좋더라구요 만족합니다,전 광택없이 이렇게 생긴게 좋더라구요 만족합니다
5.0,생각보다 두꺼워요. 가볍게 입을 아우터로 괜찮아요,생각보다 두꺼워요 가볍게 입을 아우터로 괜찮아요
5.0,옷 핏도 깔끔하거 좋습니다. 좋은가격에 사서 득해서 좋습니다,옷 핏도 깔끔하거 좋습니다 좋은가격에 사서 득해서 좋습니다
5.0,커플로 입으려고 하나 더 샀어요 커플로 입으니 더 이쁨,커플로 입으려고 하나 더 샀어요 커플로 입으니 더 이쁨
5.0,여름 빼고는 잘 입을수잇을듯 옷 이쁘고 핏도 이뻐요,여름 빼고는 잘 입을수잇을듯 옷 이쁘고 핏도 이뻐요
5.0,키 162 여자에게 이정도 기장으로 떨어지구요 초가을에 반바지랑 코디하면 너무 이쁠거같아요 추천합니다,키 여자에게 이정도 기장으로 떨어지구요 초가을에 반바지랑 코디하면 너무 이쁠거같아요 추천합니다
5.0,네이비색 구매후 스타일이 좋아서 베이지색 추가구입합니다,네이비색 구매후 스타일이 좋아서 베이지색 추가구입합니다
5.0,세일 기간에 구매해서 저렴하게 잘 구입했습니다. 색감은 화면으로 본 거랑 같습니다.,세일 기간에 구매해서 저렴하게 잘 구입했습니다 색감은 화면으로 본 거랑 같습니다
4.0,가격대비 실물이 좋은 옷👍 다른 색상도 구매 의사 있음.,가격대비 실물이 좋은 옷 다른 색상도 구매 의사 있음
4.0,잘받았습니다 감사합니다 잘받았습니다 감사합니다  잘받았습니다 감사합니다 잘받았습니다 감사합니다 ,잘받았습니다 감사합니다 잘받았습니다 감사합니다 잘받았습니다 감사합니다 잘받았습니다 감사합니다
5.0,배송도 정말 빠르구요 옷도 정말 이쁩니다 추천이여,배송도 정말 빠르구요 옷도 정말 이쁩니다 추천이여
5.0,기장이 길어서 더 스타일 있어보입니다 ㅎㅎ 카라 밑이랑 소매 부분에 코듀로이 재질이어서 더 개성있네여 사이즈는 한치수 다운하시면 될듯여 저는 179에 75 입니다,기장이 길어서 더 스타일 있어보입니다 카라 밑이랑 소매 부분에 코듀로이 재질이어서 더 개성있네여 사이즈는 한치수 다운하시면 될듯여 저는 에 입니다
5.0,사이즈 한치수에서 두치수는 크게 사야합니당 이쁘니다 배송도빨라요오 잘입을께요오,사이즈 한치수에서 두치수는 크게 사야합니당 이쁘니다 배송도빨라요오 잘입을께요오
5.0,이건 보자마자 사야된다며 네이비 카키 동시 구매한 제품. 생각대로 스타일 좋음! 추천!!,이건 보자마자 사야된다며 네이비 카키 동시 구매한 제품 생각대로 스타일 좋음 추천
5.0,기장감이 일단 마음에 들고요 마감부분도 만족해요 봄가을에 가볍게 걸치기 좋을거같아요 만족스러워요,기장감이 일단 마음에 들고요 마감부분도 만족해요 봄가을에 가볍게 걸치기 좋을거같아요 만족스러워요
5.0,간절기에 편하게 입으려고 샀는데 너무 마음에 들어요 다른색상도 구매하려고요,간절기에 편하게 입으려고 샀는데 너무 마음에 들어요 다른색상도 구매하려고요
5.0,색상도 재질도 마음에들어요 그렇게 무겁지도않아서 자주 손이가네요,색상도 재질도 마음에들어요 그렇게 무겁지도않아서 자주 손이가네요
5.0,사이즈가 넉넉해서 너무 편해요! 간절기에 주구장창 입었습니다,사이즈가 넉넉해서 너무 편해요 간절기에 주구장창 입었습니다
5.0,한치수 작게 시켜도 저한테는 오버핏이네요 소매부분 걷어서 입으면 이쁠것같아요,한치수 작게 시켜도 저한테는 오버핏이네요 소매부분 걷어서 입으면 이쁠것같아요
3.0,반팔티에 툭 걸치기 좋아요 생각보다 원단에 힘은 없습니다,반팔티에 툭 걸치기 좋아요 생각보다 원단에 힘은 없습니다
4.0,생각했던 그대로의 색감이어서 만족합니다 편하게 입을수 있네요,생각했던 그대로의 색감이어서 만족합니다 편하게 입을수 있네요
5.0,라퍼지스토어 옷은 다 밋밋하지 않고 개성있으면서 핏도 예뻐서 자꾸 구매하게 됩니다.,라퍼지스토어 옷은 다 밋밋하지 않고 개성있으면서 핏도 예뻐서 자꾸 구매하게 됩니다
5.0,사이즈가 더 컷으면 그런데 s사이즈가 딱 맞네요 이쁩니다 !!,사이즈가 더 컷으면 그런데 s사이즈가 딱 맞네요 이쁩니다
5.0,질감도너무좋구 하나더구입해야겠어요^^ 입어보니핏도너무이쁘네요~ 잘입을게요~ㅎ,질감도너무좋구 하나더구입해야겠어요 입어보니핏도너무이쁘네요 잘입을게요
4.0,색상이랑 소재는 좋은데 약간 주머니는 약한것같아요,색상이랑 소재는 좋은데 약간 주머니는 약한것같아요
5.0,실제보다 사진이 밝게 나왔는데  디자인이며 핏이 좋아요  마감이 살짝 아쉽긴 해요 ,실제보다 사진이 밝게 나왔는데 디자인이며 핏이 좋아요 마감이 살짝 아쉽긴 해요
5.0,제품질이 기대했던것보다 훨씬 뛰어나고 만족스러워요~~!,제품질이 기대했던것보다 훨씬 뛰어나고 만족스러워요
5.0,"초봄, 초가을에 입기 좋아요 최근에 날씨가 일교차 컸는데 잘 입었어요",초봄 초가을에 입기 좋아요 최근에 날씨가 일교차 컸는데 잘 입었어요
5.0,일단 디자인은 너무 마음에 듭니다 어디든 소화가잘될꺼같은 느낌이랄까요  무튼 너무 마음에드는 아이템입니다 추천합니다 ㅎㅎ,일단 디자인은 너무 마음에 듭니다 어디든 소화가잘될꺼같은 느낌이랄까요 무튼 너무 마음에드는 아이템입니다 추천합니다
5.0,옷도착후 입어보고 완전만족 쥬말에입고나가야지했는데 사고로 입원중 ㅠ,옷도착후 입어보고 완전만족 쥬말에입고나가야지했는데 사고로 입원중
4.0,정말 예쁜 자켓입니다. 원단도 탄탄하고 아주 좋아요. 어디에나 다 어울려요 넉넉한 105 느낌입니다.,정말 예쁜 자켓입니다 원단도 탄탄하고 아주 좋아요 어디에나 다 어울려요 넉넉한 느낌입니다
4.0,정말 예쁜 자켓입니다. 원단도 탄탄하고 아주 좋아요. 어디에나 다 어울려요,정말 예쁜 자켓입니다 원단도 탄탄하고 아주 좋아요 어디에나 다 어울려요
5.0,박음질이 탄탄하고 옷 재질이 좋아요 간절기에 입기도 좋고 스 펙 확인하여 구매해주세요! 만족합니다. 가성비가 좋은것 같아요 ,박음질이 탄탄하고 옷 재질이 좋아요 간절기에 입기도 좋고 스 펙 확인하여 구매해주세요 만족합니다 가성비가 좋은것 같아요
5.0,"보통 100, L 사이즈 즐겨 입습니다. 옷이 많이 크게 나와서 S 사이즈 입어도 이쁘게 잘 맞네요. 너무 오버한거 싫어 하시는분은 사이즈 다운 하시면 어떤 핏의 바지와 입어도 이쁘게 맞을 듯 해요 ㅎ",보통 L 사이즈 즐겨 입습니다 옷이 많이 크게 나와서 S 사이즈 입어도 이쁘게 잘 맞네요 너무 오버한거 싫어 하시는분은 사이즈 다운 하시면 어떤 핏의 바지와 입어도 이쁘게 맞을 듯 해요
5.0,와이드보다는 반바지나 슬림핏이랑 입어야 예쁠듯합니다 ㄱㅇ래도 좋마하는 스타일이가 아주 만에 들어용,와이드보다는 반바지나 슬림핏이랑 입어야 예쁠듯합니다 래도 좋마하는 스타일이가 아주 만에 들어용
5.0,소재가 탄탄하고 좋아요 ⠀  사계절 내내 어떻게 레이어드하냐따라 잘 입을 듯,소재가 탄탄하고 좋아요 사계절 내내 어떻게 레이어드하냐따라 잘 입을 듯
4.0,사이즈 배송 디자인 모두 마음에 들어요 번성하세요,사이즈 배송 디자인 모두 마음에 들어요 번성하세요
5.0,간절기때 입기 딱좋은 얇기고 핏도 오버핏으로 딱좋아요!! 셔츠 자켓 느낌나네요!!,간절기때 입기 딱좋은 얇기고 핏도 오버핏으로 딱좋아요 셔츠 자켓 느낌나네요
4.0,색상 디자인 화면이랑 똑같아요 아무 옷에 다 어울려요,색상 디자인 화면이랑 똑같아요 아무 옷에 다 어울려요
5.0,옷 이쁩니다 편하게 어디나걸치기 좋아요 만족스럽네요,옷 이쁩니다 편하게 어디나걸치기 좋아요 만족스럽네요
5.0,가격대비 만족합니다 탄탄한 재질이고 가을에 입기 좋을 것 같아유,가격대비 만족합니다 탄탄한 재질이고 가을에 입기 좋을 것 같아유
4.0,데일리룩으로 입기 좋아요!  사이즈가 조금 크지만 만족합니다,데일리룩으로 입기 좋아요 사이즈가 조금 크지만 만족합니다
5.0,뭔가 평범하면서도 깔끔하게 챙겨입은 느낌의 옷이라 좋습니다,뭔가 평범하면서도 깔끔하게 챙겨입은 느낌의 옷이라 좋습니다
5.0,한달동안 잘 입고 다녔어요 엉덩이 가려줘서 굿굿,한달동안 잘 입고 다녔어요 엉덩이 가려줘서 굿굿
5.0,좋습니다 다음에도 추가 구매하고 싶어요 굿입니다,좋습니다 다음에도 추가 구매하고 싶어요 굿입니다
5.0,봄에 입기 딱 좋아요~ 셔츠보다 조금 두꺼우며 예쁘네요,봄에 입기 딱 좋아요 셔츠보다 조금 두꺼우며 예쁘네요
5.0,색감이랑 핏이 예뻐요 봄 가을에 입기 좋은 두께감이라 지금은 조금 아쉽지만 소장하기 좋아요,색감이랑 핏이 예뻐요 봄 가을에 입기 좋은 두께감이라 지금은 조금 아쉽지만 소장하기 좋아요
5.0,핏이 예뻐요 아직까진 저녁에 입을정도로 괜찮은데 더 더워지면 힘들겠네요 봄 가을 입기 예뻐요,핏이 예뻐요 아직까진 저녁에 입을정도로 괜찮은데 더 더워지면 힘들겠네요 봄 가을 입기 예뻐요
5.0,핏이 이뻐요 오버핏으로 봄가을 입기 좋아요 잘입을게요,핏이 이뻐요 오버핏으로 봄가을 입기 좋아요 잘입을게요
5.0,이렇게 자주 입게 될지 몰랐는데 .. 안에 깔끔한 이너 하나 입고 코튼 팬츠나 청바지 등등 여러 바지랑 매치하기 편해서 손이 갑니다,이렇게 자주 입게 될지 몰랐는데 안에 깔끔한 이너 하나 입고 코튼 팬츠나 청바지 등등 여러 바지랑 매치하기 편해서 손이 갑니다
5.0,정말 너무 이뻐요. 가볍게 걸치기 좋고 사이즈도 넉넉해요.,정말 너무 이뻐요 가볍게 걸치기 좋고 사이즈도 넉넉해요
3.0,엄청커요. 색도 화면보단 조금 밝아요. 박시하게 입을게요.,엄청커요 색도 화면보단 조금 밝아요 박시하게 입을게요
5.0,160정도의 많이 마른 여성에게 선물했는데 오버핏으로 이쁘게 잘 맞더군요~,정도의 많이 마른 여성에게 선물했는데 오버핏으로 이쁘게 잘 맞더군요
5.0,롱원피스에 툭 걸치거나 숏팬츠에 입어도  잘 어울리네요~,롱원피스에 툭 걸치거나 숏팬츠에 입어도 잘 어울리네요
5.0,기장이 긴편인 워크자켓인데 오히려 살짝 트렌치 코트 느낌도 나고 좋네요. 군더더기 없이 심플해서 더 맘에들고 옷깃을 세우거나 소매를 걷었을때 안감으로 코듀로이 처리되어있어 멋스럽기까지 하네요. 이가격에 대만족이에요,기장이 긴편인 워크자켓인데 오히려 살짝 트렌치 코트 느낌도 나고 좋네요 군더더기 없이 심플해서 더 맘에들고 옷깃을 세우거나 소매를 걷었을때 안감으로 코듀로이 처리되어있어 멋스럽기까지 하네요 이가격에 대만족이에요
5.0,가성비로 좋네요 핏도 이쁩니다  여러 색상으로 더 나왔음 좋겠네요,가성비로 좋네요 핏도 이쁩니다 여러 색상으로 더 나왔음 좋겠네요
5.0,조금 두께감이 있어서 간절기에 입어야 할 거 같아요 배송이 늦어서 몇 번 못 입었지만 색상이나 핏이나 옷 자체는 너무 이쁘고 좋습니다,조금 두께감이 있어서 간절기에 입어야 할 거 같아요 배송이 늦어서 몇 번 못 입었지만 색상이나 핏이나 옷 자체는 너무 이쁘고 좋습니다
5.0,간절기 외투 휘뚜루마뚜루 아주아주 잘 입고 있습니다! 감사합니담,간절기 외투 휘뚜루마뚜루 아주아주 잘 입고 있습니다 감사합니담
5.0,스타일 맘에 드는데 커도 너무 큽니다. 그래도 예뻐서 오버핏인거 감안하고 입어요,스타일 맘에 드는데 커도 너무 큽니다 그래도 예뻐서 오버핏인거 감안하고 입어요
5.0, 요즘같은 간절기에 겉옷 하나 필요할때 막 입기 좋아요,요즘같은 간절기에 겉옷 하나 필요할때 막 입기 좋아요
5.0,사이즈 넉넉하고 흔하지 않은 컬러와 디자인이라 툭 걸치면 스타일이 확 사는느낌,사이즈 넉넉하고 흔하지 않은 컬러와 디자인이라 툭 걸치면 스타일이 확 사는느낌
4.0,사이즈도 좋고 디자인도 맘에 들어요5월까진 입 을 수 있을거같아요!!!,사이즈도 좋고 디자인도 맘에 들어요월까진 입 을 수 있을거같아요
5.0,여름까지 쭈~~욱 입기 편한 자켓 아주 맘에 들어요 다른색도 하나더,여름까지 쭈욱 입기 편한 자켓 아주 맘에 들어요 다른색도 하나더
5.0,스타일도 좋고 이쁘네요 편하고 어디든 잘 어울리는거 같아요 마음에 쏙 듭니다,스타일도 좋고 이쁘네요 편하고 어디든 잘 어울리는거 같아요 마음에 쏙 듭니다
5.0,너무 이쁘네요 편안하고 어디든 어울리네요 자주 손이 갈거 같아요  스타일도 좋습니다~,너무 이쁘네요 편안하고 어디든 어울리네요 자주 손이 갈거 같아요 스타일도 좋습니다
5.0,굉장히 캐쥬얼하고 좋급니다 딴딴해서 재질도 만족합니다 잘입겠습니다,굉장히 캐쥬얼하고 좋급니다 딴딴해서 재질도 만족합니다 잘입겠습니다
5.0,굉장히 캐쥬얼하고 좋급니다 딴딴해서 재질도 만족합니다 이거 좋습니다,굉장히 캐쥬얼하고 좋급니다 딴딴해서 재질도 만족합니다 이거 좋습니다
5.0,굉장히 캐쥬얼하고 좋급니다 딴딴해서 재질도 만족합니다,굉장히 캐쥬얼하고 좋급니다 딴딴해서 재질도 만족합니다
5.0,딱 기본 느낌의 자켓이여서 잘 활용해서 입고있습니다,딱 기본 느낌의 자켓이여서 잘 활용해서 입고있습니다
5.0,사진상으로 보는거와 실제로 보는거랑 차이가 없습니다.,사진상으로 보는거와 실제로 보는거랑 차이가 없습니다
5.0,사이즈가 생각보다 커서 S 사이즈도 넉넉합니다 디자인도 마음에 듭니다,사이즈가 생각보다 커서 S 사이즈도 넉넉합니다 디자인도 마음에 듭니다
4.0,"기본에 충실한 워크자켓 이네요.  카라 뒤, 소매 끝 코듀로이 포인트도 맘에 드네요.  키 작은 여성분에겐 어마어마한 오버핏이 됩니다. ",기본에 충실한 워크자켓 이네요 카라 뒤 소매 끝 코듀로이 포인트도 맘에 드네요 키 작은 여성분에겐 어마어마한 오버핏이 됩니다
5.0,"사이즈가 많이 넉넉힌편이라 평소 남자 100입으시는분은 s로가도 충분히 여유있게 맞을것같네요. 군더더기 없는 디자인이 마음에 들고 한여름,한겨울 빼고는 잘입을수 있을듯해요",사이즈가 많이 넉넉힌편이라 평소 남자 입으시는분은 s로가도 충분히 여유있게 맞을것같네요 군더더기 없는 디자인이 마음에 들고 한여름한겨울 빼고는 잘입을수 있을듯해요
5.0,3가지 제품 다 산 고객에게는 쿠폰이라도 추가 증정해 주면 좋겠네요. 제 스타일이라 3가지 모두 구입했습니다.,가지 제품 다 산 고객에게는 쿠폰이라도 추가 증정해 주면 좋겠네요 제 스타일이라 가지 모두 구입했습니다
4.0,생각한 핏으로 떨어져 너무 이뿌네요~ 색감도 좋아서 애용 중입니다!!,생각한 핏으로 떨어져 너무 이뿌네요 색감도 좋아서 애용 중입니다
5.0,진짜 코디하기도 쉽고 핏도 이뻐요 반팔에 이거하나 입으면 끝,진짜 코디하기도 쉽고 핏도 이뻐요 반팔에 이거하나 입으면 끝
5.0,살짝 두께감이 있어서 한여름에 입기는 어렵지는 간절기에 좋은 두께입니다. 살짝 오버핏이에요.,살짝 두께감이 있어서 한여름에 입기는 어렵지는 간절기에 좋은 두께입니다 살짝 오버핏이에요
4.0,색감은 화면하고 비슷함. 가격도 합리적이였다. 디자인도 이쁘지만 사이즈가 좀 큼,색감은 화면하고 비슷함 가격도 합리적이였다 디자인도 이쁘지만 사이즈가 좀 큼
4.0,4월 26일 제품시켰고 5월 1일 발송완료되었네요. 지금입기에는 살짝 더운감이있는데 아침이랑 밤에는 괜찮을 것 같아요! 색상은 사진상 약간 까맣게 나왔는데 네이비색에 더 가까워요. 기장은 애매하게 긴 느낌.. 팔은 한단 접으니 딱떨어져요. S입기엔 작을 것 같고 M 입기엔 약간 큰느낌. NOT BAD하네요.,월 일 제품시켰고 월 일 발송완료되었네요 지금입기에는 살짝 더운감이있는데 아침이랑 밤에는 괜찮을 것 같아요 색상은 사진상 약간 까맣게 나왔는데 네이비색에 더 가까워요 기장은 애매하게 긴 느낌 팔은 한단 접으니 딱떨어져요 S입기엔 작을 것 같고 M 입기엔 약간 큰느낌 NOT BAD하네요
5.0,디자인은 넘이쁘다 그러나.. 흠 생각보다 두껍다 간절기에 입는게 좋을꺼같다 올해는 몇번 못입어서 아쉽다..,디자인은 넘이쁘다 그러나 흠 생각보다 두껍다 간절기에 입는게 좋을꺼같다 올해는 몇번 못입어서 아쉽다
5.0,요즘시기에 입기는다소 두툼하고 무게감이있습니다 자켓과코트사이정도 느낌으로 기장이기네요,요즘시기에 입기는다소 두툼하고 무게감이있습니다 자켓과코트사이정도 느낌으로 기장이기네요
5.0,진짜 잘 산거 같아요. 지금 봄 코디 하기  딱 좋습니다.,진짜 잘 산거 같아요 지금 봄 코디 하기 딱 좋습니다
5.0,배송도 빠르고 설명이랑 다른게 없어서 편하게 입을게요~,배송도 빠르고 설명이랑 다른게 없어서 편하게 입을게요
5.0,생각보다 사이즈가 커서 s 했어도 괜찮을거 같아요! 색감도 예쁘고 해서 가을에 더 좋을거 같고 여자인 제가 입어도 박시하게 예뻐요,생각보다 사이즈가 커서 s 했어도 괜찮을거 같아요 색감도 예쁘고 해서 가을에 더 좋을거 같고 여자인 제가 입어도 박시하게 예뻐요
5.0,사이즈 살짝 여유있고 원단도 마음에 들어요 추천해요,사이즈 살짝 여유있고 원단도 마음에 들어요 추천해요
5.0,약간 오버한 느낌인데 색감도 이쁘고 팔접어입어도 이쁩니다!,약간 오버한 느낌인데 색감도 이쁘고 팔접어입어도 이쁩니다
5.0,두께가 얇아서 봄 가을 입기 좋을 거 같고 마감도 깔끔하고 잘만들어진 자켓입니다,두께가 얇아서 봄 가을 입기 좋을 거 같고 마감도 깔끔하고 잘만들어진 자켓입니다
5.0,옷이 오버핏 사이즈로 한 치수 작게 주문했습키다. 옷이 얇아서 요즘 날씨에 아침 저녁으로 입기 좋아요.,옷이 오버핏 사이즈로 한 치수 작게 주문했습키다 옷이 얇아서 요즘 날씨에 아침 저녁으로 입기 좋아요
5.0,S 치고는 사이즈가 큰 편인 것 같아요. 저는 알고 맞춰서 주문했는데.. 약각 오버핏을 생각하더라도 다른 옷의 M 이상의 사이즈 일듯! 저는 대만족!!,S 치고는 사이즈가 큰 편인 것 같아요 저는 알고 맞춰서 주문했는데 약각 오버핏을 생각하더라도 다른 옷의 M 이상의 사이즈 일듯 저는 대만족
5.0,요즘 이 옷만 입고 다녀요~~ 낮에는 더워서 속에 반팔 입고 외투로 입는데 재질도 좋고 핏도 너무 좋아요!! 워커자켓 좋아하는데 길이도 살짝 길어서 더 편하게 입을 수 있어요,요즘 이 옷만 입고 다녀요 낮에는 더워서 속에 반팔 입고 외투로 입는데 재질도 좋고 핏도 너무 좋아요 워커자켓 좋아하는데 길이도 살짝 길어서 더 편하게 입을 수 있어요
5.0,맘에 듭니다!! 길이가 살짝 길어서 더 편하게 입을 수 있네요!! 요즘 날씨에 딱입니다^^ 네이비 자켓 갖고 싶었는데 득템했네요,맘에 듭니다 길이가 살짝 길어서 더 편하게 입을 수 있네요 요즘 날씨에 딱입니다 네이비 자켓 갖고 싶었는데 득템했네요
5.0,여기저기 걸칠 수 있게 색상도 무난하게 좋습니다. 간절기 입기 딱 좋습니다,여기저기 걸칠 수 있게 색상도 무난하게 좋습니다 간절기 입기 딱 좋습니다
4.0,이뻐요 너무 잘입고있습니다 이제 날씨가 더워져서 아쉽네요 ㅠ,이뻐요 너무 잘입고있습니다 이제 날씨가 더워져서 아쉽네요
4.0,너무 맘에듭니다 잘산거 같아요 다른색상도 궁금하네요.,너무 맘에듭니다 잘산거 같아요 다른색상도 궁금하네요
4.0,174  78   s사이즈 구매했구요  세미오버핏으로 딱 좋습니다 기장감이 좀 긴 느낌은 있네요 ㅎ,s사이즈 구매했구요 세미오버핏으로 딱 좋습니다 기장감이 좀 긴 느낌은 있네요
5.0,약간 간절기용으로 구매를 했는데 생각외로 용도가 다양할 것 같아서 자주입을 것 같습니다,약간 간절기용으로 구매를 했는데 생각외로 용도가 다양할 것 같아서 자주입을 것 같습니다
5.0,"상세페이지, 제품 사진과 똑같아요. 색감도 같구요. 일단, 구매평을 하나하나 잘 살펴보고  골라본건데 다른 분들 평도 다 좋았어요. 요즘 아주 잘 쓰고 있는 아이템입니다. 마음에 쏙 들어요~ 유용하게 잘 쓸게요 ^^ 택배도 빠르게 왔고 제품도 마음에 들어서 지인들에게도 추천하려고 하는 브랜드 아이템입니다. 여러가지 제품들 보면서 비교해봤는데 여기께 여러모로 제일 괜찮더라고요.",상세페이지 제품 사진과 똑같아요 색감도 같구요 일단 구매평을 하나하나 잘 살펴보고 골라본건데 다른 분들 평도 다 좋았어요 요즘 아주 잘 쓰고 있는 아이템입니다 마음에 쏙 들어요 유용하게 잘 쓸게요 택배도 빠르게 왔고 제품도 마음에 들어서 지인들에게도 추천하려고 하는 브랜드 아이템입니다 여러가지 제품들 보면서 비교해봤는데 여기께 여러모로 제일 괜찮더라고요
5.0,오버핏으로 산건데 생각보다 커서 한사이즈 다운시켜도 좋을 것 같아요,오버핏으로 산건데 생각보다 커서 한사이즈 다운시켜도 좋을 것 같아요
5.0,평소 L~XL사이즈로 크게 편하게 입는거 좋아하는데 이 옷 진짜 너무 커서 S사이즈 입으니까 널널하게 잘맞아요 얇아서 환절기에 입기 좋을 것 같네요,평소 LXL사이즈로 크게 편하게 입는거 좋아하는데 이 옷 진짜 너무 커서 S사이즈 입으니까 널널하게 잘맞아요 얇아서 환절기에 입기 좋을 것 같네요
5.0,생각보다 큽니다만 예쁩니다! 검은색인가 싶다가도 짙은 네이비라 좋구요.,생각보다 큽니다만 예쁩니다 검은색인가 싶다가도 짙은 네이비라 좋구요
5.0,봄 가을에 입기 아주 좋습니다 댄디한 느낌과 케주얼한 느낌이 동시에 있어서 어떻게 입도 이쁘네요 구매 후회 없이 잘 입을 수 있을 것 같습니아,봄 가을에 입기 아주 좋습니다 댄디한 느낌과 케주얼한 느낌이 동시에 있어서 어떻게 입도 이쁘네요 구매 후회 없이 잘 입을 수 있을 것 같습니아
5.0,옷이좀  크게나와서 교환하는 번거로움이 있었지만 옷은 정말이쁘네요 잘입어  질거 같아요,옷이좀 크게나와서 교환하는 번거로움이 있었지만 옷은 정말이쁘네요 잘입어 질거 같아요
5.0,옷이좀 크게 나왔네요~~ 아주 맘에들요 되게 잘입어질듯 합니다,옷이좀 크게 나왔네요 아주 맘에들요 되게 잘입어질듯 합니다
4.0,남자친구가 체격이 있는편이라 M으로 구매했는데도 넉넉하고 기장도 길어요! 색은 화면과 같구요 날이 좀 더워져서 가을에 다시 꺼내입을것 같습니다,남자친구가 체격이 있는편이라 M으로 구매했는데도 넉넉하고 기장도 길어요 색은 화면과 같구요 날이 좀 더워져서 가을에 다시 꺼내입을것 같습니다
5.0,생각보다 커요! m인데도 제신체스펙으론 오버핏이네요ㅎㅎ 너무 금방더워져서 얼마 못입을거같아요ㅠㅠ 더 더워지기 전까지 많이 입어야겠네요,생각보다 커요 m인데도 제신체스펙으론 오버핏이네요 너무 금방더워져서 얼마 못입을거같아요 더 더워지기 전까지 많이 입어야겠네요
5.0,생각보다 커요! m인데도 제신체스펙으론 오버핏이네요ㅎㅎ 너무 금방더워져서 얼마 못입을거같아요ㅠㅠ 더 더워지기 전까지 많이 입어야겠네요!,생각보다 커요 m인데도 제신체스펙으론 오버핏이네요 너무 금방더워져서 얼마 못입을거같아요 더 더워지기 전까지 많이 입어야겠네요
5.0,아주 좋네요 잘 입고 다니고 있습니다 감사합니다 ,아주 좋네요 잘 입고 다니고 있습니다 감사합니다
5.0,예쁩니다! 날이 더워져서 지금 입기는 힘들지만 그래도 괜찮아요,예쁩니다 날이 더워져서 지금 입기는 힘들지만 그래도 괜찮아요
4.0,생각보다 오버핏이네요. 아무래도 기장에 맞춰구매하는게 나을듯합니다. 모델처럼 루즈하게 입는게 좋을거같아요.,생각보다 오버핏이네요 아무래도 기장에 맞춰구매하는게 나을듯합니다 모델처럼 루즈하게 입는게 좋을거같아요
5.0,덩치가좀 있는편인데도 사이즈가 널널해서 잘입고있습니다,덩치가좀 있는편인데도 사이즈가 널널해서 잘입고있습니다
5.0,첨에 미듐 샀다가 반품하고 스몰로했는데 아주 딱입니다.,첨에 미듐 샀다가 반품하고 스몰로했는데 아주 딱입니다
5.0,"원하던 스타일이었습니다 크기는 많이커서 170cm, 75kg 신체에 M 사이즈도 루즈합니다 S 사이즈가 정 fit 일듯 한데, 루즈하게 입으려고 하니까 괜찮았습니다 총 기장은 제 신체 사이즈 수준 엉덩이까지 내려오고 팔 기장은 원래 접어입는듯 디자인이 나와서 M 사이즈도 괜찮습니다",원하던 스타일이었습니다 크기는 많이커서 cm kg 신체에 M 사이즈도 루즈합니다 S 사이즈가 정 fit 일듯 한데 루즈하게 입으려고 하니까 괜찮았습니다 총 기장은 제 신체 사이즈 수준 엉덩이까지 내려오고 팔 기장은 원래 접어입는듯 디자인이 나와서 M 사이즈도 괜찮습니다
4.0,색감도 그렇고 다섯개의 포켓도 아주 마음에 듭니다 할인된 가격으로 잘 산 것 같습니다,색감도 그렇고 다섯개의 포켓도 아주 마음에 듭니다 할인된 가격으로 잘 산 것 같습니다
5.0,너무조아용 여자에스입으세욘 이뻐용 박시한오버핏으로입어용 ㅎㅎ 이뻐용,너무조아용 여자에스입으세욘 이뻐용 박시한오버핏으로입어용 이뻐용
5.0,너무나 핏이 이뿌네요 가격대비 정말 최고의 자켓입니다,너무나 핏이 이뿌네요 가격대비 정말 최고의 자켓입니다
5.0,가성비 워크자켓으로는 이것 만한거 없겠어요 잘 입겠습니다 ㅎㅎ,가성비 워크자켓으로는 이것 만한거 없겠어요 잘 입겠습니다
5.0,아무대나 툭 걸쳐도 잘어울려서 손 많이 가는 아이템입니다 요즘 간절기라 이거만 입고 다녀요~ 회사사람들이 칭찬해준 옷 배송도 빠르고 재질이 너무 좋아요!!,아무대나 툭 걸쳐도 잘어울려서 손 많이 가는 아이템입니다 요즘 간절기라 이거만 입고 다녀요 회사사람들이 칭찬해준 옷 배송도 빠르고 재질이 너무 좋아요
5.0,엉덩이를 어느정도 덮는 기장감이고 아래가 터진 주머니 디테일이 재밌네요. 그덕에 주모니에 손을 넣어도 안이쁘게 우글거리는게 덜 한것 같아요. 목부분이나 몸통 주머니 부분에는 천이 보강되어있어서 형태 유지에 도움이 될듯하네요.,엉덩이를 어느정도 덮는 기장감이고 아래가 터진 주머니 디테일이 재밌네요 그덕에 주모니에 손을 넣어도 안이쁘게 우글거리는게 덜 한것 같아요 목부분이나 몸통 주머니 부분에는 천이 보강되어있어서 형태 유지에 도움이 될듯하네요
5.0, 생각보다 너무 괜찮았어요!! 감사합니당 ㅎㅎ 잘입을께여그냥 옷이 이뻐요,생각보다 너무 괜찮았어요 감사합니당 잘입을께여그냥 옷이 이뻐요
5.0,색상 생각보다 너무 괜찮았어요!! 감사합니당 ㅎㅎ 잘입을께여,색상 생각보다 너무 괜찮았어요 감사합니당 잘입을께여
5.0,사이즈 고민에... L 사이즈를 선택했는데 어지간하면 M 사이즈가 성인 남성한테 어울릴것 같아요 키 175쯤에 80kg로 아래론 m 사이즈가 적당할것 같슴다,사이즈 고민에 L 사이즈를 선택했는데 어지간하면 M 사이즈가 성인 남성한테 어울릴것 같아요 키 쯤에 kg로 아래론 m 사이즈가 적당할것 같슴다
5.0,좋은제품저렴하게 잘 샀습니다. 재젤도 좋고 디자인도 좋습니다. 추천합니다,좋은제품저렴하게 잘 샀습니다 재젤도 좋고 디자인도 좋습니다 추천합니다
3.0,약간 가벼운 소재에 얇습니다 마감이 조금 아쉬워요,약간 가벼운 소재에 얇습니다 마감이 조금 아쉬워요
4.0,"생각 했던것 보다 사이즈가 오버핏으로 나오는데, 입기 좋습니다. ",생각 했던것 보다 사이즈가 오버핏으로 나오는데 입기 좋습니다
5.0,사이즈는 오버핏이라 굉장히 여유있어요! 무난해서 여러 스타일의 코디에 두루두루 어울릴것 같아 맘에 드네요,사이즈는 오버핏이라 굉장히 여유있어요 무난해서 여러 스타일의 코디에 두루두루 어울릴것 같아 맘에 드네요
5.0,"배송은 느렸지만(택배사문제인듯)  받고 나서 만족 했습니다. 너무 이쁘고, 치노팬츠,반바지 다잘어울리네요",배송은 느렸지만택배사문제인듯 받고 나서 만족 했습니다 너무 이쁘고 치노팬츠반바지 다잘어울리네요
5.0,디자인 이쁘고 간절기에 입기 좋습니다 약간 오버하게 잘 맞아요,디자인 이쁘고 간절기에 입기 좋습니다 약간 오버하게 잘 맞아요
5.0,간절기 가볍게 걸치고 활용도 높은 아우터가 필요했는데 다양한 스타일링에 좋네요,간절기 가볍게 걸치고 활용도 높은 아우터가 필요했는데 다양한 스타일링에 좋네요
5.0,디자인이 어디에나 잘 어울리는 디자인이라 입기 편해요,디자인이 어디에나 잘 어울리는 디자인이라 입기 편해요
5.0,라퍼지를 자주 이용합니다 사이즈보고 판단해서 구매했는데 생각보다 너무 크네요  이번엔 아쉽게도 실패 ㅜㅜ,라퍼지를 자주 이용합니다 사이즈보고 판단해서 구매했는데 생각보다 너무 크네요 이번엔 아쉽게도 실패
5.0,윈드자켓 입어보고 마음에들어서 프렌치까지 주문했습니다 마감이 꼼꼼해서 참 마음에 들더라고요  사업번창학세요!,윈드자켓 입어보고 마음에들어서 프렌치까지 주문했습니다 마감이 꼼꼼해서 참 마음에 들더라고요 사업번창학세요
4.0,생각보다 기장이 더 길어서 처음엔 어색한 느낌이었는데 넉넉하게 입으면 될 거 같아요. ,생각보다 기장이 더 길어서 처음엔 어색한 느낌이었는데 넉넉하게 입으면 될 거 같아요
5.0,"아직 간절기라 입고 다니기 딱이네요 평소 너무 멋낸거 보다는 워크자켓이 딱 슬랙스에도,청바지에도,면바지에도 모두 잘 어울려서 데일리로 입고 다니다가 더우면 훅 벗어서 던져놓기 좋습니다.",아직 간절기라 입고 다니기 딱이네요 평소 너무 멋낸거 보다는 워크자켓이 딱 슬랙스에도청바지에도면바지에도 모두 잘 어울려서 데일리로 입고 다니다가 더우면 훅 벗어서 던져놓기 좋습니다
5.0,올해 봄자켓 하나 장만하려고 벼르고 있었는데 선택 잘한것 같아요,올해 봄자켓 하나 장만하려고 벼르고 있었는데 선택 잘한것 같아요
5.0,프렌치 자켓 필요했는데 디자인도 깔끔하고 툭툭 걸쳐입기 좋네요,프렌치 자켓 필요했는데 디자인도 깔끔하고 툭툭 걸쳐입기 좋네요
5.0,디자인이 깔끔하고 모던하여 매치 하기 좋아요. 데일리로 자주 입게 되고 요즘 처럼 아침 저녁으로 쌀쌀할 때 너무 좋네요!,디자인이 깔끔하고 모던하여 매치 하기 좋아요 데일리로 자주 입게 되고 요즘 처럼 아침 저녁으로 쌀쌀할 때 너무 좋네요
4.0,옷이 오버핏입니다 두껍지않고 간절기용 얇아요 잘입을게요,옷이 오버핏입니다 두껍지않고 간절기용 얇아요 잘입을게요
