Review,Star,Processed_Review
생각보다 늦게 왔지만  맘에 드는 체크무늬랑 색감이고 크기도 적당해요 재질도 여름에 입어도 될 것 같아용 남자가 입음 좀 짧을수도 ?,5.0,생각보다 늦게 왔지만 맘에 드는 체크무늬랑 색감이고 크기도 적당해요 재질도 여름에 입어도 될 것 같아용 남자가 입음 좀 짧을수도
기장이랑 핏이 아주 좋네요 가성비 훌륭한 셔츠인것 같아요,5.0,기장이랑 핏이 아주 좋네요 가성비 훌륭한 셔츠인것 같아요
편하게 입기도 좋고 웨이트하는 사람이 입어도 충분히 잘 맞네요,5.0,편하게 입기도 좋고 웨이트하는 사람이 입어도 충분히 잘 맞네요
안흔한 체크셔츠 찾다가 괜찮아보이길랴 구매했어요. 색감이쁘고 핏도 좋고 재질도 부드럽고 좋은데 단추가 너무 하얀색인게 좀 아쉬웠지만 만족합니다!!,5.0,안흔한 체크셔츠 찾다가 괜찮아보이길랴 구매했어요 색감이쁘고 핏도 좋고 재질도 부드럽고 좋은데 단추가 너무 하얀색인게 좀 아쉬웠지만 만족합니다
이 색상의 체크가 예뻐서 샀는데 유행인지 돌아 다니면 하루에 5명은 마주침..ㅠ 근데 예뻐서 포기할 수가 없음. 여름에 햇빛때문에 셔츠를 많이 입는데 부드럽고 가벼워서 계속 입고 출근하러갑니다..!  가격이 아쉽긴 하지만 그래도 만족합니다:),5.0,이 색상의 체크가 예뻐서 샀는데 유행인지 돌아 다니면 하루에 명은 마주침 근데 예뻐서 포기할 수가 없음 여름에 햇빛때문에 셔츠를 많이 입는데 부드럽고 가벼워서 계속 입고 출근하러갑니다 가격이 아쉽긴 하지만 그래도 만족합니다
원단이 얇아 여름에 입기 좋고 색감과 체크무늬가 마음에듭니다. 총장도 크게 길지않은점도 좋습니다.,5.0,원단이 얇아 여름에 입기 좋고 색감과 체크무늬가 마음에듭니다 총장도 크게 길지않은점도 좋습니다
마감은 너무 별로예요... 좀 충격적일정도로 실밥이... 팔 접어서 올리는데 깜짝 놀랐네요. 크롭한 기장과 두께감 모두 좋은데 마감은 좀 신경쓰셔야 할 것 같아요. ,3.0,마감은 너무 별로예요 좀 충격적일정도로 실밥이 팔 접어서 올리는데 깜짝 놀랐네요 크롭한 기장과 두께감 모두 좋은데 마감은 좀 신경쓰셔야 할 것 같아요
잠궈서 입으면 뭔가 덩치가 커보이는 핏이여서 오픈해서 이쁘게 입고 다닐 거 같습니다,5.0,잠궈서 입으면 뭔가 덩치가 커보이는 핏이여서 오픈해서 이쁘게 입고 다닐 거 같습니다
"평소 105착용 약간널널~딱 맞음 세탁 한번 했는데 구김이 잘 생기고 카라가 말림 핏과 색상 맘에 들어요 다만 가격이 좀 쌘편,, 4만원 초반대였으면 여러벌 사서 돌려입어도 좋을듯",4.0,평소 착용 약간널널딱 맞음 세탁 한번 했는데 구김이 잘 생기고 카라가 말림 핏과 색상 맘에 들어요 다만 가격이 좀 쌘편 만원 초반대였으면 여러벌 사서 돌려입어도 좋을듯
에어컨 많이 가동하는 곳에서 가끔 입는데 너무 이쁘고 적당히 얇아서 좋아요!,5.0,에어컨 많이 가동하는 곳에서 가끔 입는데 너무 이쁘고 적당히 얇아서 좋아요
막 입을 셔츠 치고 가격이 높아서 고민했는데 입어보고 너무너무 만족스러웠습니다. 다른 색상으로도 또 갖고싶네요,5.0,막 입을 셔츠 치고 가격이 높아서 고민했는데 입어보고 너무너무 만족스러웠습니다 다른 색상으로도 또 갖고싶네요
색깔은 괜찮은데 실밥 마감이 좀 아쉬워요! 그래도 얇아서 좋아요,5.0,색깔은 괜찮은데 실밥 마감이 좀 아쉬워요 그래도 얇아서 좋아요
안흔한 체크셔츠 찾다가 괜찮아보이길랴 구매했어요. 색감이쁘고 핏도 좋고 재질도 부드럽고 좋은데 단추가 너무 하얀색인게 좀 미쓰인 것 같아요.,5.0,안흔한 체크셔츠 찾다가 괜찮아보이길랴 구매했어요 색감이쁘고 핏도 좋고 재질도 부드럽고 좋은데 단추가 너무 하얀색인게 좀 미쓰인 것 같아요
"빈티지한 오버셔츠 찾다가 눈에 확 들어와서 특가에 들인 후크의 네이비셔츠!  이번에 눈팅하다가 후크란 브랜드를 접하고 쭉 둘러보며 겟한 친구중에 하나!  실물봤을 때 딱 든 생각이 오케이 색감 패턴 워싱 빈티지함 모두 성공. 내가 원하는 느낌으로 스타일링 할 수 있겠다.   하지만, 딱 착용하는데 깜짝 놀랬다. 생각보다 엄청커서ㅋㅋ 110인 분들도 세미오버나올 듯. 품이 엄청나다.  그레도 그 널널하고 툭 떨어지는 맛에 원하는 느낌내기가 용이할 거 같지만! 원단은 얇아서 부담없이 걸치기 좋을거같다. 두꺼우면 계절을 더 신경써야되니깐. 무튼 너무 잘 구매했고 예쁘게 스타일링해서 입어보겠습니다. 후크 무서운 신성이네요!",5.0,빈티지한 오버셔츠 찾다가 눈에 확 들어와서 특가에 들인 후크의 네이비셔츠 이번에 눈팅하다가 후크란 브랜드를 접하고 쭉 둘러보며 겟한 친구중에 하나 실물봤을 때 딱 든 생각이 오케이 색감 패턴 워싱 빈티지함 모두 성공 내가 원하는 느낌으로 스타일링 할 수 있겠다 하지만 딱 착용하는데 깜짝 놀랬다 생각보다 엄청커서 인 분들도 세미오버나올 듯 품이 엄청나다 그레도 그 널널하고 툭 떨어지는 맛에 원하는 느낌내기가 용이할 거 같지만 원단은 얇아서 부담없이 걸치기 좋을거같다 두꺼우면 계절을 더 신경써야되니깐 무튼 너무 잘 구매했고 예쁘게 스타일링해서 입어보겠습니다 후크 무서운 신성이네요
색상도 좋고 봄가을에 입기 좋아요!! 다만 기장감이 생각보다 더 짧긴 합니당..ㅎ,5.0,색상도 좋고 봄가을에 입기 좋아요 다만 기장감이 생각보다 더 짧긴 합니당
생각보다 체크 배색이 남색보다 베이지 비중이 더 큰거 같아요. 좀 더 어두운 톤의 체크라고 생각했는데 실제로는 좀 화사하고 확 튀네요. 그래도 빈티지하고 흔한 체크색상이 아니라서 만족합니다. 꽤 가벼워서 여름에도 입기 좋을 거 같아요,4.0,생각보다 체크 배색이 남색보다 베이지 비중이 더 큰거 같아요 좀 더 어두운 톤의 체크라고 생각했는데 실제로는 좀 화사하고 확 튀네요 그래도 빈티지하고 흔한 체크색상이 아니라서 만족합니다 꽤 가벼워서 여름에도 입기 좋을 거 같아요
무더위가 좀 풀리면 입기 좋을거 같습니다. 디자인이 이쁩니다,5.0,무더위가 좀 풀리면 입기 좋을거 같습니다 디자인이 이쁩니다
기장은 짧은데 오히려 좋고 좋은 가격에 잘 샀어요,5.0,기장은 짧은데 오히려 좋고 좋은 가격에 잘 샀어요
평소 L 입는데 커보여서 M 시켰는데 잘 시킨 것 같아요!,5.0,평소 L 입는데 커보여서 M 시켰는데 잘 시킨 것 같아요
사이즈가 딱 좋습니다. 옷이 두껍지도 않아서 팔 접어서 입으면 좋습니다.  날씨가 좀 더 선선해지면 티에 입어도 좋을 것 같아요. ,5.0,사이즈가 딱 좋습니다 옷이 두껍지도 않아서 팔 접어서 입으면 좋습니다 날씨가 좀 더 선선해지면 티에 입어도 좋을 것 같아요
너무 잘 맞고 예쁘네여 앞으로도 많이 구매할게요 감사합니다,5.0,너무 잘 맞고 예쁘네여 앞으로도 많이 구매할게요 감사합니다
남편이랑 옷 같이입기 좋아요 만족합니다 가을이왔으면,5.0,남편이랑 옷 같이입기 좋아요 만족합니다 가을이왔으면
색감이 너무 유니크 합니다! 아주 멋져요👍🏻 기장이 약간 짧은 느낌이긴한데 그래도 너무 이뻐서 자꾸 손이갑니다!,5.0,색감이 너무 유니크 합니다 아주 멋져요 기장이 약간 짧은 느낌이긴한데 그래도 너무 이뻐서 자꾸 손이갑니다
걍이쁨 워싱데님이 더 잘 어울리는 바지같음 자주 입을듯,5.0,걍이쁨 워싱데님이 더 잘 어울리는 바지같음 자주 입을듯
엉덩이 덮는 충분한 사이즈입니다! (프리사이즈인줄 알았는데 미디엄이랑 라지 나뉘어져 있어서 고민했었네요),5.0,엉덩이 덮는 충분한 사이즈입니다 프리사이즈인줄 알았는데 미디엄이랑 라지 나뉘어져 있어서 고민했었네요
날씨가 더워져서 자주는 못입겠지만 너무 이쁩니다,5.0,날씨가 더워져서 자주는 못입겠지만 너무 이쁩니다
사이즈도 잘맞고 배송도 빨리왔어요 다양한 코디에 입을듯,5.0,사이즈도 잘맞고 배송도 빨리왔어요 다양한 코디에 입을듯
생각보다 색이 밝은데 사진에서 보는것만큼 예쁘네요 조금 다른쪽으로 다르긴하지만 만족스럽습니다,5.0,생각보다 색이 밝은데 사진에서 보는것만큼 예쁘네요 조금 다른쪽으로 다르긴하지만 만족스럽습니다
실제로 입어보니 체형보완도 되는것같고 스타일도 괜찮네요 ,5.0,실제로 입어보니 체형보완도 되는것같고 스타일도 괜찮네요
간절기에 입기 좋아요 체크셔츠인데 흔하지않고 색도 마음에 드네요 ,5.0,간절기에 입기 좋아요 체크셔츠인데 흔하지않고 색도 마음에 드네요
두껍지 않아서 마음에 듭니다.  가을에 입기 좋을 것 같습니다.,5.0,두껍지 않아서 마음에 듭니다 가을에 입기 좋을 것 같습니다
생각보다 훨씬 예뻐요 저렴하게 잘 구입했어어요,4.0,생각보다 훨씬 예뻐요 저렴하게 잘 구입했어어요
그냥 제가 생각한 사이즈 핏 입니다 너무 이쁘네요,5.0,그냥 제가 생각한 사이즈 핏 입니다 너무 이쁘네요
이쁩니다 체크셔츠 살려했는데 잘 산거같아요 굿,5.0,이쁩니다 체크셔츠 살려했는데 잘 산거같아요 굿
너무 이뻐요 핏이 작살남 어디든 이쁠거 같고 여름에도 얇아서 입는거 가능,5.0,너무 이뻐요 핏이 작살남 어디든 이쁠거 같고 여름에도 얇아서 입는거 가능
가성비 너무 좋고 핏도 좋고 이뻐요. 색상별로 구입하고싶네요,5.0,가성비 너무 좋고 핏도 좋고 이뻐요 색상별로 구입하고싶네요
얇고 탄탄해보여서 좋습니다 가볍게 입기 좋은거같아요,5.0,얇고 탄탄해보여서 좋습니다 가볍게 입기 좋은거같아요
색감이 생각보다 빈티지하고 밝아요 얇아서 여름에 딱입니다 ,5.0,색감이 생각보다 빈티지하고 밝아요 얇아서 여름에 딱입니다
평소 xxl입는데 잘맞고 이쁜거같아요. 잘입겠습니다.,5.0,평소 xxl입는데 잘맞고 이쁜거같아요 잘입겠습니다
실물보니 이뻤고 가볍습니다 얇은 재질입니다 디자인 만족합니다,5.0,실물보니 이뻤고 가볍습니다 얇은 재질입니다 디자인 만족합니다
너무커요 특히 팔뚝부분 통이 너무 넓어요 전체폼도 크고 많이 오버핏입니다. 색감은 이뻐요 면도 얇고 다시 주문한다면 한치수 작게 주문할거 같네요ㅠ,4.0,너무커요 특히 팔뚝부분 통이 너무 넓어요 전체폼도 크고 많이 오버핏입니다 색감은 이뻐요 면도 얇고 다시 주문한다면 한치수 작게 주문할거 같네요
"시원해 보이는 색이 마음에 듭니다. 다만 상품설명보단 물 빠진 색인데, 그게 더 마음에 드네요.",5.0,시원해 보이는 색이 마음에 듭니다 다만 상품설명보단 물 빠진 색인데 그게 더 마음에 드네요
핏이 좋게 나와요.! 얇아서 여름에 실내에서 입기 좋습니다!!!!!,5.0,핏이 좋게 나와요 얇아서 여름에 실내에서 입기 좋습니다
예뻐요.그리고 얇아서 팔 걷어올리고 여름에 입으면 됩니다.첫 셔츠 성공이요.,5.0,예뻐요그리고 얇아서 팔 걷어올리고 여름에 입으면 됩니다첫 셔츠 성공이요
"가격대비 너무 이뻐버리고, 후배 여동생이랑 밥 맛잇게 먹고 왓슴다 ^0^",4.0,가격대비 너무 이뻐버리고 후배 여동생이랑 밥 맛잇게 먹고 왓슴다
깔끔하고 핏이 예쁩니다. 흰색 부분인줄 알았는데 베이지? 붉은 느낌이 조금 들어가 있습니다,5.0,깔끔하고 핏이 예쁩니다 흰색 부분인줄 알았는데 베이지 붉은 느낌이 조금 들어가 있습니다
"체크셔츠 하나만 살 생각으로샀어요, 데일리하면서도 이쁜 체크는 이걸로하세요",5.0,체크셔츠 하나만 살 생각으로샀어요 데일리하면서도 이쁜 체크는 이걸로하세요
핏 좋고 색감 이뻐요 자주 입고 있습니다 날 조금더 풀리면 너무 자주 입을거같아요,5.0,핏 좋고 색감 이뻐요 자주 입고 있습니다 날 조금더 풀리면 너무 자주 입을거같아요
M 사이즈인데 생각보다 많이 크네요  오버핏 셔츠는 처음이라 유튜브 보고 코디 좀 보고 입어봐야겠네요  색감  넘 이쁩니다~,5.0,M 사이즈인데 생각보다 많이 크네요 오버핏 셔츠는 처음이라 유튜브 보고 코디 좀 보고 입어봐야겠네요 색감 넘 이쁩니다
색이 예쁘고 편하게 잘 입을수 있을것 같아요 체크셔츠 갖고싶었는데 좋아요,5.0,색이 예쁘고 편하게 잘 입을수 있을것 같아요 체크셔츠 갖고싶었는데 좋아요
배송 매우 빠릅니다 포장 되게 꼼꼼하게 해서 옵니다,5.0,배송 매우 빠릅니다 포장 되게 꼼꼼하게 해서 옵니다
"사이즈는 크고, 기장이 조금 짧은데 충분히 요즘 느낌으로 입을 수 있을 것 같아요! ",4.0,사이즈는 크고 기장이 조금 짧은데 충분히 요즘 느낌으로 입을 수 있을 것 같아요
가성비 최고 색도 사진이랑같애요  가을 자주입을것같숩니다  좋은제품 입니다 ,5.0,가성비 최고 색도 사진이랑같애요 가을 자주입을것같숩니다 좋은제품 입니다
얇아서 여름에도 입을 만한 것 같아요 개인적으로 굉장히 만족합니다 질감이 두껍지 않으면서도 흐물흐물하진 않아서 맘에 들어요,5.0,얇아서 여름에도 입을 만한 것 같아요 개인적으로 굉장히 만족합니다 질감이 두껍지 않으면서도 흐물흐물하진 않아서 맘에 들어요
이뻐요 색감이 빈티지하면서 네이비 색이 시원한 느낌을 을줘거 코디 난이도도 그리 높지않고 여름에 입이좋아요,5.0,이뻐요 색감이 빈티지하면서 네이비 색이 시원한 느낌을 을줘거 코디 난이도도 그리 높지않고 여름에 입이좋아요
완전이 이뿌고 색감도 좋아서 편하게 입을수 있겠어요,5.0,완전이 이뿌고 색감도 좋아서 편하게 입을수 있겠어요
타임세일때 구매해서 엄청 저렴하게 샀어요 날이 조금더 선선해지면 입을 수 있겠어요,5.0,타임세일때 구매해서 엄청 저렴하게 샀어요 날이 조금더 선선해지면 입을 수 있겠어요
옷 색감이나 핏이 너무 이뻐요  이번가을에 엄청 입고 다닐거 같아요 감사합니다,4.0,옷 색감이나 핏이 너무 이뻐요 이번가을에 엄청 입고 다닐거 같아요 감사합니다
문의글에 배송이 무슨 일주일~이주 못 받고 계신분들이 있어서 월요일 결제하고 금요일까지 받아야했는데 월요일 결제 화요일 도착했네요;; 쿠팡인줄 역시 대한통운에 빠른 출고와 빠른 도착 감사합니다!! 저는 170 65 크게 입어서 100-105 입습니다 L 주문했고요 엉덩이 덮는 기장 좋아서 크게 삼 엉덩딱 덮고 좋움 세일할때 사소 더좋윰,5.0,문의글에 배송이 무슨 일주일이주 못 받고 계신분들이 있어서 월요일 결제하고 금요일까지 받아야했는데 월요일 결제 화요일 도착했네요 쿠팡인줄 역시 대한통운에 빠른 출고와 빠른 도착 감사합니다 저는 크게 입어서 입습니다 L 주문했고요 엉덩이 덮는 기장 좋아서 크게 삼 엉덩딱 덮고 좋움 세일할때 사소 더좋윰
괜찮네여 가을에 입기에는 많이많이 얇음 에어콘 있는 실내에서 추울 정도,5.0,괜찮네여 가을에 입기에는 많이많이 얇음 에어콘 있는 실내에서 추울 정도
기장 핏 오버하고 넉넉히 좋아요 가을이 기다려지네요,5.0,기장 핏 오버하고 넉넉히 좋아요 가을이 기다려지네요
옷이 편하고 이뻐서 자주 입을 것 같아요 감사합니다.,5.0,옷이 편하고 이뻐서 자주 입을 것 같아요 감사합니다
이 가격에 싼게 미안해 질 정도로 잘 만들어진 예쁜 옷입니다.,5.0,이 가격에 싼게 미안해 질 정도로 잘 만들어진 예쁜 옷입니다
체크셔츠 색감이랑 너무 마음에 드네여 근데 조금 사람들이 많이 입나봐요..,5.0,체크셔츠 색감이랑 너무 마음에 드네여 근데 조금 사람들이 많이 입나봐요
퀄리티는 솔직히 가격 생각하면 기대 안하는게 좋을 것 같지만 나쁘진 않아요! 하지만 핏과 디자인이 너무 이쁘네요 가격대비 너무 좋은 제품 같습니다 횔용도도 높고 가을에 휘뚜루마뚜루 꽤 많이 입을 것 같아요!,5.0,퀄리티는 솔직히 가격 생각하면 기대 안하는게 좋을 것 같지만 나쁘진 않아요 하지만 핏과 디자인이 너무 이쁘네요 가격대비 너무 좋은 제품 같습니다 횔용도도 높고 가을에 휘뚜루마뚜루 꽤 많이 입을 것 같아요
"너무 얇지도 두껍지도 않은 적당한 두께라 암때나 입기좋을 것 같아요 핏도 제기준 오버핏으로 이뻐요 네이비랑 베이지?색이 들어가있어서 연청,흑청,회색, 검정 베이지 등등 아무 바지 입어도 다 잘 어울립니다!",5.0,너무 얇지도 두껍지도 않은 적당한 두께라 암때나 입기좋을 것 같아요 핏도 제기준 오버핏으로 이뻐요 네이비랑 베이지색이 들어가있어서 연청흑청회색 검정 베이지 등등 아무 바지 입어도 다 잘 어울립니다
무난무난합니다. 좋은 가격에 잘 샀어요. 좋습니다.,5.0,무난무난합니다 좋은 가격에 잘 샀어요 좋습니다
예전부터 사고싶었는데 세일하길래 바로 샀어요,5.0,예전부터 사고싶었는데 세일하길래 바로 샀어요
다른 부분보다 가슴폭이 넓습니다. 재질은 얇지만 한여름에는 별로일 것 같네요~,4.0,다른 부분보다 가슴폭이 넓습니다 재질은 얇지만 한여름에는 별로일 것 같네요
색감이 너무 이뻐서 마음이 들어요. 자주 입을거 같네요.,5.0,색감이 너무 이뻐서 마음이 들어요 자주 입을거 같네요
색깔이 생각보다 너무 이뻐서 너무 맘에 듭니다 다른 분에게도 추천합니다,5.0,색깔이 생각보다 너무 이뻐서 너무 맘에 듭니다 다른 분에게도 추천합니다
좋은 가격에 좋은 퀄리티입니다. 자주 입을 것 같습니다,5.0,좋은 가격에 좋은 퀄리티입니다 자주 입을 것 같습니다
얇아서 걸쳐입기좋네요 가을때 자주 입을거같네요,5.0,얇아서 걸쳐입기좋네요 가을때 자주 입을거같네요
여행 갈때 입으려고 샀는데요  완전 이쁘네요~~색감도 딱 좋아요,4.0,여행 갈때 입으려고 샀는데요 완전 이쁘네요색감도 딱 좋아요
"지인의 추천을 받아서 구매하게된 후크의 체크셔츠입니다.  일반 체크셔츠보다 비교적 기장감이 짧고, 흐물거리는 원단이 아닌 탄탄한 원단을 사용해서 실루엣 각이 잘잡히고 봄~가을에 잘 활용할 수 있다는 점이 매력적입니다.  색감은 사진보다 밝고 컬러가 조화롭게 섞여 있어서 특유의 감성이 담긴 체크셔츠라고 생각됩니다.  도움 되셨다면 <도움 돼요> 및 <스타일 좋아요> 한 번씩 부탁드립니다🙏🏻",5.0,지인의 추천을 받아서 구매하게된 후크의 체크셔츠입니다 일반 체크셔츠보다 비교적 기장감이 짧고 흐물거리는 원단이 아닌 탄탄한 원단을 사용해서 실루엣 각이 잘잡히고 봄가을에 잘 활용할 수 있다는 점이 매력적입니다 색감은 사진보다 밝고 컬러가 조화롭게 섞여 있어서 특유의 감성이 담긴 체크셔츠라고 생각됩니다 도움 되셨다면 도움 돼요 및 스타일 좋아요 한 번씩 부탁드립니다
색이 예뻐요 얇아서 더울때도 입으면 좋을거 같아요,5.0,색이 예뻐요 얇아서 더울때도 입으면 좋을거 같아요
얇고 적당한 박스핏이라 이쁘네요~ 다른색도 살까고민 중,5.0,얇고 적당한 박스핏이라 이쁘네요 다른색도 살까고민 중
꽤나 디자인도 예쁘고 좋습니다 다릉거또살듯합니더,5.0,꽤나 디자인도 예쁘고 좋습니다 다릉거또살듯합니더
무슨 이벤트때 3만3천원에 싸게샀다고 생각했는데 이번에 2만7천원까지 내려감.. 그리고 소재확인해보고 사세요ㅎㅎ,4.0,무슨 이벤트때 만천원에 싸게샀다고 생각했는데 이번에 만천원까지 내려감 그리고 소재확인해보고 사세요
핏감도 여유롭고 소재도 뷰드러워서 여기저기 데일리로 편하게 입고 다닐 수 있울 것 같아요,5.0,핏감도 여유롭고 소재도 뷰드러워서 여기저기 데일리로 편하게 입고 다닐 수 있울 것 같아요
생각보다 색이 밝아서 블루 느낌이 제대로임 엄청 얇지도 두껍지도 않아 간절기에 제대로 입을 수 있음,5.0,생각보다 색이 밝아서 블루 느낌이 제대로임 엄청 얇지도 두껍지도 않아 간절기에 제대로 입을 수 있음
오버핏 낭낭하게 좋슴다 간절기에 입기 딱 좋을 듯요,5.0,오버핏 낭낭하게 좋슴다 간절기에 입기 딱 좋을 듯요
"디자인,재질 모두 마음에 들고 스타일리쉬 합니다",5.0,디자인재질 모두 마음에 들고 스타일리쉬 합니다
이뻐보이고 좋은것 같아요  체크무니 남방중에 이쁘네요,4.0,이뻐보이고 좋은것 같아요 체크무니 남방중에 이쁘네요
이뻐요.. 진짜 이뻐요.. 적당히 크고 괜찮습니다 생각보다 얇아서 그래도 조굼 덜 더운날엔 입어도 될 것 같아요,5.0,이뻐요 진짜 이뻐요 적당히 크고 괜찮습니다 생각보다 얇아서 그래도 조굼 덜 더운날엔 입어도 될 것 같아요
너무 이뻐요 너무나도 좋은 결정이였어요 ㅎㅎ헤헤핳,5.0,너무 이뻐요 너무나도 좋은 결정이였어요 헤헤핳
이뻐서 세탁 잘못한거 감안하고 다시 샀습니당 이뻐요,5.0,이뻐서 세탁 잘못한거 감안하고 다시 샀습니당 이뻐요
가성비 좋은 상품이라봄 여름 가을 입기에 좋은듯 합니다,5.0,가성비 좋은 상품이라봄 여름 가을 입기에 좋은듯 합니다
재질이 정말 탄탄하고 색감도 아주 맘에 들어요 셔츠를 정말 좋아해서 많이 가지고 있는데 최애픽입니당,5.0,재질이 정말 탄탄하고 색감도 아주 맘에 들어요 셔츠를 정말 좋아해서 많이 가지고 있는데 최애픽입니당
레전드셔츠 그냥 사 입으세요. 색도 너무 이뻐요 짱,5.0,레전드셔츠 그냥 사 입으세요 색도 너무 이뻐요 짱
보는 그대로 똑같아요 중3아들 너무 좋아하네요 가을을 못기다리고 32도날씨에도 팔걷어서 반바지에 입고나갔어요ㅜㅜ 너무 좋아해서 말릴수가 없었네요ㅎ 색감도좋고 원단도 가을원단이어서 만족합니다,5.0,보는 그대로 똑같아요 중아들 너무 좋아하네요 가을을 못기다리고 도날씨에도 팔걷어서 반바지에 입고나갔어요 너무 좋아해서 말릴수가 없었네요 색감도좋고 원단도 가을원단이어서 만족합니다
"배송 빠르고 재질, 사이즈가 다른 셔츠에 비해 좋아요",5.0,배송 빠르고 재질 사이즈가 다른 셔츠에 비해 좋아요
셔츠 처음 구매해봤는데 핏이랑 워싱이 너무 이뻐서 만족해요,5.0,셔츠 처음 구매해봤는데 핏이랑 워싱이 너무 이뻐서 만족해요
핏도 완벽하고 가벼운 재질이라 너무 좋습니다 굿,5.0,핏도 완벽하고 가벼운 재질이라 너무 좋습니다 굿
셔츠 핏 생각했던 핏인데 디자인 눔 이뻐서 올 가을 잘 입고 다닐것 같아요,5.0,셔츠 핏 생각했던 핏인데 디자인 눔 이뻐서 올 가을 잘 입고 다닐것 같아요
팔은 긴데 몸통은 좀 짧은 감이 있어여 그래도 데일리로 잘 입을서 같아옇,4.0,팔은 긴데 몸통은 좀 짧은 감이 있어여 그래도 데일리로 잘 입을서 같아옇
편하게 입는게 가능하고 시원해서 지금도 입어요,5.0,편하게 입는게 가능하고 시원해서 지금도 입어요
배송도 빠르고 옷 입었더니 사이즈 정말 좋아요 ㅎㅎ 다음번에는 다른 색으로 사야겠네요 ㅎㅎ,5.0,배송도 빠르고 옷 입었더니 사이즈 정말 좋아요 다음번에는 다른 색으로 사야겠네요
무난하게 어디에나 입어도 되는 가성비 좋은 제품입니다.,4.0,무난하게 어디에나 입어도 되는 가성비 좋은 제품입니다
역시 체크는 후크네요! 빈티지한 색감으로 어디든 꾸안꾸 하기 좋을 셔츠입니다.,5.0,역시 체크는 후크네요 빈티지한 색감으로 어디든 꾸안꾸 하기 좋을 셔츠입니다
사이즈가 여유로워서 잘 맞고 예상했던 질감이에요,5.0,사이즈가 여유로워서 잘 맞고 예상했던 질감이에요
오버핏인걸 감안하면 174에 70까진 m사이즈 입어도 될 거 같습니다(어깨가 넓은 사람은 한 사이즈 업),5.0,오버핏인걸 감안하면 에 까진 m사이즈 입어도 될 거 같습니다어깨가 넓은 사람은 한 사이즈 업
여자친구랑 놀러가면서 편하게 입으려고 찾다가 오늘 입었는데 크게 입는걸 좋아해서 라지로 샀는데 딱 좋은 핏이 나와서 가성비 너무 만족해요👍,5.0,여자친구랑 놀러가면서 편하게 입으려고 찾다가 오늘 입었는데 크게 입는걸 좋아해서 라지로 샀는데 딱 좋은 핏이 나와서 가성비 너무 만족해요
m사이즈 입으면 딱 예브고 가격에 비해 좋아요 추천 드립니다!,5.0,m사이즈 입으면 딱 예브고 가격에 비해 좋아요 추천 드립니다
적당한 길이에 색감 이뻐요. 실내에서 입으면 에어컨바람 막이뇽으로 적당합니다 잘입을께요.,5.0,적당한 길이에 색감 이뻐요 실내에서 입으면 에어컨바람 막이뇽으로 적당합니다 잘입을께요
요새 유행하는 체크셔츠지만 패턴이며 컬러가 식상하지 않고 너무 예뻐요,5.0,요새 유행하는 체크셔츠지만 패턴이며 컬러가 식상하지 않고 너무 예뻐요
저렴한 가격에 패턴이 이쁘게 들어갔어요. 두께도 두껍지 않아서 여름에도 입을 수 있어요,5.0,저렴한 가격에 패턴이 이쁘게 들어갔어요 두께도 두껍지 않아서 여름에도 입을 수 있어요
에어컨 밑에서 입기 좋고 가을되면 많이 입을듯 굿!,5.0,에어컨 밑에서 입기 좋고 가을되면 많이 입을듯 굿
핏도좋고 다 좋아요 이쁘고 시원해요 긴팔셔츠중에 최고입니다,5.0,핏도좋고 다 좋아요 이쁘고 시원해요 긴팔셔츠중에 최고입니다
사이즈 넉넉하고 색감도 예쁘네요 목부분이 좀더 크면 더 좋았을꺼 같네요,5.0,사이즈 넉넉하고 색감도 예쁘네요 목부분이 좀더 크면 더 좋았을꺼 같네요
색깔도 이쁘고 기장과 전체적인 핏이 걸쳐입기 좋습니다 !!,5.0,색깔도 이쁘고 기장과 전체적인 핏이 걸쳐입기 좋습니다
만져봤을 때 얇고 생각보다 밝았습니다. 눈으로 볼때 보다는 착용했을 때가 가장예쁩니다.,5.0,만져봤을 때 얇고 생각보다 밝았습니다 눈으로 볼때 보다는 착용했을 때가 가장예쁩니다
깔끔하고 마음에 듭니다 색깔도 상세페이지 화면과 같고 터치감도 좋고 원단도 좋아보이네요 좋은 가격에 잘 산것 같습니다 굳입니다,5.0,깔끔하고 마음에 듭니다 색깔도 상세페이지 화면과 같고 터치감도 좋고 원단도 좋아보이네요 좋은 가격에 잘 산것 같습니다 굳입니다
이쁩니당 날씨 쪼금만 선선해지면 열심히 입고 다닐 거 같아요,5.0,이쁩니당 날씨 쪼금만 선선해지면 열심히 입고 다닐 거 같아요
예상보다 두께가 얇긴 했지만 레이어드 용으로 구매하기 딱 좋은 거 같습니다.,5.0,예상보다 두께가 얇긴 했지만 레이어드 용으로 구매하기 딱 좋은 거 같습니다
진짜 딱이런 느낌에 셔츠를 찾았는데 완죤 럭키비키에요 셔츠 유목민 계속 레트로한 느낌 찾다가 드디어 저한테 맞는 셔츠를 찾았어요 !! 이쁘게입을게요  청바지나 안에 나시입고 입으면 완죤 이뻐요,5.0,진짜 딱이런 느낌에 셔츠를 찾았는데 완죤 럭키비키에요 셔츠 유목민 계속 레트로한 느낌 찾다가 드디어 저한테 맞는 셔츠를 찾았어요 이쁘게입을게요 청바지나 안에 나시입고 입으면 완죤 이뻐요
요즘 체크 셔츠가 정말 다양한 브랜드에서 나오는데 이 제품을 우연히 보자마자 와 이건 사야겠다 하고 구매했는데 실제로 받고 입어보니 정말 이뻐요 재질도 시원한 재질이라 여름도 가능입니다,5.0,요즘 체크 셔츠가 정말 다양한 브랜드에서 나오는데 이 제품을 우연히 보자마자 와 이건 사야겠다 하고 구매했는데 실제로 받고 입어보니 정말 이뻐요 재질도 시원한 재질이라 여름도 가능입니다
가격도 배송도 제품도 완전 만족 입니다!! 재구매 의사 100%,5.0,가격도 배송도 제품도 완전 만족 입니다 재구매 의사
배송도 빠르고 재질도좋아서 만족스럽습니다. 감사합니다. ,5.0,배송도 빠르고 재질도좋아서 만족스럽습니다 감사합니다
옷이 딱 깔끔하고 이뻐요. 색감도 깔끔하고 밝은 느낌도 들고 가을에 입으면 딱이예요,5.0,옷이 딱 깔끔하고 이뻐요 색감도 깔끔하고 밝은 느낌도 들고 가을에 입으면 딱이예요
색감이 너무 예쁩니다. 최애 셔츠로 자리잡을 것 같아요,5.0,색감이 너무 예쁩니다 최애 셔츠로 자리잡을 것 같아요
아무 바지에 거의 어울리고 편해요 건조도 잘 돼서 건조기 필요 없을듯하네요,4.0,아무 바지에 거의 어울리고 편해요 건조도 잘 돼서 건조기 필요 없을듯하네요
생각보다 얇아서 여름에 잘 입고 다닐 수 있을거 같아요 ,5.0,생각보다 얇아서 여름에 잘 입고 다닐 수 있을거 같아요
이뻐요 조금 품이 큰데 괜찮아요 색ㄱ감이 이쁘네어,5.0,이뻐요 조금 품이 큰데 괜찮아요 색감이 이쁘네어
흠냐 예쁜데 체크가 실제로 보니 좀 단순해요 그치만 재질 좋고 핏도 예뻐요!ㅎㅎ 추천합니당,5.0,흠냐 예쁜데 체크가 실제로 보니 좀 단순해요 그치만 재질 좋고 핏도 예뻐요 추천합니당
가성비가 너무 좋아요 너무 싸게 팔아서 걱정했는데 괜한 걱정이네요,5.0,가성비가 너무 좋아요 너무 싸게 팔아서 걱정했는데 괜한 걱정이네요
체크셔츠 이쁘게 잘 나왔어요 간단하게 아무 옷에 걸쳐도 이뻐요 ,5.0,체크셔츠 이쁘게 잘 나왔어요 간단하게 아무 옷에 걸쳐도 이뻐요
재질도 좋고 배송도 빨랐어요 합리적이에요 좋아요,5.0,재질도 좋고 배송도 빨랐어요 합리적이에요 좋아요
사이즈도 적당하고 디자인하고 핏도 너무 짱짱 좋아연 따봉@!,5.0,사이즈도 적당하고 디자인하고 핏도 너무 짱짱 좋아연 따봉
이쁘구요 사이즈도 딱 맞아요 앞으로 잘입겠습니다,5.0,이쁘구요 사이즈도 딱 맞아요 앞으로 잘입겠습니다
예상대로 이쁘고 사이즈도 딱 맞습니다 잘입을게요,5.0,예상대로 이쁘고 사이즈도 딱 맞습니다 잘입을게요
입어봣는데 예상대로 이쁘네요. 앞으로 많이 입을거같아요,5.0,입어봣는데 예상대로 이쁘네요 앞으로 많이 입을거같아요
후크 셔츠 처음사보는데 재질도 나쁘지않네요 잘입을게여,4.0,후크 셔츠 처음사보는데 재질도 나쁘지않네요 잘입을게여
어깨가 생각한것보다 더키 커요 한사이즈 다운 추천 그리고 실밥이 많이 나오네요,5.0,어깨가 생각한것보다 더키 커요 한사이즈 다운 추천 그리고 실밥이 많이 나오네요
몸 기장이 약간 짧아서 아쉽긴한데 옷은 이쁩니다 잘입겠습니다,4.0,몸 기장이 약간 짧아서 아쉽긴한데 옷은 이쁩니다 잘입겠습니다
옷 핏이나 디자인 둘다 너무 예쁜데 기장이 좀 짧은게 아쉽네요 ㅠ,5.0,옷 핏이나 디자인 둘다 너무 예쁜데 기장이 좀 짧은게 아쉽네요
원단이 가벼워서 사계절내내 잘입을것같고 요즘니즈에 맞게 잘뽑힌 것 같아요,5.0,원단이 가벼워서 사계절내내 잘입을것같고 요즘니즈에 맞게 잘뽑힌 것 같아요
패턴 이쁘고 얇아서 봄 가을에 유용하게 입을것같습니다 ,5.0,패턴 이쁘고 얇아서 봄 가을에 유용하게 입을것같습니다
배송도 빠르고 좋아요. 다만 빨래하면 구겨져서 조슴 아쉬워요,5.0,배송도 빠르고 좋아요 다만 빨래하면 구겨져서 조슴 아쉬워요
사이즈 좋고 핏도 아주 좋아요 만족합니다. 굿입에요. 고맙습니다.,5.0,사이즈 좋고 핏도 아주 좋아요 만족합니다 굿입에요 고맙습니다
정사이즈고 여름에 팔 접어서 입으면 예뻐요 나중에 색상 다른거 또 사려구요,5.0,정사이즈고 여름에 팔 접어서 입으면 예뻐요 나중에 색상 다른거 또 사려구요
기장이 조금 짧은느낌인데요 나쁘지않아요 오히려좋아,5.0,기장이 조금 짧은느낌인데요 나쁘지않아요 오히려좋아
할인해서 샀습니다 날이 좀 선선해지면 데일리로 무난하게 입기 좋을 것 같습니다,5.0,할인해서 샀습니다 날이 좀 선선해지면 데일리로 무난하게 입기 좋을 것 같습니다
생각보다 엄청 밝은 톤? 느낌이ㅏ라 산뜻해요 예뻐용,4.0,생각보다 엄청 밝은 톤 느낌이라 산뜻해요 예뻐용
카라부분이 좀 많이 커요 감안하시고 구매하세요,5.0,카라부분이 좀 많이 커요 감안하시고 구매하세요
체크무늬도 이쁘고 옷도 시원한재질이에요 좋아요,5.0,체크무늬도 이쁘고 옷도 시원한재질이에요 좋아요
체크셔츠 처음인데 노란빛이 살짝 돌아서 이쁘게 입을 수 있을거 같아요,4.0,체크셔츠 처음인데 노란빛이 살짝 돌아서 이쁘게 입을 수 있을거 같아요
적당한 가격에 합리적으로 잘 산거 같아요 좋아요,5.0,적당한 가격에 합리적으로 잘 산거 같아요 좋아요
체크가 마음에 들어서 샀어요 여름엔 못 입고 가을 되면 입을듯,5.0,체크가 마음에 들어서 샀어요 여름엔 못 입고 가을 되면 입을듯
사이즈 걱정을 많이 했는데 너무 만족하고 무엇보다 예뻐요,5.0,사이즈 걱정을 많이 했는데 너무 만족하고 무엇보다 예뻐요
사이즈 걱정 많이 했는데 적당히 오버해서 너무 마음에 들었어요,5.0,사이즈 걱정 많이 했는데 적당히 오버해서 너무 마음에 들었어요
좋아요 선물용으로 구매했는데 마음에 들어 합니다 선물도 역시 무신사랑,5.0,좋아요 선물용으로 구매했는데 마음에 들어 합니다 선물도 역시 무신사랑
체크셔츠 좋아하시는 분들은 꼭 있어야할.. 너무 이쁘고 옷 사이즈도 여름에 실내에서 걸치기 좋은 옷이에요 얇고 편하고 오버핏으로 입기 너무 좋습니다!,5.0,체크셔츠 좋아하시는 분들은 꼭 있어야할 너무 이쁘고 옷 사이즈도 여름에 실내에서 걸치기 좋은 옷이에요 얇고 편하고 오버핏으로 입기 너무 좋습니다
배송이 꽤 걸렸지만 셔츠는 예쁩니다. 겉에 걸치는 용도로 잘 입을 것 같습니다.,5.0,배송이 꽤 걸렸지만 셔츠는 예쁩니다 겉에 걸치는 용도로 잘 입을 것 같습니다
오버핏으로 입기 예쁜거 같아요 환절기에 걸치기 적합합니다. ,4.0,오버핏으로 입기 예쁜거 같아요 환절기에 걸치기 적합합니다
색감이 독특하고 늦여름 쯤부터 시원하게 입을 수 있을거 같아요,5.0,색감이 독특하고 늦여름 쯤부터 시원하게 입을 수 있을거 같아요
이번 무신사 새일로 구매해봤는데 인기가 많은지 물량 부족으로 배송은 오래걸렸지만 실물 깡패 입니다!! 셔츠 루즈하고 이쁘게 핏 잘 빠져서 잘 입고 다닐거 같아요!!,5.0,이번 무신사 새일로 구매해봤는데 인기가 많은지 물량 부족으로 배송은 오래걸렸지만 실물 깡패 입니다 셔츠 루즈하고 이쁘게 핏 잘 빠져서 잘 입고 다닐거 같아요
배송지연된 것 말고는 상품 자체가 예뻐서 좋습니다,5.0,배송지연된 것 말고는 상품 자체가 예뻐서 좋습니다
기장 딱 적당하고 색감이 너무 이쁩니다. 무난하게 셔츠랑 입기 좋습니다.,5.0,기장 딱 적당하고 색감이 너무 이쁩니다 무난하게 셔츠랑 입기 좋습니다
디자인 너무 마음에 들고 색감이 너무 이쁜것 같아요,5.0,디자인 너무 마음에 들고 색감이 너무 이쁜것 같아요
셔츠 두께감이도 한여름 빼고는 착용이 가능할거 같고 또 요즘 체크셔츠 많이들 착용하는데 트렌드에 맞는 제품같아요 편하게 운동하러 갈때 툭 걸쳐도 좋을 데일리 아이템이에요,5.0,셔츠 두께감이도 한여름 빼고는 착용이 가능할거 같고 또 요즘 체크셔츠 많이들 착용하는데 트렌드에 맞는 제품같아요 편하게 운동하러 갈때 툭 걸쳐도 좋을 데일리 아이템이에요
색감이 너무 부드럽고 이뻐요 데일리로 아무엏게나입어도 조음,5.0,색감이 너무 부드럽고 이뻐요 데일리로 아무엏게나입어도 조음
한여름에 입기는 좀 더워요  예쁜건 확실히 예쁩니다. 빳빳한 재질이라 소매 접어 입을 때도 편해요 단품으로 입으려면 정핏으로 가는게 좋을 것 같아요,5.0,한여름에 입기는 좀 더워요 예쁜건 확실히 예쁩니다 빳빳한 재질이라 소매 접어 입을 때도 편해요 단품으로 입으려면 정핏으로 가는게 좋을 것 같아요
가볍게 걸치기 좋은 쳌셔! 여름부터 가을까지 셔츠 단품으로도 아우터로도 여러모로 활용하기 좋을것 같아요~!,5.0,가볍게 걸치기 좋은 쳌셔 여름부터 가을까지 셔츠 단품으로도 아우터로도 여러모로 활용하기 좋을것 같아요
배송이 빠르고 색감은 이미지 보다 더 밝은 거 같아요 구매한 것에 만족하고 디자인도 너무 마음에 들어요!,5.0,배송이 빠르고 색감은 이미지 보다 더 밝은 거 같아요 구매한 것에 만족하고 디자인도 너무 마음에 들어요
간절기에도 입기 좋고 여름에도 조금 덥지만 입을만합니다 휘뚜루 마뚜루 입기 좋은것같아요 이뻐요,5.0,간절기에도 입기 좋고 여름에도 조금 덥지만 입을만합니다 휘뚜루 마뚜루 입기 좋은것같아요 이뻐요
배송도 빠르고 디자인도 좋습니다 다만 실밥 마감이 여기저기 조금 아쉽습니다,5.0,배송도 빠르고 디자인도 좋습니다 다만 실밥 마감이 여기저기 조금 아쉽습니다
디자인 너무 이쁘고 배송빠릅니다 색감도 이뻐요,5.0,디자인 너무 이쁘고 배송빠릅니다 색감도 이뻐요
옷이 너무 이뻐요 잘산거같습니다 배송도 빨라요 아주조아요,5.0,옷이 너무 이뻐요 잘산거같습니다 배송도 빨라요 아주조아요
옷이 너무 이뻐요 잘산거같습니다 배송도 빨라요 아주조아요 사이즈도 잘맞습니다,5.0,옷이 너무 이뻐요 잘산거같습니다 배송도 빨라요 아주조아요 사이즈도 잘맞습니다
상품 잘 받았습니다 퀄리티도 괜찮아보이고 디자인도 맘에들어서 자주 사용할 것 같아요 좋은상품 감사합니다 잘 쓰겠습니다,5.0,상품 잘 받았습니다 퀄리티도 괜찮아보이고 디자인도 맘에들어서 자주 사용할 것 같아요 좋은상품 감사합니다 잘 쓰겠습니다
얇은 원단에 여름에도 가볍게 걸치기 좋을거 같아요,5.0,얇은 원단에 여름에도 가볍게 걸치기 좋을거 같아요
"핏, 색감, 가격 뭣하나 빠짐없이 만족한 제품입니다. 근래 산 체크셔츠중 가장 만족..",5.0,핏 색감 가격 뭣하나 빠짐없이 만족한 제품입니다 근래 산 체크셔츠중 가장 만족
사실 상품이미지 보고 슥 넘어갔던 옷중 하나입니다. 그러다가 어떤 모델분의 착샷을 보고 와 이건 못참겠다 하고 산 제품입니다. 간절기에 적당한 두께감이라고 생각하고 이쁩니다.,5.0,사실 상품이미지 보고 슥 넘어갔던 옷중 하나입니다 그러다가 어떤 모델분의 착샷을 보고 와 이건 못참겠다 하고 산 제품입니다 간절기에 적당한 두께감이라고 생각하고 이쁩니다
얇음~보통  두께의 중간입니다 생각보다는 도톰한데 더얇앗으면 안이뻣을거같아요 색감은 너무 좋아요,5.0,얇음보통 두께의 중간입니다 생각보다는 도톰한데 더얇앗으면 안이뻣을거같아요 색감은 너무 좋아요
생각보다 노란끼 도는 푸름 체크 셔츠지만 그래도 이뻐서 맘에 듭니다,5.0,생각보다 노란끼 도는 푸름 체크 셔츠지만 그래도 이뻐서 맘에 듭니다
굿굿. 여름에 냉방방지용으로 입기 괜찮은듯. 얇아서 좋아요,5.0,굿굿 여름에 냉방방지용으로 입기 괜찮은듯 얇아서 좋아요
여름에 아우터로 입기 좋아요. 얇아서 걸치기도 굿입니다,5.0,여름에 아우터로 입기 좋아요 얇아서 걸치기도 굿입니다
셔츠 완전 대박 예쁘네요 너무 마음에 쏙 듭니다 짱,5.0,셔츠 완전 대박 예쁘네요 너무 마음에 쏙 듭니다 짱
사이즈도 적당하고 여름에 입기 좋아여! 믿고 구매합니다,5.0,사이즈도 적당하고 여름에 입기 좋아여 믿고 구매합니다
여름에도 입기 좋고 봄 가을에도 입기 좋을것 같네요,5.0,여름에도 입기 좋고 봄 가을에도 입기 좋을것 같네요
총장이 조금 더 길었으면 좋겠어요 옷은 이쁩니다,5.0,총장이 조금 더 길었으면 좋겠어요 옷은 이쁩니다
총장이 조금만 더 길었으면 좋겠다는 생각이 있지만 이뻐요,5.0,총장이 조금만 더 길었으면 좋겠다는 생각이 있지만 이뻐요
체크셔츠 하나 살려고 찾다가 구매했은데 괜찮아요,5.0,체크셔츠 하나 살려고 찾다가 구매했은데 괜찮아요
색깔 너무 예쁘고 체크무늬도 맘에 들어요 재질이 탄탄해서 좋아요,5.0,색깔 너무 예쁘고 체크무늬도 맘에 들어요 재질이 탄탄해서 좋아요
티셔츠 위에 살짝만 걸쳐도 너무 이뻐요! 사이즈도 저한테 딱이네요,5.0,티셔츠 위에 살짝만 걸쳐도 너무 이뻐요 사이즈도 저한테 딱이네요
적당한 오버핏에 디자인도 괜찮습니다. 가격 대비 좋은 제품입니다. ,5.0,적당한 오버핏에 디자인도 괜찮습니다 가격 대비 좋은 제품입니다
근래에 샀던 체크셔츠 중에서 가장 맘에 드네요. 데일리로 매일 입었네요.,5.0,근래에 샀던 체크셔츠 중에서 가장 맘에 드네요 데일리로 매일 입었네요
생각한 핏과 재질이여서 너무 마음에 듭니다 자주 입을 거 같아요,5.0,생각한 핏과 재질이여서 너무 마음에 듭니다 자주 입을 거 같아요
패턴이쁘고요 카라랑 소매가 좀 탄탄함 편입니다 요즘 셔츠가 다 길어서 별론데 이 셔츠는 딱좋네요 ,5.0,패턴이쁘고요 카라랑 소매가 좀 탄탄함 편입니다 요즘 셔츠가 다 길어서 별론데 이 셔츠는 딱좋네요
박시한 스타일로 지금 한여름에 입기 좋은 재질임!,5.0,박시한 스타일로 지금 한여름에 입기 좋은 재질임
기장도 너무 길지않고 빈티지한 느낌으로 너무 좋아요,5.0,기장도 너무 길지않고 빈티지한 느낌으로 너무 좋아요
배송은 하루만에 왔고 원단감은 생각보다 얇아서 지금 입기에 괜찮을 것 같아요,4.0,배송은 하루만에 왔고 원단감은 생각보다 얇아서 지금 입기에 괜찮을 것 같아요
에스엔에스에서 구경하다가 구매했는데 배송도 빠르고 가격이 합리적이라서 좋아요. 가볍게 걸치기 좋은 두께감이라 체고,5.0,에스엔에스에서 구경하다가 구매했는데 배송도 빠르고 가격이 합리적이라서 좋아요 가볍게 걸치기 좋은 두께감이라 체고
휘뚜루마뚜루 입기 좋은 오버핏 셔츠입니다! 소재가 너무 얇지도 두껍지도 않은 시원하게 걸치기 좋은 소재라 너무 맘에 드렁요! 예쁘게 잘 입을게요,5.0,휘뚜루마뚜루 입기 좋은 오버핏 셔츠입니다 소재가 너무 얇지도 두껍지도 않은 시원하게 걸치기 좋은 소재라 너무 맘에 드렁요 예쁘게 잘 입을게요
옷이 아주 이쁩니다. 이쁜 체크무늬 셔츠입니다 최고,5.0,옷이 아주 이쁩니다 이쁜 체크무늬 셔츠입니다 최고
좋아요 예뻐요 잘 입고 있습니다 앞으로도 잘 입을게요!,5.0,좋아요 예뻐요 잘 입고 있습니다 앞으로도 잘 입을게요
얇아서 여름에 잘 입고다니고 있어요! 길이가 쪼끔 짧은게 아쉽지만 길이가 긴 반팔이랑 같이 입으니까 이쁘네요ㅎ,5.0,얇아서 여름에 잘 입고다니고 있어요 길이가 쪼끔 짧은게 아쉽지만 길이가 긴 반팔이랑 같이 입으니까 이쁘네요
여름용 셔츠로 시원하니~ 적절하게 활용 가능할 것 같아요 !,4.0,여름용 셔츠로 시원하니 적절하게 활용 가능할 것 같아요
옷이 얇고 사이즈도 살짝 오버핏에 맘에 듭니다 두껍지 않아서 편하게 입을 수 있을 것 같아요,5.0,옷이 얇고 사이즈도 살짝 오버핏에 맘에 듭니다 두껍지 않아서 편하게 입을 수 있을 것 같아요
할인할때 해당 브랜드 옷을 첫 구매했는데 맘에 듭니다 체크 남방 자주 살 것 같아요 옷이 얇아서 덥지 않아요,5.0,할인할때 해당 브랜드 옷을 첫 구매했는데 맘에 듭니다 체크 남방 자주 살 것 같아요 옷이 얇아서 덥지 않아요
흔하지 않고 빈티지한 느낌인 체크셔츠라 좋았어요,5.0,흔하지 않고 빈티지한 느낌인 체크셔츠라 좋았어요
클래식한 체크무늬로 다양한 스타일에 슂게 매치할 수 있어 매우 만족스러워요 ! 소재도 부르더워 착용하는데에 있어 불편함이 없었고 세탁 후에도 형태가 잘 유지되어 오래오래 입을 수 있을것 같네요 !!,5.0,클래식한 체크무늬로 다양한 스타일에 슂게 매치할 수 있어 매우 만족스러워요 소재도 부르더워 착용하는데에 있어 불편함이 없었고 세탁 후에도 형태가 잘 유지되어 오래오래 입을 수 있을것 같네요
옷 진짜 이쁘게 잘 나온 거 같아요. 안에 민소매 입고 겉옷으로 걸치면 여름에듀 입기 즇아요,5.0,옷 진짜 이쁘게 잘 나온 거 같아요 안에 민소매 입고 겉옷으로 걸치면 여름에듀 입기 즇아요
사이즈 넉넉하게 잘 맞고 이쁘네요 저럼한 가격에 잘 입을게요.,5.0,사이즈 넉넉하게 잘 맞고 이쁘네요 저럼한 가격에 잘 입을게요
핏 색감 가격 모든점이 맘에 드네요 이번 여름에 잘 입을꺼 같습니다,5.0,핏 색감 가격 모든점이 맘에 드네요 이번 여름에 잘 입을꺼 같습니다
가볍고 참 좋습니다 자주 입을것 같아요 시원하네요,5.0,가볍고 참 좋습니다 자주 입을것 같아요 시원하네요
"쇼핑몰 옷처럼 포장되어,, 배송 옴 .,,, 봉투도 찢어져있고 ,, 옷은 멀쩡 하지만 뭔가 ? ㅎㅎ 두께감은 사계절 용  후들후들 거리진 않아욤",4.0,쇼핑몰 옷처럼 포장되어 배송 옴 봉투도 찢어져있고 옷은 멀쩡 하지만 뭔가 두께감은 사계절 용 후들후들 거리진 않아욤
두께감은 적당히 있고 사계절용 입니당 여름 ㄴㄴ 겨울용 ㄴㄴ 그냥저냥 간절기에 입을만하고 초여름 저녁~에어컨대비 용으로 좋아욤,4.0,두께감은 적당히 있고 사계절용 입니당 여름 겨울용 그냥저냥 간절기에 입을만하고 초여름 저녁에어컨대비 용으로 좋아욤
배송이 겁나빠르고요 색감 좋습니다 생각보다 많이컸어요,5.0,배송이 겁나빠르고요 색감 좋습니다 생각보다 많이컸어요
사이즈도 잘 맞고 색깔도 생각보다 예뻐서 마음에 들어요,5.0,사이즈도 잘 맞고 색깔도 생각보다 예뻐서 마음에 들어요
배송도 빠르고 좋아요 상품도 좋아요 사이즈 좋네요 빠르고 좋아요 배송도 빠르고 좋아요 ,5.0,배송도 빠르고 좋아요 상품도 좋아요 사이즈 좋네요 빠르고 좋아요 배송도 빠르고 좋아요
잘 쓰고있었는데 빨래한번하고 나니까 옷길이 반됐어요,1.0,잘 쓰고있었는데 빨래한번하고 나니까 옷길이 반됐어요
얇고 체크가 이뻐서 여기저기 먀치해서 입을 수 있을거같아요,5.0,얇고 체크가 이뻐서 여기저기 먀치해서 입을 수 있을거같아요
타임세일 할때 싸게사서 좋습니다. 체크셔츠 많이 삿는데 맘에드네요,5.0,타임세일 할때 싸게사서 좋습니다 체크셔츠 많이 삿는데 맘에드네요
배송 빠르고 가볍게 걸치기 너무 좋아요 잘 산거같습니다 ,5.0,배송 빠르고 가볍게 걸치기 너무 좋아요 잘 산거같습니다
약간 노란기가 있는데 하얀게 더 이뻣을듯합니다만 일단은 핏이나 다 마음에듭니다,5.0,약간 노란기가 있는데 하얀게 더 이뻣을듯합니다만 일단은 핏이나 다 마음에듭니다
찜해놨는데 세일하길래 두개나 샀어요 너무 예쁩니다,5.0,찜해놨는데 세일하길래 두개나 샀어요 너무 예쁩니다
좋습니다 가격도 괜찮고 입기 편하고 이뻐요 조아요,5.0,좋습니다 가격도 괜찮고 입기 편하고 이뻐요 조아요
야름에 입을 셔츠 찾았는데 두께감이 많이 두껍지 않아서 지금 입고 다니기 딱 좋을것 같아요!! 이뻐서 너무 만족입니다,5.0,야름에 입을 셔츠 찾았는데 두께감이 많이 두껍지 않아서 지금 입고 다니기 딱 좋을것 같아요 이뻐서 너무 만족입니다
얇아서 여름에도 입기 좋고 색감도 이뻐서 자주 입을거 같아요,4.0,얇아서 여름에도 입기 좋고 색감도 이뻐서 자주 입을거 같아요
생각했던 색감과 원단은 아닌데 편하게 입기 좋을거같아요,3.0,생각했던 색감과 원단은 아닌데 편하게 입기 좋을거같아요
옷이 귀엽고 이뻐요 빈티지한 색상도 너무 이쁘네요 잘 입을게요,5.0,옷이 귀엽고 이뻐요 빈티지한 색상도 너무 이쁘네요 잘 입을게요
마감질이 좀 아쉽습니다 팔부분이랑 몸통 부분좀 젋어서 저한테는 조금 아쉬웠습니다 그치만 크게 입는 거 좋아 하시는 분들한테눈 추천 드립니다,4.0,마감질이 좀 아쉽습니다 팔부분이랑 몸통 부분좀 젋어서 저한테는 조금 아쉬웠습니다 그치만 크게 입는 거 좋아 하시는 분들한테눈 추천 드립니다
체크 패턴 크기도 적당히 큼직하고 박시해서 좋아요,5.0,체크 패턴 크기도 적당히 큼직하고 박시해서 좋아요
얇고 박시한 셔츠로 최곱니다. 포인뜨!로 주기 좋아요,5.0,얇고 박시한 셔츠로 최곱니다 포인뜨로 주기 좋아요
얇긴해서 여름이라도 잘입고다닐거같인요 굿굿,5.0,얇긴해서 여름이라도 잘입고다닐거같인요 굿굿
너무너무 이쁩니다. 베이지 색감도 약간 들어있고 네이비가 진해서 이뻐요!! 주변에서도 다들 이쁘다고 어디꺼냐고 물어봤습니단,5.0,너무너무 이쁩니다 베이지 색감도 약간 들어있고 네이비가 진해서 이뻐요 주변에서도 다들 이쁘다고 어디꺼냐고 물어봤습니단
길이가 짧고 소재도 시원해서 좋아요 ㅋㅋ 넘 키크신 분은 작을 수 있겠어요 디자인도 이쁘고 맘에 들어요 체크도 이쁘게 들어갔네요 ㅎㅎ,5.0,길이가 짧고 소재도 시원해서 좋아요 넘 키크신 분은 작을 수 있겠어요 디자인도 이쁘고 맘에 들어요 체크도 이쁘게 들어갔네요
배송이 말도 안되게 빠르고 재질도 시원시원하니 좋아요,5.0,배송이 말도 안되게 빠르고 재질도 시원시원하니 좋아요
체크무늬 이쁘고 실제로 보면 재질도 괜찮아서 입기 진짜 좋아요,5.0,체크무늬 이쁘고 실제로 보면 재질도 괜찮아서 입기 진짜 좋아요
체크 색감 좋구요 핏도 살짝 오버 사이즈라 이쁘네요,5.0,체크 색감 좋구요 핏도 살짝 오버 사이즈라 이쁘네요
아들이 아주 잘입고 다닙니다 사진으로봤을땐 몰랐는데 시원한원단에 색감도 오묘해요 언뜻보면 블랙같지만 자세히보면 네이비가조금 섞인 베이지도 약간보입니다 블랙 버뮤다나 인디고버뮤다 다 잘어울려요,5.0,아들이 아주 잘입고 다닙니다 사진으로봤을땐 몰랐는데 시원한원단에 색감도 오묘해요 언뜻보면 블랙같지만 자세히보면 네이비가조금 섞인 베이지도 약간보입니다 블랙 버뮤다나 인디고버뮤다 다 잘어울려요
배송도 빠르고 포장도 꼼꼼합니다. 잘 구매했어요.,5.0,배송도 빠르고 포장도 꼼꼼합니다 잘 구매했어요
셔츠가 얇아서 여름에 입어도 괜찮고 색갈도 이쁘지만 세탁하면 사이즈가 좀 줄어들어요,4.0,셔츠가 얇아서 여름에 입어도 괜찮고 색갈도 이쁘지만 세탁하면 사이즈가 좀 줄어들어요
색감이 예뻐요 세일해서 싸게 샀네요 추천합니다,5.0,색감이 예뻐요 세일해서 싸게 샀네요 추천합니다
한여름에도 입을 수 있는 여름 체크셔츠 찾고 있었는데 얇고 디자인도 예뻐서 구매했습니다. 기장도 적당하고 무엇보다 입었을 때 덥지 않아서 추천합니다.,5.0,한여름에도 입을 수 있는 여름 체크셔츠 찾고 있었는데 얇고 디자인도 예뻐서 구매했습니다 기장도 적당하고 무엇보다 입었을 때 덥지 않아서 추천합니다
색상이 선명하고 예뻐요~ 두께도 적당하고 길이도 길지않아서 맘에들어요~,5.0,색상이 선명하고 예뻐요 두께도 적당하고 길이도 길지않아서 맘에들어요
여름이여도 실내는 추운데 이런 이쁜 데일리 셔츠하나는 구매하는거 강추강추완전강추입니나 개이뻐요,5.0,여름이여도 실내는 추운데 이런 이쁜 데일리 셔츠하나는 구매하는거 강추강추완전강추입니나 개이뻐요
사이즈도 적당하고 색감이 사진보다 더 이쁩니다,5.0,사이즈도 적당하고 색감이 사진보다 더 이쁩니다
얇아서 여름에 입기 시원하고  색상도이뻐요 추천,5.0,얇아서 여름에 입기 시원하고 색상도이뻐요 추천
좋아요. 적당한 두께로 봄 여름 가을까지 잘입을것 같아요.,5.0,좋아요 적당한 두께로 봄 여름 가을까지 잘입을것 같아요
색상이 선명하고 예뻐요~ 두께도 얇아서 좋고 기장도 적당해요~,5.0,색상이 선명하고 예뻐요 두께도 얇아서 좋고 기장도 적당해요
색상이 선명하고 예뻐요~ 두께도 얇고 기장도 맘에 듭니다~,5.0,색상이 선명하고 예뻐요 두께도 얇고 기장도 맘에 듭니다
한여름에는 못입고 적당한 날씨까지는 괜찮아요. 이쁩니다.,5.0,한여름에는 못입고 적당한 날씨까지는 괜찮아요 이쁩니다
총장이 짧아서 그런지 생각보다 사이즈가 작게 나온느낌이지만 마음에 듭니다,3.0,총장이 짧아서 그런지 생각보다 사이즈가 작게 나온느낌이지만 마음에 듭니다
진짜 생각보다 너무 이뻐요 다른색상 있으면 바로 사겠는데 ㅠㅠ 아쉽네요,5.0,진짜 생각보다 너무 이뻐요 다른색상 있으면 바로 사겠는데 아쉽네요
실제로 받아보면 몬가 후줄근한 경우가 많아서  그냥 큰 기대없이 주문한 옷인데  받아보고 너무예뻐서 놀랐습니다 적당한 오버핏이고 얇아서 한여름엔 안되겠지만 여름에도 롤업해서 입고다닐수있을것같아요,5.0,실제로 받아보면 몬가 후줄근한 경우가 많아서 그냥 큰 기대없이 주문한 옷인데 받아보고 너무예뻐서 놀랐습니다 적당한 오버핏이고 얇아서 한여름엔 안되겠지만 여름에도 롤업해서 입고다닐수있을것같아요
체크셔츠 며칠동안 찾고 있었는데 이 셔츠로 구매했습니다 한여름 전까지 입을 수 있는 두께감이고 셔츠도 이뻐요!,5.0,체크셔츠 며칠동안 찾고 있었는데 이 셔츠로 구매했습니다 한여름 전까지 입을 수 있는 두께감이고 셔츠도 이뻐요
체크난방이 안어울리는 편인데도 핏이 이뻐서 그걸 이김,5.0,체크난방이 안어울리는 편인데도 핏이 이뻐서 그걸 이김
합리적인 가격에 무난한 디자인과 완벽한 색감까지 더해져서 정말 자주 손이 갈거같은 셔츠입니다,5.0,합리적인 가격에 무난한 디자인과 완벽한 색감까지 더해져서 정말 자주 손이 갈거같은 셔츠입니다
체크배색이 생각보단 좀 밝은 느낌이에요. 재질로 가볍고 바스락거리는 코튼이라 부드럽고 더워져도 입을 수 있을거 같아요. 길이가 좀 많이 길긴한데 막상 입으면 핏이 예쁩니다,4.0,체크배색이 생각보단 좀 밝은 느낌이에요 재질로 가볍고 바스락거리는 코튼이라 부드럽고 더워져도 입을 수 있을거 같아요 길이가 좀 많이 길긴한데 막상 입으면 핏이 예쁩니다
배송도 빠르고 체크 컬러 이뻐서 만족스럽습니다. 밤에 걸치기 좋아요:),5.0,배송도 빠르고 체크 컬러 이뻐서 만족스럽습니다 밤에 걸치기 좋아요
배송도 빨리오고 옷색감도 마음에 들어요  예쁩니다,5.0,배송도 빨리오고 옷색감도 마음에 들어요 예쁩니다
편하게 입기도 좋고 패턴도 마음에 드네요 잘 입을게요~~,5.0,편하게 입기도 좋고 패턴도 마음에 드네요 잘 입을게요
편하게 입기 좋고 여름에도 무난하게 입을 수 있을것같아요,5.0,편하게 입기 좋고 여름에도 무난하게 입을 수 있을것같아요
예쁜데 총장이 조금 짧아서 아쉬워요 그래도 간절기에 손 자주 갈것같아요,5.0,예쁜데 총장이 조금 짧아서 아쉬워요 그래도 간절기에 손 자주 갈것같아요
가볍게 소매 걷고 입고 다니고 있어요 뭔가 정갈한 느낌보단 편하게 연출하게 되네요,5.0,가볍게 소매 걷고 입고 다니고 있어요 뭔가 정갈한 느낌보단 편하게 연출하게 되네요
여름에 입긴 힘들겠지만 간절기에 입기엔 더할나위없네요 추천해요,5.0,여름에 입긴 힘들겠지만 간절기에 입기엔 더할나위없네요 추천해요
길이가 약간 짫게 나왔네요 그런데로 무난하게 데일리로 입기편할거같고 초여름까지 잘입을거같네요 가격이 좀더 저렴했으면 좋앗을거 같습니다,4.0,길이가 약간 짫게 나왔네요 그런데로 무난하게 데일리로 입기편할거같고 초여름까지 잘입을거같네요 가격이 좀더 저렴했으면 좋앗을거 같습니다
체크셔츠 요즘 이뻐보여서 하나 샀는데 너무 만족합니다.,5.0,체크셔츠 요즘 이뻐보여서 하나 샀는데 너무 만족합니다
품이 생각보다 큰데 길이가 딱 좋아요 키 작아서 길이 때문에 옷 고민 많이 하는데 이건 좋네용 얇아서 여름에도 잘 입고 다닐 것 같습니다!,5.0,품이 생각보다 큰데 길이가 딱 좋아요 키 작아서 길이 때문에 옷 고민 많이 하는데 이건 좋네용 얇아서 여름에도 잘 입고 다닐 것 같습니다
생각보다 품이 큰데 이뻐요 요즘 다 오버핏이라 키 작은 저한테 남방 찾기 어려웠는데 길이 딱 엉덩이 덮을 정도로 와요 얇아서 여름에도 잘입고 다닐 것 같아요!!,5.0,생각보다 품이 큰데 이뻐요 요즘 다 오버핏이라 키 작은 저한테 남방 찾기 어려웠는데 길이 딱 엉덩이 덮을 정도로 와요 얇아서 여름에도 잘입고 다닐 것 같아요
색감좋고 약간 까슬까슬한 재질입니다 여름에 입기 좋을거같아요,5.0,색감좋고 약간 까슬까슬한 재질입니다 여름에 입기 좋을거같아요
빈티지한 색감과 얇아서 여름에 착용 가능해서 좋아요 !,5.0,빈티지한 색감과 얇아서 여름에 착용 가능해서 좋아요
사이즈도 딱 좋고 가격도 적당하고 데일리로 입기 좋아요,5.0,사이즈도 딱 좋고 가격도 적당하고 데일리로 입기 좋아요
약간 빳빳하구요 근데 전이게 매력이라고 생각이들어요,5.0,약간 빳빳하구요 근데 전이게 매력이라고 생각이들어요
여름에 입어도 될 정도로 얇아서 좋아요 잘 입을게요,5.0,여름에 입어도 될 정도로 얇아서 좋아요 잘 입을게요
좋아요 두껜 보통정도 되는 것 같아요 잘 입을게요 ,5.0,좋아요 두껜 보통정도 되는 것 같아요 잘 입을게요
막상 환불하려다가 받고 정하자 하고 받았는데 괜찮아요!!,5.0,막상 환불하려다가 받고 정하자 하고 받았는데 괜찮아요
색깔도 마음에들고 딱 좋네요 자주 입을것 같습니다,5.0,색깔도 마음에들고 딱 좋네요 자주 입을것 같습니다
원단두께감 적당하고 색감도 이쁘네요 만족합니다,5.0,원단두께감 적당하고 색감도 이쁘네요 만족합니다
사진보다 색감이 밝네요 원단 두께 적당하고 이쁨,5.0,사진보다 색감이 밝네요 원단 두께 적당하고 이쁨
