Review,keyword
이 옷을 살까 말까 고민했던 하루가 아깝습니다 정말 예쁘고 흔하지도 않습니다 제스펙에 시켰더니 딱 오버핏 느낌으로 좋았습니다 당 장 구매하십시오,"말다, 하루, 스펙, 아깝다, 살다, 고민, 오버핏, 흔하다"
흰색 포인트가 들어가서 다른 져지랑은 색 다름을 줄 수 있어 너무 예쁩니다 봄 가을에 아우터용으로 입으면 좋고 검정색이라서 무난하게 모든 바지랑 다 잘 어울려 용,"랑은, 검정색, 바지, 아우터, 다르다, 들어가다, 어울리다, 가을, 져지, 흰색"
와투케 조 에 여 아디다스 너무 이쁘다 이 뻐요,"와투케, 아디다스"
베켄바우어 블랙 화이트는 이미 가지고 있어 안 사려 했지만 포인트가 너무 예뻐서 사게 만드는 일단 넥라인이 예쁘고 아디다스답게 지퍼가 부드럽네 용 지퍼 디테일도 깔끔해요 투웨이인데 걸림 없습니다 팔이랑 전체 기장이 조금만 짧았더라면 하는 아쉬움이 있지만 사이즈 미스 난 제 탓도 있으니 사이즈 표 보면서 구매하는 거 추천 드려요 품이 여유롭긴 하나 평소에 입던  빈티지 베켄바우어 보다는 좀 더 슬림하다고 느껴졌어요,"베켄바우어, 지퍼, 아쉬움, 여유롭다, 넥라인, 만들다, 일도, 미스, 빈티, 디테"
하고 예뽀요 안 흔해서 좋음 근데 좀 길고 밑단 시보리 하얀색인 거까진 제 취향이 아니러 소 걍 접고 다뇨욤 아 기여워 내 옷,"취향, 다뇨욤, 까진, 예뽀, 기여, 하얀색, 아니다, 길다, 밑단, 접다"
예뻐용 한 재질입니다 교복 받쳐 입으면 좀 낄 거 같은 그런 느낌 사이즈 클 줄 알았는데 그냥 약간 세미 긴 팔 원숭이 되는 그런 느낌만 들고 소매 걷어 올리면 예쁜 핏 됩니다 그라믄 즐거운 쇼핑 되세요,"그렇다, 원숭이, 쇼핑, 걷다, 즐겁다, 받치다, 끼다, 올리다, 세미, 교복"
옷 이 뻐여 귀엽고 옷 재질도 그냥 져지보다 하게 느껴져서 좋았으요 살짝 슬림하게 입고 싶었는데 그냥 평범한 핏이라 살 껄 그랬네요 그냥 반품비 아깝고 귀찮고 나름 괜찮아서 그냥 입으려구요 제가 길이가 감이 안 와서 고민을 많이 했기에 사진 다양하게 첨부합니다,"첨부, 귀찮다, 평범하다, 반품, 슬림하, 다양하다, 나름, 사진, 느껴지다, 아깝다"
신뢰에 요 재 빠르게 구매 완료에요,"신뢰, 완료, 빠르다"
으아 악 개이쁨요 하루 만에 와서 어제 입고 나갔다가 얼어 죽을 뻔했어요 투웨이라는 게 진짜 맘에 들고 팔이 약간 긴 느낌이 있지만 이 뻐서 만족합니당,"으아, 얼다, 어제, 뻔하다, 라는, 하루, 만에, 팔이, 만족하다, 오다"
이 뻐서 사고 싶었는데 사이즈가 밖에 없어서 사긴 샀는데 너무 크네야 저희 집 강아지 너구리에 요 이 날 첫 산책 했어요 지금은 제 옆에서 자고 있어요,"강아지, 산책, 네야, 너구리, 자고, 밖에, 사고, 크다, 사이즈"
밑에 시보리가 생각보다 해요 길이는 짧을 줄 알았는데 생각보다 길어 용 엉덩이 한 정도 덮는 듯 처음 입었을 때는 아 약간 잘못 샀네 싶었는데 입고 보니 예쁘더라고요 홓 투웨이라서 지 퍼잠구기가 좀 어렵지만 투웨이라서 예쁩니다 안 흔한 거 원하면 사 세용,"라서, 잘못, 퍼잠구기, 어렵다, 세용, 짧다, 덮다, 알다, 엉덩이, 처음"
블랙만 사려고 했는데 요거 사길 잘한 거 같아 요 귀여고 이 뽀요,"여고, 사려, 블랙"
청바지랑 입어도 이 쁘구 구 여워욤 좀 얇아요 투웨이여서 편 햐용,"햐용, 여워욤, 쁘구, 청바지, 얇다"
줠라 예뻐 여 사세 여사 세 여 많이 안 커요 생각부다,"여사, 부다, 크다"
디자인 두 이 쁘고 봄에 가볍게 입으면 딱 좋은 두께감 정싸이즈 고르시면 맞아요,"고르다, 싸이즈, 두께감, 가볍다, 맞다, 디자인"
너무 뻔한 져지는 싫다 스포티하면서도 귀엽고 싶다 하시는 분들 구매하십띠 오 옷이 커엽네요 기준 사이즈 엉덩이 반 정도 덮고 소매는 손 끝까지 덮어요 글구 교복 위에 입을 거라서 크게 샀는데 아디다스 져 지 특유의 허리 찡 김이 없어서 편하네요 참고하십띠오,"덮다, 띠오, 커엽네, 글구, 특유, 싫다, 뻔하다, 허리, 스포티, 참고"
가격 대비 디자인 제외하고 제값 못하는 옷입니다 일단 너무 얇구요 안에는 무슨 기 모 재질로 되어 있는데 이 거 이 밀면 진짜 한 세 번은 밀어도 세 번 다 겁나 까맣게 먼지 묻어나오고 너무 기대를 하고 사 서 그런지 글쎄요 딱히 추천은 안합니다 전체적인 사이즈에 비해서 밑단도 너무 조여요 다른 부분들은 하니 잘 맞았습니다 디자인 빼고 나머 진 다 상관없음 하시는  분들 껜 추천이요,"추천, 디자인, 글쎄요, 대비, 단도, 딱하다, 밀면, 제외, 상관없다, 까맣다"
완전조아 요 편하구 배색이 귀여움 안에 살짝 기 모라 따끈하구옝 택뜯기 전에 확인 잘하세요 그냥 입엇는데 보니까 목쪽에 재봉이 안 돼 있어서 수선했으영,"모라, 목쪽, 택뜯기, 수선하다, 확인, 재봉, 따끈하다, 늘다, 돼다, 배색"
이 뻐요 핏하게 입으려고 샀는데 제가 원하던 핏이에요,"핏하, 원하다"
이 뻐요 사이즈 마지막까지 고민했는데 음 왕굿 여자분들 중에 약간 덩치 있고 키크 신 분들은 로 하시면 딱 이쁘게 맞습니다 밑에 한 건 약간 아쉽지만 접어서 넣으면 넘 이 뻐요,"마지막, 키크, 왕굿, 덩치, 여자, 넣다, 분들, 아쉽다, 접다, 고민"
배송 받고 다른 컬러도 한 번 입어 볼려 고 근처 아디다스 매장 갔다가 찍었습니다 예전 어릴 때 올드 스쿨 느낌도 나 고 좋습니다 일부러 한 사이즈로 주문했더니 루즈핏 느낌 나 고 좋네요,"올드, 스쿨, 일부러, 매장, 찍다, 루즈, 근처, 어리다, 컬러, 예전"
역시 베켄바우어 입니다 그냥 클래식 깃이 길어서 입 가려요,"클래식, 베켄바우어, 가다"
박시한 핏으로 잘 입고 있어요 사이주 커도 괜찮나요,"이주, 시한, 크다"
설 연휴 때문에 배송 오래 걸릴 줄 알았는데 주문하고 바로 다음날 도착했어요 사이즈 많이 고민하다가 엑스라지 했는데 총장이 조금 더 짧았으면 더 좋았겠지만 저렴하게 구매해서 만족스러워요 장 져지가 만 원도 안 한 다 말 모 지퍼 투웨이인 게 제일 좋아요,"도착, 원도, 오래, 연휴, 짧다, 총장, 걸리다, 저렴하다, 때문, 주문"
흰색 포인트 부분으로 함이 덜하고 더 세련되어 보입니다 블랙으로 하려다 블랙앤 화이트로 했는데 탁월한 선택인 것 같습니다,"블랙, 탁월하다, 덜하다, 세련되다, 보이다, 선택, 화이트, 흰색, 부분, 포인트"
시보리가 해서 투웨이 아니였음 아래가 불편 햇을 것 같아 욤 생각보다 넘 이 뻐서 네이비도 사고 싶름,"싶름, 불편, 네이비, 아래, 사고, 아니다, 시보리"
넘무 이 쁨 그냥 사 세용 고민 하지마 지갑을 열어,"지갑, 세용, 열다, 고민"
투웨이라서 스타일링 하기에 너무 좋고 입었을 때 감기는 느낌이 너무 좋습니다,"감기, 일링, 스타, 라서"
시보리가 해서 투웨이 아니였으면 불편 햇을 듯,"불편, 아니다, 시보리"
사이즈 저가 원하던 대로 나와 요 끝에 가 좀 해요,"저가, 대로, 원하다, 가다, 나오다, 사이즈"
와 이건 진짜 존 예입니다 워싱진에 찰떡 사이즈 조금 작은 감 있어요,"워싱진, 이건, 예입, 찰떡, 작다, 오다, 사이즈"
시보리가 우 매우매하게 하긴 한데 너무 이쁨,"우매, 시보리"
다른 건 다 좋은데 길이가 너무 길어요 살짝 애매 쓰 하지만 이쁨,"애매, 쓰다, 길이"
제 스팩 기준 오버핏은 아니고 정핏이었습니다 참고하세요,"스팩, 참고, 기준, 정핏, 아니다, 오버핏"
기본 블랙보다 화이트 포인트가 있는 게 하지 않고 더 이쁩니다 사진 찍으려고 아무 검정 바지나 입고 찍었는데도 뭔가 룩이 살아남 추천이 요 한 사이즈 크게 사도 좋습니다,"찍다, 살아나다, 사도, 검정, 사진, 바지, 기본, 블랙, 화이트, 크게"
배색 조합 좋아하는데 아디다스에서 이렇게 예쁜 디자인을 내주다니 생각보다 재질이 하고 오래 입을 수 있겠다 싶었어요 아디다스 져 지 하나 갖고 싶었는데 배색 좋아하시면 고민 없이 지르는 거 추천 짱 예뿜 카라 접을 때 잘 안 접힌다는 점이 아쉽긴 했지만 너무너무 마음에 드는 핏과 디자인이라 만족했습니다 핏하게 입을 거면 사도 될 번 했네요 그치만 저는 편 하게 입을 거라 구매했습니다 비슷한 스펙이신 분들은 추천드려요 적당히 폭 하고 어해 보이지도 않습니다,"좋아하다, 추천, 배색, 디자인, 아디다스, 지르다, 접힌다, 예뿜, 보이지, 이신"
색감 선명하고 부들부들 봄 와서 빨리 입고 시 픔 기장 때문에 제일 큰 거 시켰는데 하나 작았어도 좋았을 것 같아 여 아래 시보리가 생각보다 해서 좋았 움 색깔 매치도 생각보다 독특하게 예뻐서 짱이에요,"독특하다, 부들부들, 매치, 색깔, 선명하다, 때문, 하나, 빨리, 아래, 색감"
할인할 때 싸게 잘 샀슴니다 기본 검정보다 흰색 포인트 있어서 넘 귀여워요 기장이 좀 긴 게 아쉽 그래도 투웨이라 맛있슴니다,"샀슴니, 맛있슴니, 검정, 할인, 기본, 귀엽다, 싸다, 아쉽다, 기장, 흰색"
잠옷 바지 엨 입었는데 핏도 이 쁘고 디자인 진짜 맘에 들어요,"잠옷, 바지, 디자인"
크롭 기장이면 더 예뻤을 것 같지만 디자인 자체가 흔하지 않고 예뻐서 편하게 자주 입을 것 같아요,"이면, 자체, 크롭, 기장, 편하다, 흔하다, 디자인"
생각한 대로 핏과 색감 너무 이쁘네요 레드도 같이 구매하고 싶었지만 품절이라 아쉬워요,"레드, 대로, 색감, 아쉽다, 품절"
딱 제가 생각했던 크지도 작지도 않은 적당한 정 사이즈 핏이라서 너무 마음에 들고 흰색 포인트도 이 뻐서 잘 입고 다닙니다,"적당하다, 흰색, 크다, 포인트, 사이즈"
엄청 얇을 줄 알았는데 생각보다 두꺼워서 흘러내리는 느낌이 아니라 정말 좋습니다,"흘러내리다, 두껍다, 알다, 아니다, 얇다"
검흰 배색 너무 맘에 들어서 바로 구매했어요 빠른 배송이라 배송도 하루 만에 와서 너무 만족합니다 옷도 예뻐요,"배송, 들어서다, 하루, 만에, 희다, 배색, 만족하다, 오다, 빠르다"
목 높아서 입 가리기 좋음 정 사이즈 추천 크게 입으려면 업 배송은 이틀 걸림요 오버핏 아니고 정핏이에요,"가리다, 이틀, 높다, 걸리다, 정핏, 아니다, 크게, 추천, 오버핏, 배송"
배송이 엄청 빠르구 요 밑단이랑 카라 배색도 맘에 들고 총장이 다른 옷들에 비해선 길지 않아서 좋아요 시보리도 너무 하지 않아서 맘에 듭니다,"총장, 길다, 밑단, 카라, 배색, 시보리, 빠르다, 배송"
아디다스 저지를 처음 구매해봤는데 되게 예쁘네요 기장은 생각보다 길 긴 한데 시보리 부분이 화이트라 레이어드 느낌 나서 오히려 좋아요 기 모도 살짝 있어서 따뜻했습니다,"해봤다, 저지르다, 모도, 나서다, 레이어드, 따뜻하다, 처음, 화이트, 기장, 시보리"
입은 지 일주일도 안됏는데 소매가 시까 매졌어요 다시 사고 싶은데 품절띠라니 울고 싶습니다 옷 예뻐요,"매다, 라니, 안됏는데, 일주일, 끄다, 사고, 소매, 품절"
징짜진짜 예뻐요 투웨이라서 흔하지도 않고 가격도 할인해서 싸게 잘 샀어요,"짜다, 할인, 싸다, 가격, 라서, 흔하다"
역시 아디다스 너무 이쁩니 당 은 품절이라 못 기다리겠어서 시켰는데 저는 키가 있어서 그런지 괜찮았어요 이 제품 여성용은 후기 보니까 세미 크롭 느낌이 나서 이 제품을 시켰는데 저처럼 크게 혹은 하게 입는 거 좋아하시는 분들은 이 거 시키시는 거 추천해요 생각보다는 좀 얇아서 따뜻해지면 가볍게 입 기 좋을 것 같아 요 여성분들 후기가 얼마 없어서 걱정했는데 저 는 만족합니당,"후기, 제품, 성용, 기다리다, 여성, 나서다, 세미, 크롭, 가볍다, 늘다"
옷 너무 이 쁘고 안 감이 부드러워서 조금 따뜻해 요 지금 날씨에 입 기 딱 좋네요,"부드럽다, 따뜻하다, 날씨"
너무 예뻐요 이것저것 코디도 다 잘 어울리고 만족합니당,"디도, 어울리다, 만족하다"
어릴 때 어디다스 져 지 유행할 때 입고 처음 사봤는데 예쁘네요 사이즈 다 나가서 큰 거 샀는데 커도 예쁨 아래 흰 부분 접어서 입으면 됨 목 긴 거 마음에 듦 개나이스 소비,"크다, 나이스, 어리다, 다스, 사보다, 소비, 희다, 아래, 처음, 유행"
정도면 사이즈 정말 잘 맞습니 바 참조하세요,"참조, 맞다, 사이즈"
아디다스 공홈에서 산 후드 집업을 안 그랬는데 뭔가 마감이 싼 티 나요 원래 이런 져지는 그런가요 져지는 처음 사봐서 다른 리뷰들처럼 밑단까지 흰색인 건 별로 안 예쁘네요 핏은 예뻐요,"져지, 집업, 나요, 그런, 그랬는데, 리뷰, 가요, 후드, 공홈, 사보다"
진짜 이 뻐요 검정져 지 사고 싶었는데 진짜 맘에 쏙 듬요,"검정, 사고"
크롭 기장이면 더 예뻤을 것 같지만 디자인 자체가 흔하지 않고 예뻐서 편하게 자주 입을 것 같아 요 밑단 접고 입는 게 더 예쁜 것 같아요,"이면, 자체, 크롭, 밑단, 접다, 기장, 편하다, 흔하다, 디자인"
예뻐용 두께도 적당하고 사이즈 면 좀 더 핏하게 입을 수 있고 사이즈 면 좀 하게 입을 수 있어요,"두께, 사이즈, 핏하, 적당하다"
하게 입는 걸 좋아해서 봄 되면 요 것만 입고 나가고 싶네요,좋아하다
생각보다 살짝 더 큽니 다 제 키인 분들은 사셔도 쌉 가능이에요 두께는 엄청 얇진 않아 요 참고하세요 아래를 접어 입었어요,"가능, 참고, 두께, 아래, 싸다, 접다, 얇다, 크다"
만족합니다 만족합니다 만족합니다 만족합니다 만족합니다,만족하다
요즘 같은 계절에 딱 좋은 두께감에 이번 일본 여행에서 느낌으로 너무 잘 입었어요,"여행, 일본, 계절, 두께감"
진심 진 너무너무 이 뻐요 일단 핏이 진짜 예술 임 오버핏보단 딱 맞게 입는 걸 추천합니다 근데 품절이 언제 풀릴지는 모르겟지만 품절되기 전에 사길 너무 잘 햇다고 생각하는 옷입니다 진짜 십만원 아깝지 않아 아디다스 이런 져 지 많이 내줘요,"품절, 햇다, 십만원, 예술, 내주다, 모르다, 풀리다, 보단, 진심, 아깝다"
진짜 이 뻐요 밑에 시보리 부분은 접고 다니는데 그게 더 깔끔해 보 지금 입기엔 조금 춥고 봄 되면 괜찮을 것 같아 요 오버핏으로 입고 싶어서 크게 샀는데 팔이 너무 길어서 접고 다녀 요 그래 두 이 쁩니다,"접다, 쁩니, 추다, 깔끔하다, 팔이, 그렇다, 크게, 오버핏, 시보리, 부분"
디자인 너무 맘에 들고 재질도 좋아서 요즘 같은 날씨에 딱입니다,"딱이다, 날씨, 재질, 디자인"
제 사이즈에는 좀 커서 더 예쁜 스타일이 불가능해 조금 아쉬웠지만 그래도 예뻐요 첫 아디다스 저지인데 만족스럽게 잘 입고 다닙니다 밑에 하얀색은 접는 게 더 예쁜 것 같네요,"불가능하다, 스럽게, 스타일, 커서, 만족, 저지, 하얀색, 아쉽다, 접다, 아디다스"
핏하게 입고 싶어서 샀는데 오버로 가는 게 나을지도요,"오버, 핏하, 가다"
요즘 스포티함에 빠져서 구입한 트랙탑인데 아주 만족스러워요,"빠지다, 스포티, 만족스럽다, 트랙"
좀 핏하게 입고 싶어서 사이즈 가니 제가 원한 핏이 나오네요 밑단 시보리 호불호 갈릴 수도 있을 거 같지만 전 호 입니다,"원한, 수도, 호불호, 갈릴, 핏하, 밑단, 가다, 나오다, 시보리, 사이즈"
평범하게 입기 좋네요 색감도 선명하고 사이즈도 합니다 첫 아디다스 져 지인데 마음에 들어 요 팔 부분에 실밥이 풀려 있긴 한데 그래도,"풀다, 실밥, 평범하다, 선명하다, 색감, 부분, 아디다스, 사이즈"
작은 사이즈 없어서 차라리 크게 입자하고 엑라 했는데 엉덩이 다 덮어 여 근데 시보리가 해서 다 잠구 고 좀 만져주면 이쁘게 입을 수 있답니다,"입자, 잠구, 만지다, 덮다, 엉덩이, 작다, 크게, 시보리, 사이즈"
보통 라지 싸이즈 입는데 이 옷은 로 구매했어요 센치에 킬로 정도인데 편하게 입을 려고 로 했는데 딱 제가 원하던 핏이네요 정싸이즈로 입으실 분들은 평소 입던 싸이즈대로 주문하시면 될 것 같아 요 실제가 사진보다 더 이쁜 거 같아 요 기본 블랙 져지보다는 배색이 되어 있어서 더 이 쁘네요 저렴하게 무신사에서 잘 구매했어요,"싸이즈, 실제, 킬로, 센치, 무신, 대로, 보통, 저렴하다, 쁘네, 사진"
매장에는 밖에 없어서 정도면 괜찮겠지 하고 샀어요 길이가 꽤 긴데 골반 정도까지 내려와서 밑 부분이 조금은 타이트 하지만 투웨이라 상관 안쪽은 부들부들한 천이라 따뜻함 여름엔 더울듯 하네요 하지만 패션에 날씨란 없는 법이 죠 흰색이 포인트라 넘 귀여워요 짱이다,"내려오다, 패션, 천이, 상관, 매장, 덥다, 타이트, 부들부들하다, 여름, 골반"
엉덩이 완전 덮지는 못하고 소매 손바닥 중간 정도 길이 히 입으려고 했는데 생각한 그 정도 되는 것 같습니다,"손바닥, 중간, 덮다, 엉덩이, 소매, 길이"
흰색 카라가 포인트로 예쁘고 투웨이 지퍼라 다양하게 꾸밀 수 있어서 좋아요,"꾸미다, 다양하다, 카라, 지퍼, 흰색, 포인트"
화이트 포인트가 있어 세련된 트레이닝복처럼 보입니다 잘 선택한 것 같아요,"트레이닝복, 세련되다, 보이다, 선택, 화이트, 포인트"
길이는 괜찮은데 팔이 좀 길어요 배송은 빨라서 좋았고 이 뻐요,"팔이, 길이, 라서, 배송"
빠르고 옷도 맘에 들어 요 품은 정핏오버핏 그 중간 어딘가,"품다, 어딘가, 중간, 정핏, 오버핏, 빠르다"
시보리가 하고 옷이 전체적으로 해서 핏이 예뻐요 만원대에 잘 샀어용,"만원, 전체, 시보리"
사이즈 로 바꿀 걸 그랬나 좀 후회되긴 하는데 그래도 적당하고 예뻐용 흰색 배색이라 더 예쁜 것 같아요,"후회되다, 바꾸다, 그렇다, 배색, 적당하다, 흰색, 사이즈"
우선 디자인이 너무 이 뻐서 고민도 안하고 바로 구매하였습니다 그런데 받아 보고 나니 생각보다 많이 얇고 무엇보다 밑단이 너무 조여서 조금 실망했습니다 근데 제가 기대를 많이 하고 샀던 것도 있어서 그냥 만족하고 입으려구요 근데 밑단이 많이 조이는 건 정말 감안하고 사세요 그거 빼곤 나머지는 하니 사이즈 잘 맞고 괜찮아요,"밑단, 나니, 조이다, 감안, 그거, 실망하다, 나머지, 기대, 조여, 빼다"
입었는데 가볍고 따뜻하고 만족합니다 잘 입을 게요,"가볍다, 따뜻하다, 만족하다"
그냥 대받배 다 같아 요 진짜 너무 예뻐요 친구들이 다 이쁘대요,"대요, 친구, 대다, 받다"
옷 이 뻐여 귀엽고 옷 재질도 그냥 져지보다 하게 느껴져서 좋았으요 살짝 슬림하게 입고 싶었는데 그냥 평범한 핏이라 살 껄 그랬네요 그냥 반품비 아깝고 귀찮고 나름 괜찮아서 그냥 입으려구요,"귀찮다, 평범하다, 슬림하, 반품, 나름, 느껴지다, 아깝다, 귀엽다, 재질, 그렇다"
검정색에 화이트 조합 말 모 말 모 너무 최곱니다 투웨이 지퍼라 포인트로 입기도 좋고 최고입니다 디자인도 너무 예뻐서 요즘 제 교복템,"곱다, 조합, 검정색, 최고, 교복, 화이트, 지퍼, 디자인, 포인트"
은근 안 흔하고 예뻐요 아직 추우니깐 패딩 안에 입으려구요,"은근, 아직, 패딩, 추다, 흔하다"
색감도 너무 좋고 이 뻐요 가격은 잘 모르겠는데 마음에 드네요,"모르다, 색감, 가격"
사이즈도 딱 제가 원하던 사이즈 고 목이랑 소매 부분 흰색 컬러라 오히려 더 독특해 보여 요 지퍼도 투웨이라 다양하게 스타일링 할 수 있을 것 같아요,"독특하다, 컬러, 다양하다, 일링, 스타, 보이다, 사이즈, 원하다, 소매, 지퍼"
진심 예뻐가지고 샀는데 너무 예뻐용 그냥 전체적인 검은색 저지는 흔해서 흰색 포인트 있는 걸로 샀는데 매일 입고 다닐 거 같아 용 아디다스 저지는 필수템,"저지, 필수, 진심, 검은색, 전체, 흔하다, 흰색, 아디다스, 포인트"
원래 올 검인 거 사고 싶었는데 품절돼서 이 거샀는데 음 이 뻐요 핏도 예쁘고 편한 져지라 막 입 기 좋은데 목이랑 팔시보리가 하얗다 보니 때 탈까봐 쫌 걱정되긴 하네용 담에 올 검도 사고 싶어요,"사고, 오다, 검인, 검도, 하얗다, 돼다, 걱정, 져지, 품절, 편하다"
진짜 완전 너무 예쁘고 너무 편했어요 날씨가 좀 더 해지면 잘 입을 거 같아요,"해지, 날씨, 편하다"
사이즈가 조금 작은 편이고 너무 이쁩니다 역시 아디다스,"편이, 작다, 아디다스, 사이즈"
팔이 좀 길긴 한데 전체적으로 이 쁘네요 품절되기 전에 사길 잘 했어요,"쁘네, 팔이, 전체, 길다, 품절"
기대한 핏이 나와서 좋아요 기장이 길고 시보리가 하긴 해서 접어서 입어야 예뻐요 근데 단점이 보풀이 잘 생기는 것 같아 요,"생기다, 기대하다, 보풀, 단점, 길다, 나오다, 접다, 기장, 시보리"
다른 통일된 색상으로만 된 거랑 다르게 화이트로 포인트 있어서 너무 예뻐요,"통일, 으로만, 다르다, 색상, 화이트, 포인트"
조금 팔이 길고 좀 커서 살 걸 싶었지만 아우터는 좀 큰 맛에 입는 거 아니겠습니까 디자인 넘 귀엽고 지퍼 두 개 달려 있어서 좋아용,"달다, 아우터, 팔이, 커서, 귀엽다, 아니다, 길다, 지퍼, 디자인, 크다"
일단 핏이 예쁘고 막 많이 흔하지 않아서 좋은 것 같음,흔하다
입어보니까 완전 이쁩니 당 올가을 저의 최 애템으로 등극할 거 같네용,"애템, 올가을, 입어보다"
길이가 좀 길긴 한데 통도 적당하고 너무 이 뻐요 가을부터 자주 입을 것 같아요,"가을, 길다, 길이, 적당하다"
하고 기장도 적당합니다 또 디자인이 얘쁘네요,"얘쁘네, 기장, 적당하다, 디자인"
등교용으로 적당하고 너무 얇지도 두껍지도 않아서 간절기에 입으면 좋을 것 같아요,"등교, 간절기, 두껍다, 얇다, 적당하다"
실물 너무 예쁩니다 날씨 추워지면 입어야겠네요,"추워지다, 실물, 날씨"
살짝 해지면 입기 너무 좋을 것 같아 요 지금도 좋아요,해지
너무 이 뻐요 배송도 빠르고 넘 좋아요 사이즈도 잘 선택함,"선택, 빠르다, 배송, 사이즈"
길이가 좀 있긴 하지만 투웨이 지퍼라서 예쁘게 입을 수 있어요 색상도 디자인도 만족합니다,"색상, 지퍼, 길이, 라서, 만족하다, 디자인"
개이쁨 사이즈 이랑 고민햇는데 그냥 아주 딱 좋아 길이 모든 게 맘에 들어 유,"늘다, 길이, 고민, 사이즈"
하얀색 포인트가 있어서 더 예쁘고 만족스러워요,"하얀색, 만족스럽다, 포인트"
소매 목 부분 하얀색으로 된 게 포인트로 참 좋아요 세탁은 힘들겠지만 정말 이쁩니다,"힘들다, 세탁, 차다, 하얀색, 소매, 부분, 포인트"
시보리 부분 색상이 다른 디테일이 마음에 들고 핏도 이 쁘네요,"일이, 디테, 쁘네, 색상, 시보리, 부분"
예쁩니다 이 오버핏으로 기장은 만족스러운데 팔은 정말 길어요,"만족스럽다, 기장, 오버핏"
하니까 딱 오버핏 느낌 나오고 밑단 시보리가 합니당,"밑단, 나오다, 오버핏, 시보리"
재질도 부들부들하고 디자인이 흔하지 않지만 너무 예뻐요 지금 입기에는 좀 두껍지만 추워지면 잘 입을 것 같습니다,"부들부들하다, 추워지다, 두껍다, 재질, 흔하다, 디자인"
이거 이 거 완전 요물입니다 짱 예뻐요 안에 기 모가 살짝 있어서 봄 가을에 입 기 좋을 듯,"요물, 가을"
생각보다 커서 한 사이즈 작게 사면 더 예뻤을 것 같아요,"사면, 커서, 작다, 사이즈"
이쁘고 넘 잘 입을 거 같아 요 간절기에도 에어컨 바람 추울 때도 조을 듯,"에어컨, 바람, 추다, 간절기"
배송도 빠르고 예뻐요 조금 두꺼워서 가을에서 겨울에 입 기 좋을 것 같아요,"겨울, 두껍다, 가을, 빠르다, 배송"
좋아요 많이 파세요 배송은 빨라요 색상도 좋은 거 같아요,"파다, 색상, 빠르다, 배송"
배송은 역시 빠르고 제품 검수도 잘해주셔서 좋아요 잘 쓸게요,"쓸다, 검수, 해주다, 제품, 빠르다, 배송"
옷 이 이 쁘고 스타일 하기 좋고 평소에도 입기 좋을 것 같아 여 추천 드립니다,"스타일, 드리다, 추천"
사이즈 정 사이즈에 색상이나 디자인 예뻐요 한 여름에는 두껍고 봄 가을 시원한 날씨에 입으면 좋을 것 같아요,"시원하다, 여름, 두껍다, 사이즈, 날씨, 색상, 가을, 디자인"
너무 이 뻐서 아무땜나 잘 입고 다닐 수 있을 거 같아요,
길이가 원하던 길이 보단 조금 길지만 맘에 들어요,"길이, 보단, 원하다"
배송 완전 빨랐었고 금액도 여기가 제일 저렴했었어요,"금액, 저렴하다, 빠르다, 배송"
옷이 핏도 넘 이 쁘고 색상도 선명해서 아들에게 너무 잘 어울립니다 네이비 색 갈도 사주고 싶네요 간지납니다,"갈도, 사주다, 간지나다, 네이비, 선명하다, 아들, 색상, 어울리다"
사이즈도 좋고 전체적으로 깔끔해서 입 기 좋아여,"깔끔하다, 전체, 사이즈"
입으니까 훨씬 예쁩니다 배솟도 빨랐고 투웨이지퍼라 편합니다,"솟다, 지퍼, 편하다, 빠르다"
아주 이 쁘고 핏도 제가 좋아하는 정핏이라 맘에 들어요,"정핏, 좋아하다"
말해 뭐 해 진짜 예쁩니다 빨리 가을리 오기를 기 대기대,"대기, 오기, 빨리, 가을"
배송 완전 빠르고 예뻐요 생각보다 얇아서 실 내에서 입기 좋은 듯 팔 길이가 생각보다 깁니당,"길이, 얇다, 빠르다, 배송"
실물이 훨씬 이 쁘네요 안감도 부드러워서 좋구요,"쁘네, 안감, 부드럽다, 실물"
생각보다 얇아서 가을에 가볍게 입 기 좋을 것 같아 요 여자 에 으로 샀는데 기장감도 팔 길이도 딱 적당함니다 오버핏 청바지나 카고 바지랑 입으면 예쁠듯 무거울까봐 걱정했는데 엄청 가 벼워서 교복템으로 입을 것 같네 용 고민하지 말고 품절 전에 구매하시길,"기장감, 벼워, 무겁다, 여자, 청바지, 가볍다, 바지, 교복, 걱정, 가을"
아디다스 져지가 없어서 샀는데 너무 이쁘네요 안에 진짜 얇은 기 모 있어서 할 때도 입을 수 있을 거 같아요,"져지, 얇다, 아디다스"
안에 살짝 얆은 기 모가 있어서 가을 겨울까지 입을 수 있을 거 같아요,"겨울, 가을"
좋은 가격에 구매했습니다 상품도 이 뻐요 감사합니다,"상품, 가격"
좋은 가격에 잘 구매했습니 더 핏도 이 쁘고 배송도 빨라오,"라오, 가격, 배송"
핏 생각보다 하고 좋습니다 안쪽에 약간의 기 모 있어요,안쪽
사이즈가 커서 더 이 쁜 것 같아 요 져지로 꾸안 꾸 쌈 가능입니당,"꾸다, 가능, 커서, 져지, 사이즈"
주변에서 다들 이쁘다고 했어요 사이즈도 적당하고 편해서 좋아용,"주변, 적당하다, 편하다, 사이즈"
가단이랑은 적당하고 팔이랑 기장이 가단에 비해 좀 긴 것 같아 요 옷은 이쁩니다,"가다, 비다, 이랑은, 팔이, 기장, 적당하다"
배송도 빠르고 상태도 좋았습니다 색감도 사진이랑 똑같았구요 투웨이라서 더욱더 이쁘게 착용 할 수 있었습니다,"상태, 착용, 똑같다, 사진, 색감, 라서, 빠르다, 배송"
아디다스 트랙탑 중에서도 좀 핏이 있는 제품이에요 참고하고 구매하세요,"에서도, 참고, 제품, 트랙, 아디다스"
약간 길고 크긴 한데 너무 편하고 아무 옷에나 걸쳐 입을 수 있어서 좋아용,"걸치다, 길다, 편하다, 크다"
트랙탑 유행하길래 흔하진 않은 디자인으로 사고 싶었는데 맘에 들어 용 사 계절 아우터로도 이너로도 잘 입을 것 같아용,"계절, 아우터, 유행, 사고, 트랙, 흔하다, 디자인"
재질도 좋고 사이즈도 딱 맞아서 잘 입고 다닐 거 같아요,"재질, 맞다, 사이즈"
그냥 보통 긴 한데 그냥 파이어 버드 블랙으로 사세 여 솔직히 가,"솔직하다, 파이어, 버드, 보통, 블랙, 가다"
생각보다 사이즈가 작아 요 밑에 흰 부분은 별로라서 안으로 접어서 입어요 카라가 옆으로 펼쳐져서 좀 애매해요,"펼쳐지다, 애매하다, 희다, 별로, 작다, 카라, 접다, 라서, 부분, 사이즈"
사이즈 커요 제 스펙에 입으면 비율이 똥이 될 수도 있지만 편해요,"비율, 수도, 스펙, 편하다, 크다, 사이즈"
사이즈가 좀 크게 나온 것 같아 요 그래도 색상이 무난해서 잘 입긴 하는데 다른 사이즈로 입고 싶네요 맞는 사이즈로,"사이즈, 색상, 크게, 나오다, 맞다"
화이트로 포인트 줄 수 있어서 더 좋아요 휘뚜루 입 기 좋음,"휘뚜루, 화이트, 포인트"
사이즈 좋고 색도 똑같아 요 배송도 엄청 빠르네요,"색도, 똑같다, 빠르다, 배송, 사이즈"
아주 아주 예뻐요 너무 예뻐서 딸 기분이 좋아졌어요 트랜드하면서도 예뻐요,"랜드, 좋아지다, 기분"
사이즈가 만 남아서 그냥 샀는데 여유는 있으나 슬림해 보여요,"남아, 슬림해, 보이다, 여유, 사이즈"
일주일에 번 입고 다니는 듯 이 거 없으면 이제 간절기 못 지냄 외 않사요 투웨이라서 더 좋음,"지내다, 일주일, 간절기, 라서"
핏도 예쁘고 흔하지 않은 디자인이라 더 자주 입는 것 같아 여 사이즈는 해서 안에 후드티 입고도 입을 수 있습니당,"니당다, 후드, 흔하다, 디자인, 사이즈"
일반 져자보다 도 톰하고 재질 해요 예쁩니당,"일반, 재질"
보통 져지보다 좀 도 톰한 재질이라 좀 더워지면 못 입는데 기여워용,"워용, 더워지다, 기여, 보통, 재질, 져지"
흔하지 않아서 좋아요 편하게 꾸안꾸로 입을 때 딱 좋은 것 같아요,"꾸안꾸, 편하다, 흔하다"
역시 좀 아디다스는 좀 사이즈가 작은 느낌이 있네요 예쁜데 좀 뒀다 입어야 할 듯합니당,"두다, 작다, 아디다스, 사이즈"
가격도 싸게 잘 샀고 막 빨래해도 변형 없어서 좋아요 배송도 빨리 오고 안 사면 손해입니다,"손해, 빨래, 변형, 사면, 빨리, 싸다, 가격, 오다, 배송"
봄 저녁에 가볍게 입 기 좋아요 키 에 좀 큰 감이 있네요,"저녁, 가볍다, 크다"
일단 디자인이 흔하지 않아서 다른 사람이랑 안 겹치는 점이 제일 마음에 들고 배색 포인트가 보면 볼수록 예뻐 옹 아쉬운 점은 사이즈가 큰 것 밖에 안 남았어서 그래도 만족합니당 근데 카라 부분이 잘 안 길들여져서 깃이 잘 안 눕혀집니다,"남다, 눕다, 길들이다, 치다, 밖에, 사람, 아쉽다, 카라, 배색, 만족하다"
투웨이여서 다양하게 연출할 수 있는 점이 큰 장점인 듯요,"장점, 다양하다, 연출, 크다"
흔하지 않아서 좋은 거 가타 욤 색감도 너무 이 뻐요,"가타, 색감, 흔하다"
집 근처 외출할 일 있을 때 간절기에 입 기 적당합니다,"외출, 근처, 간절기, 적당하다"
인데도 핏한 느낌임 크게 입으려 했는 뎅 실패함 핏 한 건 처음 입어보는데요 생각보다 말라 보임 나름 예쁨띠예,"띠예, 보임, 말르다, 실패하다, 입어보다, 나름, 처음, 크게"
가격도 부담스럽지 않고 편해서 데일리로 입 기 좋네요,"스럽지, 부담, 데일리, 가격, 편하다"
편해요 예뻐요 모두 만족스러워서 부족한 점이 없네요,"부족하다, 만족스럽다, 편하다"
마감도 깔끔하고 디자인도 예쁘네요 편하고 좋네요 완전 맘에 들어요,"마감, 깔끔하다, 편하다, 디자인"
아래 밑단이 조여서 내려 입 기 살짝 애매 하지만 디자인 자체는 이 쁘고 좋아요,"애매, 내다, 조여, 자체, 아래, 밑단, 디자인"
하연색이 소매랑 부분 부분 들어가서 유니크하고 좋아여,"부분, 하연, 유니크, 들어가다, 소매"
구매하세 여 후회 안 합니다 봄 가을에 정말 잘 입을 거 같아여,"후회, 가을"
져지에 청바지 코디 해보고 싶어 구매했는데 싼 가격애 너무 이쁜 제품 구매해서 좋았습니다,"코디, 청바지, 제품, 싸다, 가격, 져지"
지퍼가 두개라는 점면이 제법 하다라는 점 만듬새도 맘에 들고 적극 추천하는 트랙 탑입니다 이 뻐요,"만듬새, 제법, 적극, 라는, 추천, 트랙, 지퍼"
파이어버드 처럼 맨 질 거리진 않고 야아간 그것보단 거친 면인데 오히려 더 좋은 기분입니다 사이즈는 확실히 더 슬림해서 스마트한 핏 연출할 때 입으면 좋겠어요,"그것, 파이어버드, 거치다, 스마트, 거리, 슬림해, 확실하다, 보단, 기분, 연출"
목과 손매에 흰색으로 테두리 진 디자인이 이 뻐서 올 블랙으로 된 탑을 살까 하다가 이걸 구매했는데 와 진짜 이 뻐서 테이스터스 쵸이습니다,"오다, 손매, 테두리, 이스터, 살다, 블랙, 흰색, 디자인"
그냥 베이직 템 그래도 포인트가 배색으로 들어가 있어 좋습니다,"베이직, 들어가다, 배색, 포인트"
친구들이 다 이쁘대요 흔하지 않아서 좋아요 정말 이쁩니다,"대요, 친구, 흔하다"
예뻐요 사이즈가 없어서 큰 걸 샀었는데 그래도 슬림해 보이고 좋아요,"보이, 슬림해, 크다, 사이즈"
크롭하게 입으려고 작은 사이즈 샀는데 너무 맘에 듭니다 스포티한 느낌 내고 싶으시면 강 추드려요,"크롭하, 스포티, 내다, 드리다, 작다, 사이즈"
너무 이쁘네요 편하게 막 입고 다니기 좋습니다 잘 입고 다니겠습니다,편하다
배송 빠르고 디자인 맘에 들어 요 화면이랑 색감 비슷해 요 색감 좋아요,"색감, 화면, 빠르다, 디자인, 배송"
아디다스 저지 처음 샀는데 예쁘긴 예뻐요 근데 생각보다 엄청 얇아요 그래도 오히려 봄 가을 입기 좋을 것 같아 요 사실 나 구매하고 싶었는데 품절이어서 라지로 샀어요 라지는 오버핏으로 입 기 좋을 것 같아 요 옷 디자인이 손목이 흰색이 다 보니까 때가 엄청 잘 타요,"라지, 타요, 사실, 손목, 저지, 처음, 가을, 품절, 오버핏, 얇다"
진짜 예쁘긴 한데 너무 흔해져서 학교에서 이 옷 입은 사람 명은 만나는 것 같아요,"만나다, 학교, 사람, 흔하다"
생각보다 퀄리티가 좋아 놀랐습니다 다들 구매하세요 강 추입니다,퀄리티
생각보다 퀄리티가 좋아 놀랐습니다 다들 구매하세요 강 추입니다,퀄리티
희귀하고 넘 예쁩니다 살 수 있으면 꼭 사세요 어디든 잘 어울리고 유행 안타는 디자인,"안타, 희귀, 유행, 어울리다, 디자인"
재질이 좋고 스타일도 좋습니다 배송도 늦지 않고 강 추합니다,"늦다, 추하다, 스타일, 재질, 배송"
검은색 트랙탑 있는데 흰색 포인트가 너무 예뻐서 구매했어요 그냥 검은색보다 포인트 되고 너무너 무너무너무 예쁨,"검은색, 포인트, 트랙, 흰색"
안감이 조금 기 모 아니 기모가 있어 간절기까지도 입을 수 있고 요즘 날씨에도 입기 딱 좋네요,"기모, 간절기, 안감, 날씨, 아니다"
너무 싸게 잘 샀습니다 항상 무신사 많이 애용하고 있어요 좋은 물건 감사합니다,"애용, 물건, 싸다"
역시 아디다스 입고 다니는데 다들 예쁘다고 어디서 샀냐고 물어보네요,"물어보다, 어디서, 아디다스"
데일리로 입 기 딱 좋은 옷 편하게 입을 수 있는 게 제일 큰 장점인 듯,"장점, 데일리, 편하다, 크다"
너무 너무 이쁘네요 요즘 베켄바우어 유행이라길래 구매했는데 만족합니다 배송도 빨라 요잉,"요잉, 이르다, 베켄바우어, 유행, 만족하다, 빠르다, 배송"
튀는 색 사려다 블랙으로 샀는데 고급스럽고 재질 좋고 교복 위에 입었는데 예쁘네요 데일리룩 이네요,"고급스럽다, 튀다, 데일리룩, 사려, 교복, 블랙, 재질"
개인적으로 제일 맘 애 드는 직업입니다 맨날 이 잠바만 입고 있어요,"잠바, 직업, 맨날, 개인"
얇은 기 모가 들어 있어요 흰색 부분이 때가 잘 타긴 하지만 빨면 또 잘 지워져요,"지워지다, 얇다, 흰색, 부분"
디자인 흔하지 않고 예쁩니다 핏도 예쁘게 떨어져요,"떨어지다, 흔하다, 디자인"
너무 이쁩니다 싸게 잘 구매했습니다 강 추합니다,"추하다, 싸다"
시보리 완전 하고 조아 요 몇 달 전에 사고 지금까지 잘 입고 있습니다 그냥 완전 내 교복,"조아, 교복, 사고, 시보리"
흰색이 포인트로 있어서 너무 예뻐요 하지 않고 검은색 바지랑 어울려서 자주 입고 있어요 추천합니다,"바지, 검은색, 어울리다, 추천, 흰색, 포인트"
너무 예쁘고 역시 아디다스에요 봄 가을에 딱이에요,"딱이다, 가을, 아디다스"
최고의 아이템입니다 너무 편하고 멋있는 제품입니다,"아이템, 멋있다, 최고, 제품, 편하다"
예쁜데 소매가 너무 잘 더러워져 용 안에 살짝 기 모도 있어서 좋아용,"모도, 더러워지다, 소매"
최고의 트랙 자 켓입니다 너무나 멋있고 요즘 입기 좋아요,"너무나, 켓입니, 멋있다, 최고, 트랙"
너무나 멋있는 아디다스의 트랙 자 켓입니다 요즘 입기 좋아요,"너무나, 켓입니, 멋있다, 트랙, 아디다스"
옷이 아주 아주 이 뻐요 똑같은 거 입은 사람 두 명 보긴 했지만 근데 카라 끝 부분이 안 접히는 게 저한텐 큰 단점으로 다가 왔어요 그래도 감수할 만함,"감수, 다가, 단점, 똑같다, 사람, 카라, 접다, 오다, 부분, 크다"
슬림한 아들이 입으니 잘 어울리네 요 배나온 사람은 힘들 듯,"힘들다, 슬림, 아들, 사람, 어울리다, 나오다"
예뻐용 올 블랙은 흔해서 흰색 들어간 걸로 샀는데 포인트 있어서 더 예쁜 듯,"들어가다, 블랙, 오다, 흔하다, 흰색, 포인트"
사이즈 여유 있고 예뻐요 어떤 옷이랑 매치해도 잘 어울려 요,"어떻다, 매치, 여유, 어울리다, 사이즈"
배색다르게 들어간 게 너무 이 쁘고 핏도 맘에 들어 요,"다르다, 들어가다, 배색"
이 품절돼서 로 샀는데 좀 긴 것 빼고는 괜찮앗어요 그리고 시보리가 엄청 한 편이니 참고하세요,"편이, 빼다, 참고, 돼다, 품절, 시보리"
트랙탑인데 포인트가 들어간 게 멋스럽고 좋네요,"들어가다, 트랙, 포인트"
많이 클까봐 걱정했는데 밑에 가 어하진 않아서 조절해서 입 기 좋았어요 소매는 조금 길지만 핏은 예뻐요,"조절, 걱정, 소매, 가다, 크다"
이맘때 입 기 딱 좋은 아이템이예요 편하게 입을 수 있어서 정말 좋아요,"이맘때, 아이템, 편하다"
음 블랙 화이트 투톤이라 더 이쁜 거 같아 요 투웨이라서 더 예쁘게 스타일링 가능합니당,"투톤, 가능하다, 스타, 일링, 블랙, 화이트, 라서"
생각보다 길이가 더 길 긴 했지만 괜찮았어요,길이
요즘 유행하고 사람들도 많이 입으셔서 저도 궁금해서 샀는데 역시 인기 있는데 다 이유가 있구나 싶었습니다,"궁금하다, 이유, 인기, 사람, 유행"
핏하게 입고 싶었는데 생각보다 오버하게 입는 게 나을 거 같음,"오버, 핏하"
팔목 쪽에 실밥이 엄청 튀어나와 있어서 당황스러웠지만 상품은 정말 예쁩니다,"당황, 팔목, 튀어나오다, 실밥, 상품"
좋은데 지퍼가 잘 안 올라가서 불편하고 왔을 때 실밥이 풀려 있었습니다 신경 안 쓰이진 않지만 그럭저럭 잘 입고 다닙니 당 학교 갈 때 맨날 입는데 소매 부분이 흰색이라 많이 더러워져요,"그럭저럭, 올라가다, 신경, 쓰이다, 불편하다, 학교, 갈다, 풀다, 맨날, 더러워지다"
밖에 없어서 로 샀는데 평소에 오버핏 많이 입는데 딱 제가 원하는 핏이었습니 당 진짜 배색 포인트도 예쁘고 요즘 휘뚜루마 뚜루로 엄청 많이 입고 다니고 있어요,"뚜루, 휘뚜루, 핏이었습, 밖에, 원하다, 배색, 오버핏, 포인트"
아디다스 너무 이쁩니다 투웨이라서 밑에 검정 부분까지 지 퍼 열어서 입으면 진짜 이 뻐용,"열다, 뻐용, 검정, 라서, 부분, 아디다스"
음 아디다스가 역시나 좀 작게 나오는 느낌 외투 투엑라사면 보통 헐렁한 느낌으로 맞아야 하는데 그런 느낌이 없어서리 좀 아숩네요 배송은 빨라 요 색감도 예쁘고,"라사, 아숩네, 서리, 헐렁하다, 외투, 보통, 색감, 그렇다, 작다, 나오다"
박시한 느낌으로 잘 입고 있어요 운 좋게 규매 햤습니다,"햤습니, 규매, 시한"
예뻐용 제 체형에 조금 여유 있는 정핏 느낌으로 맞아요 하나 작은 거 샀으면 더 이 뻤을 거 같긴 한데 그래 두 맘에 들어 용 봄에 잘 입을 게요,"체형, 하나, 여유, 정핏, 그렇다, 작다, 맞다"
라지를 사서 전체적으로 사이즈가 좀 많이 커요 그래도 이쁩니다,"사서, 전체, 라지, 크다, 사이즈"
주문하고 나서 진짜 금방 받아서 좋고 맘에 들어요,"금방, 나서다, 받다, 주문"
투웨이라 너무 편하고 밑에 부분 살짝 올리면 셔츠 레이어드 한 것 처럼 핏이 나와서 너무 예쁘고 마음에 들어 요 어느 바지에 든 찰떡이고 사이즈도 딱 루즈하면서 맞습니다,"셔츠, 루즈, 찰떡, 올리다, 레이어드, 바지, 나오다, 편하다, 맞다, 부분"
너무 너무 멋있는 아이템입니다 어느 코디에도 어울리는 최고템,"아이템, 코디, 멋있다, 최고, 어울리다"
깃이 약간 접혀서 배송와 서 조금 뜨긴 하는데 정말 이쁩니다 요,"서다, 접다, 배송"
이쁘고 청바지나 트레이닝복에 입어도 이 뻐요 다른 사이즈 다 품절이라 라지 샀는데 한 치수 작은 거 해으면 더 이 뻤을 거 같아요,"치수, 트레이닝복, 청바지, 작다, 라지, 품절, 사이즈"
어깨가 좁아서 사이즈가 아쉽지만 나머지는 다 만족합니 덩 그 카라 부분이 고정 안 되는 것도 조금 아쉽지만 투웨이라 더 이 뿌요,"아쉽다, 좁다, 뿌요, 나머지, 고정, 어깨, 카라, 만족하다, 부분, 사이즈"
개인적으로 옷 매칭 될 만한 게 안 떠올라서 괴로운 거 밀곤 만점,"만점, 떠오르다, 괴롭다, 매칭, 밀다, 개인"
너무 이쁘게 잘 쓰겠습니다 배송도 빠르고 잘 받았어요,"쓰다, 받다, 빠르다, 배송"
엑스라지 사이즈 딱 좋습니다 추천합니다 왕 추천 굿,"추천, 엑스, 라지, 사이즈"
아주 마음애 듭니다 추천합니다 엑스라지 딱 즇아여 추천,"추천, 즇아, 엑스, 라지"
엑스라지 사이즈 좋습니다 아주 마음에 듭니다 추천,"엑스, 라지, 추천, 사이즈"
아주 마음애 듭니다 추천합니다 구할 수만 있우면 구하새오,"수만, 새다, 추천"
엄청 클 줄 알았는데 입으니까 괜찮았어요 투웨이 지퍼라 더 이쁘게 입 기 가능 새로운 트랙탑 획득해서 좋아유,"획득, 아유, 새롭다, 가능, 알다, 트랙, 지퍼, 크다"
디자인 괜찮고 남자 중학생 아이 매일 입고 다닙니다 세일할 때 좋은 가격에 잘 샀어요,"중학생, 세일, 남자, 가격, 디자인"
제 스펙은 크지만 편해서 자주 입게 돼 여 조아 여굿,"조아, 스펙, 돼다, 편하다, 크다"
카라 있는 져지라서 흔하지 않아 요 레이어드 하기도 좋아요,"레이어드, 카라, 져지, 라서, 흔하다"
기준 엉덩이 딱 덮는 아주 적절한 기장입니다,"적절하다, 기준, 덮다, 엉덩이, 기장"
아이가 너무 좋아합니다 만족합니다 만족합니다,"만족하다, 좋아하다"
배송 빠르고 다음날 바로 잘 왔어요 사이즈는 적힌 그대로인 듯,"적히다, 그대로, 오다, 빠르다, 배송, 사이즈"
옷 너무 좋고 그냥 검정색 져 지 살려 했는데 이 거 사길 질한 것 같아요,"살리다, 검정색"
마감이 깔끔한 편은 아니라 많이 아쉬워요 작을까봐 시켰는데 저랑 스펙 비슷하시면 도 예쁠 거 같아 요 오버핏 생각하고 시키긴 했는데 생각보다 크네요 그래도 확실히 아디다스 답게 예쁘고 다 둘 어디서 샀냐고 물어보긴 해요 마감이 정가 주고 살 정도는 아니라 세일할 때 사는 걸 추천해요,"마감, 아니다, 주다, 어디서, 물어보다, 확실하다, 세일, 정가, 깔끔하다, 스펙"
너무 이 쁘고 꾸안꾸로 좋아요 두께도 적당해서 봄에 입 기 좋을 거 같아요,"꾸안꾸, 두께, 적당하다"
흰색 포인트가 너무 맘에 들어 요 살까 말까 고민햇는데 좋네요,"말다, 늘다, 살다, 고민, 흰색, 포인트"
오버핏 생각하고 샀는데 오버핏은 절대 아니고 오히러 슬림한 핏이 연출되었습니다 그래도 마감도 깔끔하고 상품 사진 그대로 와서 좋았습니다 색상 바꾸어 재구매 의사 있어요,"오버핏, 오다, 재다, 의사, 바꾸다, 절대, 마감, 그대로, 연출, 상품"
사이즈도 적당하고 배색이 다른 게 이 뻐요 좋네요,"배색, 적당하다, 사이즈"
기장이 좀 길긴 한데 밑을 접어 입으면 괜찮습니 당 전체적으로 너무 예뻐요,"전체, 길다, 접다, 기장"
얇은 기 모가 들어가 있어요 정말 편해서 자주 입게 돼요,"돼다, 들어가다, 얇다, 편하다"
이 아디다스 베켄바우어 트랙탑을 입고 나서부터 제 인생이 달라졌습니다,"달라지다, 인생, 나서다, 베켄바우어, 트랙, 아디다스"
트랙탑 유행하길래 사봣는 데 나름 괜찮네요 베이직해서,"사봣는, 베이직, 나름, 유행, 트랙"
요즘 유행하는 아디다스 트랙탑답게 색상도 정말 예쁘고 핏도 이쁩니다,"색상, 유행, 트랙, 아디다스"
너무 인기 많은 제품이어서 여기저기 많이 보이지만 이 쁘고 여기저기 코디하기에도 좋은 것 같아 요,"여기저기, 많다, 보이, 인기, 코디, 제품"
검은색은 너무 흔해서 이 제품으로 구매했는데 확실히 흰색 카라로 포인트를 주니까 더 이 쁜 듯합니다 주변에서 같은 옷 입은 사람도 별로 못 봤고요 기장은 좀 애매해서 흰색 부분 접어서 입는 게 제일 이 뻐요 상의로 딱 맞게 입고 싶으면 충분히 사셔도 되고 아우터로 입고 싶으면 사시면 될 듯합니다 은 아우터로 입기엔 애매한 느낌 안감이 부들부들 해서 상의로 입었을 때  전혀 마찰감 없고 지금은 좀 추워서 날씨 풀리기 시작하면 입을 수 있는 두께입니다,"상의, 애매하다, 아우터, 흰색, 춥다, 시작, 사시, 충분하다, 마찰, 부들부들"
여유 있게 입으려고 큰 사이즈로 샀어요 만족합니다,"여유, 만족하다, 크다, 사이즈"
존 예입니다 진짜 제 발 사세요 관리만 잘 하면 체고임,"관리, 체고, 예입"
겁나 예뻐요 근데 딱 더러워지기 쉬운 부분이 하얀색이라 좀 조심스럽습니다,"쉽다, 조심스럽다, 겁나다, 더러워지다, 하얀색, 부분"
와 이 거 진짜 요물 개이 뻐요 다른 트랙탐은 너무 흔해서 좀 특이한 거 사고 싶었는데 부담스럽지도 않고 화이트가 포인트로 있어서 너무 이 뻐요 배송 오자마자 입어도 대 만족 했답니당,"스럽지도, 요물, 부담, 특이하다, 대다, 만족, 사고, 화이트, 트랙, 오다"
요즘 유행하는 에 잘 어울립니다 좀 작아서 크게 사 세여,"유행, 어울리다, 작다, 크게"
핏이 너무 이 쁘고 지퍼 두 개인 게 확실이 여러 가지의 코디를 할 수 있는 고 같아요,"확실, 여러, 가지, 코디, 개인, 지퍼"
투웨이여서 스타일링하기 좋구 엄청 편해서 좋아요,"일링, 스타, 편하다"
예뻐요 아디다스 짱 근데 목 부분이 다른 져지랑 다르게 안 접히고 붕 떠서 얼핏 보면 깃 세운 사람 같은데 이거 맞나요,"세운, 얼핏, 사람, 다르다, 져지, 접다, 부분, 맞다, 아디다스"
지퍼 투웨이라서 좋고 싸게 사서 잘 입고 다닙니다 굿,"사서, 싸다, 지퍼, 라서"
목 부분 올이 나가 있어 아쉽습니다 검수 좀 잘 부탁드립니다,"부탁드리다, 검수, 아쉽다, 오다, 부분"
아들이 맘에 들어 하네요 약 기모가 되어 있어 봄 가을 입기 좋겠어요,"기모, 아들, 되어다, 가을"
약기모가 되어 있어 봄 가을 입기 좋겠네요 아들이 맘에 들어 해요,"기모, 아들, 되어다, 가을"
아디다스 유행이라 삿는 디 된 기분이라 뭔가 욱김,"욱김, 삿는, 기분, 유행, 아디다스"
교복처럼 입게 되고 목 부분 흰색인 거 너무 귀여움,"교복, 흰색, 부분"
크롭 져지 말고 포인트 있는 거 입고 시퍼서 샀는데 이 뿌다는 얘기 많이 들었어 영 만족하면서 자주 입어 여 손 마니 갑 미다,"얘기, 뿌다, 시퍼, 밉다, 말다, 크롭, 져지, 만족하다, 포인트"
무조건 업 하세요 안 그러면 이핏 나옵니다,"이핏, 무조건, 나오다"
조금 길긴 하지만 그래도 접어서 연출 할 수 있어서 괜찮아요,"연출, 길다, 접다"
생각보다 조금 길지만 배색 포인트가 있어서 예뻐요,"배색, 포인트"
사이즈도 딱 맞고 여기저기 입 기 너무 좋네요 잘 입겠습니다,"여기저기, 맞다, 사이즈"
사이즈도 딱 맞고 여기저기 입 기 너무 좋네요 잘 입겠습니다,"여기저기, 맞다, 사이즈"
흰색 포인트들이 유니크하고 예뻐요 핏도 저 같은 멸치들한테 잘 어울림,"멸치, 어울림, 유니크, 흰색, 포인트"
기장이 생각보다 길었지만 그래도 예쁘긴 예쁘 네용,"길다, 기장"
사이즈가 생각보다 해서 좋아요 만족스러워요,"만족스럽다, 사이즈"
넘 예쁘고 한 재질이라서 좋아요 할인할 때 싸게 사서 기분도 좋아요,"기분, 사서, 할인, 싸다, 재질"
고민했는데 사길 잘했다 넘 예뻐요 근데 사이즈 좀 작고 카라가 잘 안 접혀 요,"작고, 카라, 접다, 고민, 사이즈"
너무나 멋있는 아디다스 기본 트랙 자 켓입니다 최고,"너무나, 켓입니, 멋있다, 최고, 기본, 트랙, 아디다스"
너무나 멋있는 아디다스 기본 트랙 자 켓입니다 최고입니다,"너무나, 켓입니, 멋있다, 최고, 기본, 트랙, 아디다스"
모델이 조금 에러인 듯 실물이 더 이쁩니다 만족스러워요,"에러, 모델, 만족스럽다, 실물"
무난해서 데일리로 가넝합니다 추천합니다 추천,"추천, 가넝합니, 데일리"
마음에 들어 요 무난하고 데일리로 가넝합니다 추천,"가넝합니, 데일리, 추천"
옷 너무 예뻐요 우리 예랑이랑 이쁘게 잘 입을 게요,예랑
실물 이 뻐요 사이즈도 하니 좋습니다 배송도 빨라요,"실물, 빠르다, 배송, 사이즈"
실물 이쁩니다 사이즈도 좋아요 배송도 빨라서 좋습니다 굿,"실물, 라서, 배송, 사이즈"
예뻐 영 잘 입구 댕기고 이 써 여 미듐도 해여,"써다, 댕기, 입구, 미듐"
길에서 누가 입은 거 보고 예뻐서 샀는데 기 대한 것 만큼 예뻐요,"누가, 대한, 보고"
너무 너 무너무 이 뻐요 길이도 적당하고 흰색 카라랑 소매가 포인트에 용,"카라, 소매, 길이, 적당하다, 흰색, 포인트"
너무 너무 예뻐요 져 지인데 투웨이다 진짜 끝판 왕입니다,끝판
좀 핏하게 입고 싶어서 사이즈 가니 제가 원한 핏이 나오네요 밑단 시보리 호불호 갈릴 수도 있을 거 같지만 전 호 입니다,"원한, 수도, 호불호, 갈릴, 핏하, 밑단, 가다, 나오다, 시보리, 사이즈"
생각보다 엄청 빨리 왔어요 오프라인에서 입어보고 구매해서 사이즈 감도 좋네요,"오프라인, 입어보다, 빨리, 오다, 사이즈"
봄이 가까워지니까 요즘 아디다스 저지 많이 들 입으시더라구 요 저는 이 스타일이 배색이 들어가서 산뜻해 보여서 선택했는데 실물은 훨씬 이 쁘네요,"산뜻하다, 가까워지다, 쁘네, 선택, 스타일, 들어가다, 저지, 실물, 배색, 아디다스"
이 뻐요 오버핏으로 입으려고 로 샀는데 딱 원하던 핏입니다 사이즈 있으면 꼭 사세요,"핏입니, 원하다, 오버핏, 사이즈"
아디다스라는 시그니처의 새로운 느낌이랄 까나,"새롭다, 끄다, 라는, 아디다스"
사이즈도 적당하고 너무 이 뻐용 근데 생각보다 옷이 얇은 것 같아요,"뻐용, 얇다, 적당하다, 사이즈"
살까 말까 고민하다가 세일하길래 샀는 게 진작에 살 걸 진짜 예뻐요,"진작, 세일, 말다, 살다, 고민"
편하게 잘 입습니다 해서 사이즈 선택 잘한 듯,"선택, 편하다, 사이즈"
배송 빠르고 좋아요 편하게 막 입 기 좋아요 역시 아디다스,"편하다, 빠르다, 아디다스, 배송"
흰색 밑단이랑 카라 부분이 너무 예뻐요 포인트로 아주 딱 좋음,"밑단, 카라, 흰색, 부분, 포인트"
진짜 이 쁘고 배색이 이 뻐서 어디에도 잘 어울려요,"어울리다, 배색"
진짜 이 쁘고 스타일에 잘 맞아요 그리고 핏은 오버하게 입을 거면 크게 사세요,"오버, 스타일, 크게, 맞다"
걔 네 나락 갔을 때 집에서 쳤지 아디다스 져 지,"나락, 치다, 가다, 아디다스"
배송 빠르고 무난하니 막 입고 다니기 좋은데 포인트 있는 느낌이라 자주 입을 거 같아 요,"빠르다, 포인트, 배송"
음 진짜 마음에 들었어요 다른 저지들은 너무 흔해서 디자인 좀 튀는 걸로 골랐는데 너무 만족 해용,"고르다, 튀다, 만족, 저지, 흔하다, 디자인"
디자인 너무 예쁘고 재질도 좋아서 자주 입을 거 같아 요,"재질, 디자인"
개이쁘고 시보리가 해서 좋아요 워싱 블랙 데님 이랑 입으면 게 모띠,"워싱, 데님, 블랙, 시보리"
사이즈 없어서 걍 로 샀는데 딱 생각했던 오버핏이라 너무 좋았어요 정 사이즈로 나온 거라 부한 오버핏도 아니고 예쁜 오버핏이어서 제가 원하던 핏이었습니 당 엉덩이 가려지는 정도였어요 저랑 키 비슷하신 분들 중에 오버핏으로 입고 싶으신 분들은 로 가셔도 될 것 같아 용,"오버핏, 가려지다, 갈다, 핏이었습, 분들, 엉덩이, 사이즈, 아니다, 원하다, 나오다"
일단 디자인부터 가 안 흔하고 너무너무 예뻐서 맘에 들었어요 핏이 아주 오버하진 않고 너무 얇지도 않아서 좀 더 날씨가 풀리면 자주 입을 거 같네 여,"풀리다, 오버, 날씨, 가다, 얇다, 흔하다, 디자인"
목 부분이 너무 하 애사 부담스럽지만 옷은 진짜 예브 고 질듀 좋아요,"질듀, 애사, 예브, 부담스럽다, 부분"
할인 또 해주세요 다른 색상 또 사고 싶어요 투웨이집 업이라 참 좋아요,"차다, 해주다, 할인, 색상, 사고"
팔이 길 긴 해도 딱 적당히 길어서 예쁩니다 가 오 살아요,"해도, 팔이, 살다, 가다, 적당하다"
검정색 사려고 했는데 뭔가 아쉬운 느낌리러서 이 거 샀는데 만족해요,"느끼다, 검정색, 사려, 아쉽다, 만족하다"
배송 어 마무시하게 빠르고 색감 아주 아주 이 뻐요,"무시, 색감, 빠르다, 배송"
쿠폰 적용해서 싼 가격에 샀습니다 너무 예쁘고 사이즈도 딱 좋네요,"적용, 쿠폰, 싸다, 가격, 사이즈"
너무 예쁘고 만족스러워요 잘 입고 댕겨서 소매 부분엔 이 미 틴트 자국이 네용 빠른 구매하세요,"틴트, 댕겨, 자국, 밉다, 만족스럽다, 소매, 부분, 빠르다"
무료 반품이르 부담 없이 주문했습니다 클까봐 걱정했는데 세미오버하게 잘 맞네요,"무료, 이르다, 부담, 반품, 오버, 세미, 주문, 걱정, 맞다, 크다"
약간 정핏에 가깝고 입어놓으니 되게 예쁘네요 좋아요,"가깝다, 정핏"
배송 엄청 빨랐어요 남자 사이즈인데도 엄청 크지 않고 딱 적당한 오버핏이라 좋았어요,"남자, 오버핏, 적당하다, 빠르다, 크다, 배송, 사이즈"
흰색 카라랑 소매 포인트 이 쁘고 남자 사이즈 생각보다 너무 안 크고 적당한 오버핏이에 요,"남자, 카라, 소매, 오버핏, 적당하다, 흰색, 크다, 포인트, 사이즈"
배송 아주 빨랐어요 남자 사이즈라 너무 클까봐 걱정했는데 생각보다 많이 안 크고 딱 적당한 오버핏이에 요 흰 소매랑 카라 포인트 이 뻐요,"크다, 남자, 희다, 걱정, 소매, 카라, 오버핏, 적당하다, 빠르다, 포인트"
아디다스 져 지 사고 싶어서 찾아보다가 디자인이 맘에 들어서 구매했어요 똑같은 디자인 별로 없어서 좋습니다,"디자인, 찾아보다, 들어서다, 똑같다, 별로, 사고, 아디다스"
아디다스의 붐은 오고 있습니다 그냥 기본이에요,"기본, 오다, 아디다스"
디자인 마음에 듭니다 개인적으로 우먼 라인도 이쁜 것 같아 요 지 퍼 컬러감이 달라서 여성분들은 사이즈 없으실 텐데 우먼 라인 정가에 구매하시길 바랍니다,"우먼, 라인, 바라다, 텐데, 컬러, 달라, 정가, 여성, 개인, 분들"
사이즈로 시켜도 한 정도 고 엄청 하진 않아서 핏이 아요,"아요, 하진, 사이즈"
옷이 정말 이 뻐요 사 길 잘한 거 같아 요 많이 파세요,파다
옷이 너무 예쁘고 사이즈도 잘 맞고 잘 산거 같아서 만족합니다,"만족하다, 맞다, 사이즈"
아디다스 옷 하나 사고 싶었는데 사이즈도 괜찮고 디자인도 좋아요,"하나, 사고, 디자인, 아디다스, 사이즈"
정말 이 쁘고 좋아요 덕분에 매일 입고 다니고 있습니다,덕분
넥 부분 색깔 다른 게 진심 너무 예뻐으요 밑에 접어 입으면 더 예뻐요,"색깔, 진심, 접다, 부분"
배송이 미쳤는데요 진짜 총알 배송이고 역시 넘 예쁩니 당,"총알, 배송, 미치다"
약간 목 부분인 카라가 좀 들뜨긴 하지만 예뻤어요 근데 한 핏이 아니라 완전 정 사이즈라서 딱 맞는 핏입니다,"들뜨다, 핏입니, 아니다, 카라, 라서, 맞다, 부분, 사이즈"
남자 옷이라서 조금 길고 크긴 한데 핏도 이 쁘고 좋아여,"남자, 길다, 크다"
사이즈 사는 게 더 예뻤을 것 같긴 한데 라지도 괜찮아서 그냥 입으려고요,"살다, 라지, 사이즈"
베켄바우어 트랙탑 크림에서 보고 무신사에서 적당한 금액으로 구매했어요,"크림, 금액, 무신, 보고, 베켄바우어, 트랙, 적당하다"
전체적으로 큰데 허리에 흰색 단 때문에 더 허리가 긴 느낌이 들어요 그리고 얇아서 단독으로 입기엔 그롷고 패딩 아래에 입으면 좋아툥,"허리, 그롷, 좋아툥, 단독, 패딩, 때문, 아래, 전체, 얇다, 흰색"
데일리하게 입 기 딱 좋은 거 같아 요 굉장히 소재가 좋습니다 역 싀 아디돠스,"굉장하다, 돠스, 아디, 소재, 데일리"
역시 아디다스 너무 이쁩니 당 은 품절이라 못 기다리겠어서 시켰는데 저는 키가 있어서 그런지 괜찮았어요 이 제품 여성용은 후기 보니까 세미 크롭 느낌이 나서 이 제품을 시켰는데 저처럼 크게 혹은 하게 입는 거 좋아하시는 분들은 이 거 시키시는 거 추천해요 생각보다는 좀 얇아서 따뜻해지면 가볍게 입 기 좋을 것 같아 요 여성분들 후기가 얼마 없어서 걱정했는데 저 는 만족합니당 배송도 한 일 만에 왔어요 완전 맨,"후기, 제품, 성용, 여성, 기다리다, 나서다, 세미, 가볍다, 만에, 크롭"
딱 맞게 입고 싶었는데 품절 이슈로 무지막지 크지만 라도 샀어요 소매는 접으면 되고 길이는 엉덩이 다 덮어 여 근데 시보리가 해서 다 잠구 고 좀 만져주면 이쁘게 입을 수 있답니다,"이슈, 라도, 무지막지, 잠구, 만지다, 덮다, 엉덩이, 소매, 길이, 접다"
딱 맞게 입고 싶었는데 품절 이슈로 무지막지 크지만 라도 샀어요 소매는 접으면 되고 길이는 엉덩이 다 덮어 여 근데 시보리가 해서 지 퍼 잠구 고 좀 만져주면 이쁘게 입을 수 있답니다,"이슈, 라도, 무지막지, 잠구, 만지다, 덮다, 엉덩이, 소매, 길이, 접다"
울아들이 너무너무 좋아합니다 무진장 입고 다닙니다 간지납니다,"무진장, 간지나다, 아들, 좋아하다"
배송도 빠르고 좋습니다 사이즈도 딱 맞고 길이도 이 뻐요,"길이, 맞다, 빠르다, 배송, 사이즈"
제 스펙으로는 이 딱 보기 좋아요 옷 색도 이 쁘고 흰색 포인트도 있어서 흔하지도 않고 이 쁨,"으로는, 보기, 색도, 스펙, 흔하다, 흰색, 포인트"
은 품절이라 로 구매했는데 살짝 걱정했던 것 치고는 그렇게 크지 않았어요 그래도 엉덩이는 거의 덮는 정도 무겁지도 않고 핏은 예뻤음 근데 아무래도 사이즈가 커서 그런지 목 끝까지 지 퍼 잠그면 살짝 어 중간 한 느낌이 있기는 했어요 그치만 괜춘 잘 입을 듯,"아무래도, 치고는, 괜춘, 무겁다, 잠그다, 그치다, 중간, 그렇게, 커서, 덮다"
진짜 너무 예뻐요 딱 제가 원하던 핏이어서 너무 만족합니당 꼭 사세용,"세용, 원하다, 만족하다"
배송도 빠르고 상품도 이 뻐요 인디고도 사야겠어요,"인디고, 상품, 빠르다, 배송"
라지가 더 이 뻤을 거 같지만 사이즈가 없었어서 그래도 괜춘하요,"괜춘하, 라지, 사이즈"
사이즈도 크지만 품절되서 어쩔 수 없이 로 샀는데 역시나 커요 그래도 이 쁘다,"크다, 어쩔, 품절, 사이즈"
가격도 합리적이고 디자인도 좋아요 배송도 빨리 와서 굿,"합리, 빨리, 가격, 오다, 디자인, 배송"
호불호가 좀 갈릴 수 있지만 그래도 되게 이쁜 져 지입니다 배송도 빠르고 이쁘네요 져 지 좋아하시면 사세요,"갈릴, 호불호, 좋아하다, 빠르다, 배송"
사이즈가 품절이라서 어쩔 수 없이 으로 샀는데 딱 좋았어요 유니크한 기본템인 것 같습니다,"어쩔, 유니크, 품절, 사이즈"
예뻐요오옹 제 체형엔 사이즈 사면 좀 더 슬림하게 예뻤을 거 같긴 한데 살짝 하게 입는 것 두 나쁘지 않네 여 시보리가 엄청 해서 맘에 들어요,"나쁘다, 사면, 체형, 슬림하, 시보리, 사이즈"
예뻐용 아래 지 퍼 여는 것보다는 접어서 입는 게 더 이 쁜 거 같음,"아래, 접다"
완전 이 쁘고 너무 좋아요 계속해서 사고 싶어지게 해요,"계속, 사고"
아나 뭔 배송이 이렇게 빨리 올 수가 있는 거죠 품절이라 그냥 시켰는데 오히려 좋아 개 귀여워요,"수가, 이렇게, 빨리, 귀엽다, 품절, 오다, 배송"
옷이 너무 귀여워요 사이즈도 딱 정 사이즈 느낌이라 예쁘네요 봄에 잘 입을 거 같아요,"사이즈, 귀엽다"
아디다스는 뭐 더 말할 필요도 없죠 너뮤 이 뻐 영 소매가 좀 길 긴 하지만 괜찮,"필요, 소매, 아디다스"
밑단 시보리가 하얀색인 게 처음엔 별로였는데 레이어드처럼 느껴져서 좋아요,"레이어드, 느껴지다, 하얀색, 별로, 처음, 밑단, 시보리"
색도 선명하고 핏도 여유 있게 맞아서 좋네요 밑단이 하얀색인데 오히려 레이어드처럼 느껴져서 좋아요,"색도, 선명하다, 레이어드, 여유, 느껴지다, 하얀색, 밑단, 맞다"
저의 체형에는 정 사이즈로 나오고 골격이 있으신 분들은 한 사이즈 크게 구매하시길 바래요 시보리도 하고 핏도 예쁘게 나와 구매 대 만족이에요,"나오다, 골격, 체형, 대다, 만족, 사이즈, 크게, 시보리"
배송도 빠르고 질도 좋아서 매일 입을 려고 합니다,"질도, 빠르다, 배송"
기준 사이즈 딱이에요 근데 제가 박시하게 입고 싶어서 혹시 딱 붙는 핏 원하시면 한 사이즈 작은 거 추천 드려요,"박다, 붙다, 딱이다, 기준, 드리다, 사이즈, 원하다, 작다, 추천"
사이즈는 생각했던 거보다 작아 요 크게 오버핏으로 입고 싶으면 사이즈는 업해야 할 거 같아요,"사이즈, 작다, 크게, 오버핏"
완전 막 입고 다녀 요 투웨이라서 더욱 완벽한 거 같아 요 안에 안감도 부드러워서 반팔 입고 입어도 딱인 듯,"더욱, 완벽하다, 딱이다, 안감, 부드럽다, 라서"
많이 클까봐 걱정했는데 밑에 가 어하진 않아서 조절해서 입 기 좋았어요 소매는 조금 길지도 그래도 핏은 예뻐요,"조절, 걱정, 소매, 가다, 크다"
핏도 예쁘고 질도 좋고 배송도 빠른 편이여서 만족합니다,"질도, 편이, 만족하다, 빠르다, 배송"
전혀 흔하지 않고 개성 있는 거 같아 요 너무 마음에 듭니다,"개성, 전혀, 흔하다"
사이즈 샀어도 너무 예뻤을 거같네요 찐 강추 드립니다 예뻐여,"찌다, 강추, 드리다, 사이즈"
사이즈 이랑 고민하다가 샀는데 샀어도 괜찮았을 거 같네요 손이랑 밑단 부분 흰색 너무 예뻐요,"밑단, 고민, 흰색, 부분, 사이즈"
일부로 한 사이즈 크게 갔는데 딱 좋네요 정 사이즈 갔으면 더 타이트 했을 거 같아요,"가다, 일부, 타이트, 사이즈, 크게"
시킨지 하루도 안 됐는데 바로 왔네요 생각보다 두께감 있어요,"두께감, 하루, 돼다, 오다"
져 지 처음 사서 핏이 별로 면 어 떡하지 햇는데 매우 이쁩니당,"사서, 늘다, 별로, 처음"
사이즈도 딱 잘 맞고 이 뻐요 길이도 길지 않고 좋음,"길다, 길이, 맞다, 사이즈"
디자인이 예뻐서 구매했는데 청바지에 나 조거 팬츠에 나 잘 어울려서 자주 입을 것 같아 요 어느 계절에도 다 잘 어 울릴 것 같아서 자주 입을 예정입니다,"울리다, 조거, 예정, 팬츠, 계절, 청바지, 어울리다, 디자인"
지퍼도 두개라 입 기 편하고 사이즈도 좋게 나와서 아주 좋습니다,"나오다, 지퍼, 편하다, 사이즈"
동네 백수룩엔 요거만 한 게 없죠 사이즈 좋고 예쁜 옷 싸게 잘 샀습니다 하게 입으려면 한 사이즈 업 하세요,"거만, 백수, 동네, 사이즈, 싸다"
와 진짜 실물 개이 뻐요 이 거 안사면 후회함 사이즈 저한테 너무 잘 맞아요 핏도 엄청 이 뻐요 안사면 후회합니다 진심으로요,"안사면, 후회, 진심, 실물, 오다, 맞다, 사이즈"
와 진짜 실물 개이 뻐요 이 거 안사면 후회함 사이즈 저한테 너무 잘 맞아요 핏도 엄청 이 뻐요,"안사면, 후회, 실물, 오다, 맞다, 사이즈"
아 너무 예뻐요 맘에 쏙 들어 요 안감도 따듯해서 좋아요,"따다, 안감"
이거 이 거 물건입니다 기본템으로 계속 소장하고 입을 꺼 같아요,"소장, 계속, 물건, 끄다"
디자인이 예쁘면서 운동 할 때 입기도 좋고 편하게 입고 돌아 다니기 너무 좋아요,"돌다, 운동, 편하다, 디자인"
사이즈 너무 아쉬워요 엘은 너무 큽니다 스몰 있었으면 좋았을 텐데,"스몰, 텐데, 아쉽다, 크다, 사이즈"
사이즈 사려다 품절이어서 사이즈 샀어요 밖에 차이 안나더라구 요 좀 크더라구 요 근데 이랑 이랑 차이가 거의 없어서 샀어도 컸을 거 같아 요 소매랑 카라 포인트가 넘 좋어요 산지 얼마 안 돼서 그런 가 카라가 잘 안 접히더라구 요 아마 시간 지나면 고정될 거 같아 요 투웨이라서 좋아요 엄마가 웬일로 날씬해 보인다고 갖고 싶었는데 잘 산 거 같아 요,"차이, 카라, 크다, 지나다, 웬일, 산지, 아마, 엄마, 날씬하다, 고정"
무난합니 더 세일가로 잘 삿어요 팔 긴 거 맘에 들어요,"가로, 삿어"
지퍼가 잘 안 맞물려서 잠그 기 빡셈 팔 기장 길어서 좋음,"물리다, 빡셈, 잠그다, 지퍼, 기장, 맞다"
기장이 애매해서 밑단 매무새 좀 잘 만져야 함 그래 두 배색 이 뻐서 봐줌,"매무새, 만지다, 애매하다, 그렇다, 밑단, 배색, 기장"
역시 동네 백수룩엔 요거만한 게 없죠 사이즈 좋고 이쁩니다,"거만, 백수, 동네, 사이즈"
옷이 하네요 있었으면 딱 좋을 것 같은 제 아쉽네요,아쉽다
가니깐 딱 원하는 핏 나오네요 이쁘네용 잘 입겠습니다,"원하다, 가다, 나오다"
사이즈가 없어서 로 시켰는데 생각보다 크지 않고 예쁩니다,"크다, 사이즈"
원래 사려고 햇는데 품절 떠서 라지삿는데 제 스펙에 딱 좋아요 입어도 괜찮을 거 같아 요 크다는 말이 잇어서 라지가 엄청 클까봐 고민햇는데 제 기준에서 팔도 별로 안 길고 길이 감도 적당하게 긴 편이라 만족해요 색은 아주 약간 광이 잇는 검은색이고 그냥 원햇던 그대로라 너무 좋습니다 가격 값 하는 건 모르겟지만 이 뻐서 장땡,"늘다, 잇다, 라지, 크다, 햇던, 장땡, 모르다, 팔도, 편이, 그대로"
원래 사려다가 품절이라 삿는데 라지 사길 잘한 거 같아 요 사도 될 듯해요 기장이 그렇게 길다는 건 못 느꼈고 밑에 시보리가 하긴 한데 투웨이라서 다행입니다 엄청 클 줄 알 앗는데 생각보다 안 크고 제 기준에선 팔도 많이 안길어서 너무 좋고 약간 느낌나는데 촌스러운 건 아니여서 만족합니다 디자인 딱 원하던 모습 임 그리고 배송이 스피두,"느끼다, 크다, 삿는데, 에선, 앗다, 촌스럽다, 안다, 스피, 모습, 다행"
배송 빠르고 옷도 예쁩니다 없어서 샀는데 조금 크네용,"빠르다, 크다, 배송"
배송도 무지 빠르고 이 뻐서 돈 아깝다는 생각이 안 들어여,"아깝다, 빠르다, 배송"
하루 만에 배송 왔어요 좀 작을까봐 걱정했는데 하게 잘 맞았어요 너무 이브 구 부스럭거리는 바지랑 잘 어울릴 거 같아요,"부스럭, 이브, 거리, 하루, 만에, 바지, 걱정, 어울리다, 작다, 오다"
설 연휴 때문에 배송 오래 걸릴 줄 알았는데 주문하고 바로 다음날 도착했어요 사이즈 많이 고민하다가 엑스라지 했는데 총장이 조금 더 짧았으면 더 좋았겠지만 저렴하게 구매해서 만족스러워요 장 져지가 만 원도 안 한 다 말 모 지퍼 투웨이인 게 제일 좋아요,"도착, 원도, 오래, 연휴, 짧다, 총장, 걸리다, 저렴하다, 때문, 주문"
화이트 블랙 두 가지 색으로 되어 잌어서 유니크하고 예뻐요,"잌어, 가지, 유니크, 되어다, 블랙, 화이트"
사이즈가 품절이라서 샀는데 좀 크네요 근데 이 뻐요 진짜 굳,"굳다, 품절, 크다, 사이즈"
안에 기 모가 살짝 있어서 지금 날씨에 입기 좋네요 패딩 안에 입어도 이 뻐요,"패딩, 날씨"
역시 아디다스 입니다 너무 예뻐요 믿고 사는 아디다스에요,"아디다스, 믿다, 살다"
투웨이라서 완전 맘에 들어 요 여기저기 잘 어울여용,"어울여용, 여기저기, 라서"
믿고 구매하는 아디다스 져 지 교복보다 더 많이 입음,"믿다, 교복, 아디다스"
귀여워 귀여워 귀여워 너무 귀여워요 평소 입던 져지가 질려서 구매했는데 참 만족스러운 소비였뜹니다,"귀엽다, 질리다, 차다, 소비, 만족스럽다, 져지"
옷 너무 이 쁘고 색이 특이하게 되어 있어서 이쁩니다,"특이하다, 되어다"
예빠네요 대충 입어도 예뻐서 좋아요 안쪽 재질이 달라서 더울까 했는데 그냥 입어요,"대충, 덥다, 달라, 안쪽, 재질"
디자인 예뻐요 사이즈는 한 편입니다 가을 겨울엔 이 너로 봄엔 아우터로 활용 가능할 것 같네요,"활용, 편입, 가능하다, 겨울, 아우터, 가을, 디자인, 사이즈"
소재도 마음에 들고 핏도 제가 생각한 적당한 오버핏이라 아주 마음에 들어 요 앞으로 자주 입을 거 같아요,"소재, 오버핏, 적당하다"
이 뻐요 다들 구매하세욥 첫 구매 쿠폰으로 만 천원에 샀는데 정가로 샀어도 만족 했을 듯,"천원, 쿠폰, 정가, 만족"
색감은 화면 보다 밝아요 배송도 설 연휴인데도 일 만에 왔어요 생각 보다 얇아요,"밝다, 화면, 연휴, 만에, 색감, 얇다, 오다, 배송"
어깨랑 품 생각해서 크게 샀습니다 기장은 조금 줄여야 될 거 같습니다,"줄이다, 어깨, 크게, 기장"
옷 이 뻐요 포장도 하고 배송도 엄청 빨라 여 굿,"포장, 빠르다, 배송"
정말 이 뿌고 유니크합니 당 핏도 잘 떨어지게 이쁘구 근데 좀 얇아용,"떨어지다, 유니크, 얇다"
좋은 가격에 잘 샀네요 배송도 빨리 왔습니다 만족,"만족, 빨리, 가격, 오다, 배송"
실물이 진짜 너무 이 쁘고 편해 소 맨날 입어요 짱 장굿,"장굿, 맨날, 실물, 편하다"
디자인이 진짜 딘 짜 진짜 예쁨 제품 컷만 보먄 그렇게 매력적이지 않거든요 실물이 훠 얼씬 예쁘니까 구매해주세요 너무 어무 마음에 드는 옷 잘한 소비 중 하나,"얼씬, 매력, 어무, 보먄, 이지, 짜다, 그렇게, 소비, 해주다, 하나"
포켓도 있고 지퍼도 투웨이라 평상시에 입고 다니가 너무 좋네요,"포켓, 평상시, 지퍼"
실외에서는 이너로 입고 실내에서는 아우터로 입으려고 샀어요 기본 트랙탑과는 다르게 카라 손목 밑단에 하얀색으로 포인트가 들어가 있어서 너무 예쁘게 입고 다닐 수 있을 것 같아 요 만족합니다아,"실내, 과는, 실외, 이너, 손목, 아우터, 다르다, 하얀색, 들어가다, 기본"
기장이 약간 커서 사도 괜찮았을 것 같아 요 설날 할인으로 구매해서 정말 괜찮은 가격에 구매했어요,"설날, 사도, 할인, 커서, 가격, 기장"
어릴 때 어디다스 져 지 유행할 때 입고 처음 사봤는데 예쁘네요 핏하게 입고 싶었는데 사이즈 다 나가서 큰 거 샀는데도 예쁨 아래 흰 부분 접어서 입으면 됨 목 긴 거 마음에 듦 개나이스 소비,"나이스, 어리다, 다스, 사보다, 소비, 희다, 아래, 유행, 처음, 핏하"
좋아요 너뮤 좋아요 푸근하니 막 입 기 좋구만 유,푸근하다
라지살까 엑스라지 살까 고민하다가 라지 산 건데 딱 좋아요 핏하게 입어야 더 예쁜 옷 같습니다,"라지, 살다, 건데, 엑스, 핏하, 고민"
라지살까 엑스라지 살까 고민하다가 라지 산 건데 딱 좋아요 핏하게 입어야 더 예쁜 옷 같습니다,"라지, 살다, 건데, 엑스, 핏하, 고민"
아주 예뻐도 핏도 적당하고 지퍼가 투웨이라 편해요,"지퍼, 적당하다, 편하다"
배송도 빠르고 너무너무 이 쁘고 핏이 너무 좋습니담,"빠르다, 배송"
따뜻하고 재질도 좋아서 부드럽고 핏도 이 뻐서 너무 좋은 거 같아요,"부드럽다, 따뜻하다, 재질"
사이즈도 괜찮고 비교적 저렴한 가격에 잘 산 것 같아요,"비교, 저렴하다, 가격, 사이즈"
사이즈는 저와 비슷하면 추천드려요 화이트 부분은 완전 순백이고 핏하게 입는 게 좋을 듯,"순백, 드리다, 핏하, 화이트, 추천, 부분, 사이즈"
블랙과 화이트의 조화가 재밌어요 화이트는 완전 하얗습니다 제 신체 사이즈라면 엘가세요,"화이트, 가세, 신체, 재밌다, 라면, 조화, 하얗다, 블랙, 사이즈"
목이랑 팔 부분 배색다르게 되어 있는 것도 너무 좋고 목 부분이 높아서 좋아요 지퍼도 투웨이라서 편하게 입을 수 있어서 좋습니다 완전 데일리템,"부분, 높다, 데일리, 다르다, 되어다, 배색, 지퍼, 라서, 편하다"
엄청 길어서 엉덩이를 더 가려 요 팔도 엄청 긴데 암홀이 꽤 여유로워서 활동하기 편해요 투웨이라 더 이 뻐용,"활동, 팔도, 뻐용, 여유, 엉덩이, 가다, 편하다"
가격도 합리적에 배송 빠르고 만족합니다 너무 좋네요,"합리, 가격, 만족하다, 빠르다, 배송"
아디다스 너무 이 뻐요 투웨이어서 더 이 쁜 것 같아 요 두께도 적당하구 핏도 이 뻐요 고민한 시간이 너무 아까워 여 마음에 들어요,"두께, 아깝다, 고민, 적당하다, 아디다스"
블랙 화이트 매치가 정말 잘 어울리는 옷 이에 요 강추,"강추, 매치, 어울리다, 블랙, 화이트"
디자인 너무 예뻐요 마르신 분들은 핏하게 입으려면 사이즈 구매하는 게 좋을 것 같아요,"마르다, 핏하, 디자인, 사이즈"
엠사이즈가 젤 작은 사이즈라 주문했는데 역씨나 저에겐 크네요 남여 공용이라서 더 그런 것 같아요 그래도 이 뻐서 그냥 입기로 했어요,"공용, 에겐, 남여, 주문, 사이즈, 그렇다, 작다, 크다"
진짜 사 길 잘한 듯 배송도 진짜 빠르고 투집업을 칭찬하는 이유가 있었네요 빨리 입고 나가고 싶어 엉 안감이 뽀송 뽀송해서 춥지도 않을 거 같아요,"뽀송하다, 뽀송, 투집업, 이유, 칭찬, 추다, 안감, 빨리, 빠르다, 배송"
화이트가 포인트 되어서 더 이 쁜 것 같아 요 밑 부분이 생각보다 해서 크다고 느껴지진 않았어용,"느껴지다, 되어다, 화이트, 부분, 크다, 포인트"
원래 있던 아디다스 져지보다 사이즈가 잘 나온 거 같습니다,"나오다, 져지, 아디다스, 사이즈"
생각보다 더 이 쁜 옷입니다 울아들이 너무 만족합니다,"아들, 만족하다"
진짜 말 그대로 딱 맞아요 제 스펙이랑 비슷하신 분들은 하시면 돨거 같아 요 시 모리가 해서 도 입을 순 있을 거 같은데 핏이 딱 엑스라지가 이쁜 듯,"모리, 돨거, 그대로, 스펙, 엑스, 라지, 맞다"
세상에 너무 예쁘네요 커플템을 완전 짤떡콩떡이 에료,"짤떡콩떡, 세상, 커플"
가 품절이어서 샀는데 팔 길이 빼곤 사이즈가 잘 맞아요 팔 길이가 넘 길어서 아쉬워요,"길이, 빼다, 아쉽다, 가다, 품절, 맞다, 사이즈"
디자인도 예쁘고 싸이즈도 딱 맞습니다 예쁘게 잘 입을 것 같아요,"싸이즈, 맞다, 디자인"
후기 보고 고민하다가 사이즈로 샀는데 딱 원하는 핏으로 이쁘게 맞아요 평소에 오버핏보다 슬림 핏으로 딱 핏하게 맞는 걸 좋아하는데 딱 본인 평소 정 사이즈 시키면 될 거 같아 요 무엇보다 흰색 시보리로 되어 있어서 흔하지 않고 딱 포인트로 너무 아름답기까지 한,"맞다, 본인, 아름답다, 후기, 보고, 슬림, 좋아하다, 사이즈, 되어다, 핏하"
할인할 때 잘 샀습니다 기본 검정보다 흰색 포인트 있어서 넘 귀여워요 기장이 좀 긴 게 아쉽 그래도 투웨이라 맛있습 미다,"맛있다, 밉다, 검정, 할인, 기본, 귀엽다, 아쉽다, 기장, 흰색, 포인트"
색감 또렷하고 기장도 딱 좋습니다 오버핏으로 입고 싶으시면 한 치수 업하세요,"또렷하다, 치수, 색감, 기장, 오버핏"
색감 선명하고 핏도 이쁩니다 엑스라지랑 라지랑 고민 했는데 라지 선택하길 잘했어요 너무 오버핏도 아니고 슬림 핏도 아닙니다,"라지, 아니다, 선명하다, 슬림, 선택, 엑스, 색감, 고민, 오버핏"
베켄바우어라서 파이어 버드 종류 생각하시면 생각보다 사이즈 작으실거에 요 파이어 버드 하게 입는데 베켄바우어 은 딱 맞는 느낌입니다,"파이어, 버드, 베켄바우어, 종류, 작다, 라서, 맞다, 사이즈"
기본 블랙과 다르게 카라 부분 색깔이 달라 포인트로 너무 좋아요,"달라, 색깔, 다르다, 기본, 블랙, 카라, 부분, 포인트"
그 잡채 너무 사길 잘했음요 진짜 맘에 들고 예뻐요,잡채
친구 선물해줬는데 마음에 들어 하네욤 근데 시보리가 너무 해서 내려 입거나 올려 입기 사 알짝 애매하긴 해요,"하네욤, 선물, 알짝, 내다, 올리다, 친구, 애매하다, 해주다, 시보리"
생각보다 소재가 하고 해서 핏이 좋았어요 그리고 생각보다 커서 좀 놀랬어요 길이도 길었지만 밑에 살짝 열어서 접을 생각으로 샀기 때문에 좋았어 용 흰소매가 감당 불가지만 이쁘니까,"흰소, 매가, 불가, 놀래다, 감당, 열다, 소재, 때문, 커서, 길다"
가격도 괜찮고 디자인도 흔하지 않아서 좋아 여 네이비도 사구 싶러요,"네이비, 가격, 흔하다, 디자인"
어제 저녁에 시켰는데 오늘 저녁에 왔어요 빠르고 옷도 맘에 들어요,"저녁, 오늘, 어제, 오다, 빠르다"
진짜 배송 빨랐고 디자인 너무 예뻐서 아무도 안 샀으면 좋겟 음 나만 입고 시품,"시품, 빠르다, 디자인, 배송"
크롭이였음 맘에 들었을 것 같은 느낌 기장이 좀 아쉽지만 사이즈는 적당한 것 같고 오버핏으로 입고 싶으면 라지로 가야 할 것 같아요,"가야, 아쉽다, 라지, 기장, 오버핏, 적당하다, 크다, 사이즈"
밑단 시보리 부분이 해서 핏 잡기에는 좋은데 골반 쪽에서 끼이는 듯한 느낌이예요,"잡기, 골반, 끼다, 밑단, 시보리, 부분"
생각보다 하고 두꺼워서 핏이 예쁘게 잡혀 요 시보리가 해서 좋아요 예뻐용,"잡히다, 두껍다, 시보리"
와씨 진짜 개예쁩니다 꼭 사세요 두 번 사세요 제 발 사세요,오다
에 아주 날씬한 몸에 딱 좋습니다 배송은 정말 빨리 왔어요,"날씬하다, 빨리, 오다, 배송"
네이비 사고 두 번째 아디다스 트랙탑인데 검은색 흰색 섞여 있는 게 너무 갖고 싶어서 바로 구매했습니다 이거 진짜 물건이 네 여 네이비도 진짜 이 쁜데 이것도 정말 이 쁨 흰색 섞여 있는 게 너무 포인트 강 추 감사합니다 좀 얇고요 저는 정도는 시켜야 맞더라고요,"섞이다, 네이비, 흰색, 쁜데, 갖다, 물건, 검은색, 사고, 트랙, 얇다"
사이즈도 잘 맞고 화이트 포인트 때문에 예쁩니다,"때문, 화이트, 맞다, 포인트, 사이즈"
정말 오랜만에 대 만족입니 다 색상도 배색이라 일반적인 단색보다 더 예쁘고 좋네요,"단색, 오랜, 대다, 일반, 만족, 색상, 배색"
손목이랑 밑단에 있는 흰색 포인트들도 마음에 들고 투웨이라 정 사이즈로 사서 핏 이 쁘게 입고 있어요,"사서, 손목, 밑단, 흰색, 포인트, 사이즈"
길이가 길긴 하지만 기 대한 만큼 너무 예뻐요 만족합니당,"대한, 길다, 길이, 만족하다"
베켄바우어 네이비도 있는데 뭔가 조금 더 도톰한 것 같아 요 안에 얇은 거 자주 입으시면 엠하고 도 톰하고 큰 거 자주 입으면 엘 사이즈 하면 될 것 같아요,"도톰하다, 네이비, 베켄바우어, 얇다, 크다, 사이즈"
어느 정도 맞게 입고 싶어서 엠사이즈 샀는데 괜찮은 것 같아 요 겉옷으로 하게 입으려면 엘도 괜찮을 것 같아요,"겉옷, 맞다, 사이즈"
옷 진짜 이 뻐요 나만 입고 싶음 총장이 좀 길 긴 하지만 투웨이라,총장
생각한 대로 핏과 색감 너무 이쁘네요 레드도 같이 구매하고 싶었지만 품절이라 아쉬워요,"레드, 대로, 색감, 아쉽다, 품절"
기장 조금 긴 것 같은데 그래도 다른 사이즈는 딱 좋아요,"기장, 사이즈"
배색 디자인이라 흔하지 않아서 넘 좋아 용 생각보다 크게 나와서 사이즈인데도 하네용,"크게, 배색, 나오다, 흔하다, 디자인, 사이즈"
사이즈인데도 생각보다 품이 했어요 길이가 길어서 살짝 넣어서 입으면 예쁘 네용,"넣다, 길이, 사이즈"
너무 예쁘고 좋긴 한데 흰 부분에 얼룩이 좀 묻어 있어요,"얼룩, 묻다, 희다, 부분"
크게 입고 싶어서 큰 사이즈로 샀는데 맘에 들어요,"크게, 크다, 사이즈"
배송 하루 만에 와서 깜짝 놀랐고 흰색 포인트가 너무 이쁩니다,"깜짝, 만에, 하루, 오다, 흰색, 포인트, 배송"
핏 너무 이 쁘고 투웨이라 너무 좋은 것 같아 요 흰색 포인트가 너무 이 뻐요,"흰색, 포인트"
딸아이 사줬는데 살짝 크지만 이 쁘게 잘 맞아요 품절되기 전에 사게 되서 다행입니다,"딸아이, 다행, 사주다, 품절, 맞다, 크다"
진짜 너 무 예 뻐 요 말이 안됨 사기 진짜 잘했다 왜 고민했을까요,"사기, 안되다, 고민"
투웨이 여서 좋은데 시보리 부분이 생각보다 얇아요,"얇다, 시보리, 부분"
배송이 너무 빨라서 놀랐어요 은 기장이 애매해서 조금 접고 다닐 것 같아 용 아래로 갈수록 조 여지는 느낌 하지만 예뿌다,"여지, 갈수록, 예뿌, 애매하다, 아래, 기장, 접다, 라서, 배송"
소재 해서 좋아요 색 이미지랑 같아 요 만족합니다,"이미지, 소재, 만족하다"
사이즈를 을 살 지 을 살 지 엄청 고민하다가 로 샀는데 딱 제가 원하는 핏이 나오네요 일 저녁에 구매했는데 일 점심에 왔습니다 생각보다 얇아요,"점심, 저녁, 원하다, 나오다, 고민, 얇다, 오다, 사이즈"
걍 너무 이 뻐요 손목이랑 목 부분 포인트도 좋아요,"손목, 부분, 포인트"
걍 얇을 줄 알았는데 안에 기 모가 있어요 오히려 좋아 흐흫 색감 사진이랑 똑같고 너무 예뻐요 진짜 고민하는 거 아까워요 고민하다 품절이 돼 버려서 재입고 될 때까지 기다렸다 샀는데 기다린 보람이 있네요,"기다리다, 고민, 흐흫, 보람, 버리다, 똑같다, 사진, 아깝다, 돼다, 알다"
전부터 아디다스 저지가 가지고 싶었는데 흔하지 않은 디자인이라 좋은 거 같아 요 밑단 시보리가 많이 해서 넣고 다니면서 맨투맨처럼 입어 요 예쁩니다,"넣다, 가지, 저지, 밑단, 시보리, 흔하다, 디자인, 아디다스"
사이즈도 잘 맞고 배송도 빠르고 잘 받았습니다 좋아요,"받다, 맞다, 빠르다, 배송, 사이즈"
완전 예뻐요 근데 좀 커서 사이즈가 있었으면 좋겠다 라는 생각이 드네요,"라는, 커서, 사이즈"
배송 엄청 빠르고 디자인도 너무 예쁩니다 핏도 예뻐요,"빠르다, 디자인, 배송"
오자마자 입어봤는데 사이즈 핏 모두 맘에 들어서 바로 세탁했습니다 화이트 포인트가 있어서 더 맘에 들어요,"세탁, 들어서다, 입어보다, 화이트, 포인트, 사이즈"
미쵸따리 배송도 빠르고 레이어드 해사 입어도 이쁘구 단독으로도 미쳐 꾸우 투웨이 지퍼 체 고,"해사, 으로도, 꾸다, 따다, 단독, 미치다, 밉다, 레이어드, 지퍼, 빠르다"
와이거진짜 개 쩔어요 실물갑 개이쁨 후 회 절대 안 할 겨,"쩔어요, 와이, 절대, 실물"
생각보다 예뻐서 맘에 들지만 흰 부분에 뭐가 묻어 있어서 좀 그랬어요,"묻다, 희다, 그렇다, 부분"
예전 트랙탑들보다 약간 크게 나온 듯 해요 저한테 잘 맞아서 좋네요,"예전, 크게, 나오다, 트랙, 맞다"
핳 너무 이 뻐요 디자인 너무 귀엽고 이쁩니다 청바지에 입으면 더 이 뻐요,"청바지, 귀엽다, 디자인"
믿고 보는 아디다스입니다 흔하지 않고 예쁜 듯 친구들이 칭찬해줌,"칭찬, 친구, 해주다, 믿다, 흔하다, 아디다스"
딱 정핏을 원했는데 생각했던 거처럼 딱 이쁜 정핏이라 너무 마음에 들어 요 오자마자 바로 입고 나왔어요,"정핏, 원하다, 나오다"
여자친구랑 커플템으로 구매했습니다 저는 일반 여자친구는 크롭 버전으로 진짜 엄청이 뻐서 두 번 기절함,"여자친구, 기절, 버전, 커플, 일반, 크롭"
아디다스 저지는 베켄바우어 기본 아디다스 입니다,"아디다스, 베켄바우어, 저지, 기본"
저지 오랜만에 입는데 옛날 생각나고 좋네요 이쁩니다,"옛날, 생각나다, 오랜, 저지"
안에 기 모 같은 게 있어서 따끈함 예전에 산 아디 저지랑 뭔가 좀 다름 축 늘어지는 핏은 아닌 듯 암튼 예뿌고 맘에 들어용,"암튼, 늘어지다, 예뿌, 따끈하다, 아디, 예전, 다르다, 저지, 아니다"
진짜 너무너무 예쁘고 생각보다 얇지 않음 넘 맘에 들어욤,"들어욤, 얇다"
진짜 느므 이 뻐요 역시 믿고 사는 아디다스 넘 맘에 들 음,"느므, 믿다, 살다, 아디다스"
얇을 줄 알았는데 생각보다 두께감이 있어서 좋아요 디자인도 굿,"두께감, 알다, 얇다, 디자인"
블랙 만족하며 입었어서 블프 때 좋아 허는 색 깔별로 다 삼요,"깔별, 허다, 블프, 블랙, 만족하다"
하얀색 카라가 부담스러운 듯 했지만 어차피 봄 가을 용이고 땀도 거의 안 흘려서 데일리룩으로 잘 입고 있습니다,"어차피, 용이, 흘리다, 부담스럽다, 데일리룩, 하얀색, 가을, 카라"
흔하지도 않고 흰색 포인트에다가 투웨이라 너무 좋아요,"에다가, 흔하다, 흰색, 포인트"
배송 빠르고 옷 너무 예뻐요 안 흔해서 너무 좋아요,"흔하다, 빠르다, 배송"
믿고 입는 아디다스 져지 스타일 입니다 푠하게 일상생활에서 막 입 기 좋네요,"푠하, 일상생활, 믿다, 스타일, 져지, 아디다스"
에 사이즈 샀는데 적당히 세미 오버핏 느낌으로 이 뻐요,"세미, 오버핏, 적당하다, 사이즈"
옷 이 뻐여 귀엽고 옷 재질도 그냥 져지보다 하게 느껴져서 좋았으요 살짝 슬림하게 입고 싶었는데 그냥 평범한 핏이라 살 껄 그랬네요 그냥 반품비 아깝고 귀찮고 나름 괜찮아서 그냥 입으려구요 다른 사람이 안 입었음 좋겠어요 옷이 살짝 특이해서 다른 사람이랑 겹치면 부끄러울닷요,"사람, 치면, 부끄럽다, 귀찮다, 특이하다, 반품, 슬림하, 평범하다, 나름, 느껴지다"
몸에 딱 맞고 배송도 빠르고 가격도 괜찮은 거 같아요,"가격, 맞다, 빠르다, 배송"
엔하이픈 양정원 꺼 손민수 하려다가 색깔 반전된 거로 손민수 했습니다 지퍼 두개라서 밑에는 무조건 좀 열어줘야 돼요 좀 쫄림 그럼에도 지나가는 애들이 말 걸지 못할 정도로 간지가 남 사세요,"손민수, 쫄림, 하이픈, 간지, 정원, 반전, 걸다, 지나가다, 무조건, 끄다"
생각보다 살짝 더 큽니 다 제 키인 분들은 사셔도 쌉 가능이에요 두께는 엄청 얇진 않아 요 참고하세요,"가능, 참고, 두께, 싸다, 얇다, 크다"
흔하지 않고 귀여워용 사이즈 랑 고민했는데 아우터 속에 입을 거면 가 편한 거 같아여,"아우터, 귀엽다, 가다, 고민, 편하다, 흔하다, 사이즈"
아이다스 져지는 처음 사보는데 처음 딱 봐도 보풀 조심해야 되겠더라구 요 이 점이 조금 아쉽기는 하지만 디자인 자체는 마음에 듭니다 손목은 때 안 타게 조심해야 되겠어요,"조심하다, 처음, 보풀, 다스, 자체, 사보다, 손목, 아쉽다, 져지, 디자인"
배색이라 일반 져지보다 기 엽고 이 쁨 소재도,"일반, 소재, 배색, 져지"
처음에 불량품이 와서 교환 한 번 했지만 무신사측에서 대처가 되게 빨라서 좋았습니다 옷도 예뻐요,"교환, 불량품, 대처, 무신, 처음, 라서, 오다"
배송이 정말 빨랐어요 디자인도 깔끔하고 정말 정말 예뻐요 딱 맞는 정핏보다 여유 있게 착용하고 싶어서 사이즈로 구매했는데 핏 예뻐요,"착용, 깔끔하다, 여유, 정핏, 맞다, 빠르다, 디자인, 배송, 사이즈"
디자인도 이 쁘고 투웨이 지퍼라서 좋아요 맘에 들어요,"지퍼, 라서, 디자인"
져 지 너무 예뻐요 흰색이 포인트가 되어서 전체 검정색보다 더 예쁜 것 같아 요 겨울에 이너로 예쁘게 잘 입겠습니 당,"이너, 겨울, 검정색, 전체, 되어다, 흰색, 포인트"
옷이 너무 예뻐서 입었을 때 핏도 이 뻐요 시보리에 흰색으로 포인트도 있어서 이쁨,"시보리, 흰색, 포인트"
좋아 용 공홈에서 살까 했는데 더 빨라서 여기서 샀는데 만족 핏도 너무 예뻐요,"공홈, 만족, 살다, 라서"
다른 아디 트랙 탑보다 사이즈 크게 나오지만 오버핏으로 입 기 좋습니다,"아디, 크게, 트랙, 나오다, 오버핏, 사이즈"
너무 예 버용 아디다스 전체적인 검은색은 너무 흔해서 별로 고 흰색 포인트 있는 걸로 샀는데 맘에 드렁용,"버용, 드렁용, 검은색, 별로, 전체, 흔하다, 흰색, 아디다스, 포인트"
배색 너무 이 쁨 랑 뭐 살까 고민하다가 샀는데 딱 적당해 요 안에 두꺼운 거 입으면 핏 별로 일 듯 밑 시보리가 해서 살짝 접어 입으면 더 이 뻐용,"뻐용, 두껍다, 별로, 살다, 배색, 접다, 고민, 적당하다, 시보리"
요즘 다시 트랙탑이 유행이어서 샀는데 역시 아디다스 트랙 탑입니다 예전처럼 딱 붙지 않는 스타일이라서 좋네요,"트랙, 붙다, 예전, 스타일, 유행, 아디다스"
팔 부분 안쪽은 기 모인 거 마냥 부드러워요 맨 살도 가능할 듯 지금 날씨에 딱인 듯 품절되기 전에 호다닥 직구 고민했는데 고민하길 잘했네,"고민, 호다닥, 모이다, 직구, 가능하다, 안쪽, 딱이다, 부드럽다, 날씨, 품절"
