Review,keyword
우선 저는 여잔 데 크게 입을 각오하고 주문했어요 예상대로 크긴 큽니 당 엄청 커요 소매가 긴데 소매 걷어 입으면 안쪽에 코듀로이로 되어 있어서 귀여워요 주머니도 무려 개나 달려 있어요 쓰진 않겠지만 양쪽 다 크게 개씩 총 포켓이라 귀여워요 단추는 똑딱이 단추라 입고 벗기도 편하고 빈티지한 골드 버튼이라 멋스러워요 색감은 물 빠진 색감일 줄 알았는데 예상보단 선명했어 요 폭이 엄청 해서 안에 아무리 껴 입어도 충분할 거 같아 요 여성분들은 그냥 고민 없이 하시면 될 거 같아 요 짧은 바지나 치마랑 코디하면 제가 원했던 느낌이 나와서 만족합니다 남자분들이 자켓으로 입기엔 기장이 길고 코트 느낌이라기엔 또 짧은 느낌이에요 오히려 박시한 아우터 좋아하시는 여성분들께 추천 드리고 싶어요 와이드 팬츠랑 입으면 힙한 무드 연출 가능하고  짧은 옷은 여성스럽고 귀여워질 수 있어요,"짧다, 분들, 여성, 귀엽다, 단추, 예상, 소매, 크게, 크다, 색감"
포인트 되는 부분들이 귀여워서 샀어요 자켓 느낌으로 입어도 예쁘고 남방 입은 것처럼 입어도 예뻐요,"남방, 포인트, 귀엽다, 부분, 자켓"
실측 엄청 크길래 사이즈 다운했습니다 사이즈 다운 해도 될 듯 다 좋은데 충격인 건 버전 나오고 나서야 드디어 배송이 옴,"다운, 드디어, 충격, 실측, 버전, 해도, 나서다, 사이즈, 나오다, 배송"
생각보다 색이 어둡습니다 네이비보다 거의 블랙처럼 보여 요 입을까 반품할까 고민하다가 입기로 했네요,"블랙, 반품, 어둡다, 고민, 보이다, 네이비"
디자인 정말 이 뻐요 에 키 초 사이즈인데 약간 오버하게 맞아요,"오버, 맞다, 디자인, 사이즈"
우선 가성비가 정말 좋아요 이 가격에 워크 자켓이라니 얇은 데 오히려 요즘 날씨에 반 팔에 입고 벗기 딱 좋습니다 색감이 어둡고 사이즈는 오버핏이라 커요,"이라니, 크다, 벗기다, 어둡다, 날씨, 가성비, 얇다, 색감, 가격, 오버핏"
저렴한 가격에 워크자켓을 살 수 있어서 좋네요 배송은 예약 배송이라 다소 느렸고 생각보다 꽤나 얇은 두께였지만 오히려 더워지고 있는 날씨에 지금 입기에 딱이에요,"배송, 두다, 예약, 느리다, 저렴하다, 날씨, 더워지다, 얇다, 딱이다, 가격"
워크자켓 대 유행으로 데일리 착용을 위해 구입해봤습니다 라퍼지스토어 역시 가성비 최고입니다 특히 앞 주머니 디테일 대박입니다,"대박, 위해, 유행, 해봤다, 스토어, 디테일, 데일리, 최고, 착용, 대다"
에 키로 기준 사이즈가 정 사이즈에서 약간 오버핏으로 잘 맞아요 제가 딱 원한 사이즈감이네요,"사이즈, 원한, 기준, 키로, 가다, 맞다, 오버핏"
완전 최고맘에 듭니다 주머니 상표 등 디테일이 너무 과하지 않고 적당히 절제되어 들어갔으나 아메카지 특유의 야상 자켓 느낌이 합쳐 저 코디 범용성이 넖을 것 같습니다 좋은 소재의 웰메이드 옷 저렴하게 만났네요 카키색도 정말이쁩니다,"카키색, 합치다, 범용, 들어가다, 특유, 메이드, 아메, 만나다, 상표, 절제"
딱 지금 시기에 입 기 좋은 두께에 요 사이즈는 엄청 크다는 후기 보고 구매했는데 두 약간 긴 편이네요 소매는 한번 접어서 입으니 딱입니다 원하는 핏입니다,"후기, 핏입니, 보고, 두께, 시기, 편이, 원하다, 접다, 소매, 딱이다"
이쁩니다 주머니도 많아서 용이 하고 목 부분 손목 부분 골지 패턴도 접었을 때 유니크해요,"부분, 유니크, 패턴, 많다, 용이, 골지, 손목, 접다, 주머니"
에스입으세영 여자분들 너무 이뻐용 박시핏에 기여워 재질도 진짜 너무 좋궁 여기 옷 마니잇는 데 살 때마다 품질이 죠아,"기여, 마다, 세영, 박시핏, 잇다, 말다, 에스, 분들, 품질, 여자"
너무 예뻐용 여자 박시핏으로 에스 가능 반 바지에 반팔에 입으면 너무 날씬해 보이고 조아용 이 거 사진은 안에 기 모맨투맨을 입아서 그런 거구 용 강,"날씬하다, 가능, 거구, 보이, 투맨, 박시핏, 그렇다, 에스, 여자, 바지"
배송빨리 오고 만족합니다 사진과 동일한 제품이네요,"빨리, 오다, 동일하다, 제품, 사진, 배송, 만족하다"
데일리룩으로 입 기 좋아요 착용 감도 편하고 핏도 예쁩니다 어느 옷에 든 다 잘 어울려서 마음에 듭니다,"데일리룩, 착용, 어울리다, 편하다"
남편이 평소 사이즈 입고 가슴이 발달된 체형인데 핏 여유롭게 맞네요 인터넷 쇼핑으로 성공 확률 프로 될까 말까 인데 이번엔 성공이에 요 아우터 너무 무거우면 안입게 되고 너무 가벼워도 없어 보이는데 무게 감 딱 적당해서 봄 가을 아우터로 아주 만족입니다 여행가서 저도 한 번씩 뺏어 입었는데 물론 크지만 보기 싫을 정도는 아니였네요 라퍼지스토어 아우터 두 번째 구매인데  이제 믿음이 가네요 가성비 좋은 브랜드인 것 같아요,"아우터, 성공, 뺏다, 체형, 프로, 여행가, 인터넷, 남편, 쇼핑, 믿음"
생각보다 두께감이 앏 고 사이즈가 컸지만 디자인 디테일 전부 만족합니다,"디테일, 두께감, 만족하다, 디자인, 크다, 사이즈"
정말 예쁜 자켓입니다 원단도 하고 아주 좋아요 어디에나 다 어울려 요 한 느낌입니다 치노 청바지에 다 굿이요,"치노, 청바지, 원단, 어울리다, 자켓"
바늘질 마감이 너무 안 좋아서 한 번 교환했지만 이것도 그다지 마음엔 들 진 않네요 다른 라퍼지 옷들에 비해서 바늘 질 마감 상당히 안 좋습니다 보세 옷 퀄리티보다 아주 살짝 좋은 정도네요 디자인 디테일 핏감 모두 마음에 들지만 마감이 다 말아 먹는 느낌의 옷입니다,"마감, 바늘, 퀄리, 그다지, 먹다, 티보, 핏감, 상당하다, 교환, 디테일"
사진으로 볼 땐 이 뻤는데 직접 받아보니 이게 무슨 옷인지 사실 좀 갸우뚱하게 됩니다 디자인도 그렇지만 핏 때문에 더 그런 것 같아 요 많이 커서 바로 세탁 건조기 코스로 좀 줄였는데 여전히 좀 부한 감이 있습니다 구매한 가격 대비 퀄리티는 괜찮아서 그 점은 만족합니다 더위가 일찍 찾아와서 요즘 입기는 힘들겠네요,"사실, 뻤는데, 찾아오다, 직접, 줄이다, 일찍, 여전하다, 퀄리티, 코스, 때문"
남친 선물로 구매했어요 옷 너무 예뻐요 잘 구매한 거 같아요,"남친, 선물"
딱 요즘 걸치기 좋네요 길이감이 좀 있구요 주머니 다섯 개 귀여워요 청바지랑 입어도 잘 어울리네요,"길이감, 다섯, 귀엽다, 청바지, 주머니, 어울리다, 걸치다"
제품 무난해서 여러 스타일의 코디에도 잘 매치될 거 같아서 좋아요,"매치, 여러, 코디, 제품, 스타일"
사이즈가 꽤 크게 나왔네요 소매가 조금 길고 기장은 많이 깁니다,"길다, 소매, 크게, 기장, 나오다, 사이즈"
합리적인 가격에 디자인 좋은 옷을 구매해서 좋아요,"합리, 가격, 디자인"
사이즈 상당히 해요 사이즈 하나 내려서 구매하시는 걸 추천 드려요,"내다, 상당하다, 드리다, 사이즈, 하나, 추천"
너무 좋아요 여자가 입어도 잘 어울리는 옷이예요 가을 준비해 놓으려 구요 그런데 왜 한쪽 주머이는 밑에 튿어져 있죠,"한쪽, 튿어져, 놓다, 준비, 구요, 여자, 어울리다, 가을"
가볍게 입 기 좋은 아우터입니다 사이즈는 크게 나왔어요,"아우터, 가볍다, 크게, 나오다, 사이즈"
인데도 불구하고 오버하게 잘 맞습니다 참고하면 좋을 듯함니다,"참고, 오버, 맞다"
제품 자체는 마음에 듭니다 다 만 비닐 포장에 떼 다 남은 스티커 자국과 라벨은 옷과 분리된 상태로 들어 있어 새 상품이 아닌 것 같은 느낌이 들더군 요 이런 부분 신경 써 주셨으면 합니다,"써다, 신경, 상태, 스티커, 비닐, 자국, 상품, 남다, 분리, 라벨"
에 키로 사이즈가 정말 딱입니다 부터는 너무 큽니다 강력 추천합니다,"강력, 부터는, 키로, 딱이다, 추천, 크다, 사이즈"
사길 잘한 것 같아 요 디자인이 예쁘고 핏도 예쁘네요,디자인
빠른 배송 너무 좋았습니다 옷은 사이즈 해서 루즈하게 입 기 좋네요,"루즈, 빠르다, 배송, 사이즈"
원하던 핏과 기장감입니다 간절기에 입으면 딱일 것 같고 멋스러운 워크 자켓이네요,"스러운, 기장감, 원하다, 딱이다, 간절기, 자켓, 크다"
다른 제품들은 세탁하고 나면 색상이 쉽게 빠지는 단점이 있던 반면에 여기 제품은 색상이 세탁하고 나서 빠 않아서 정말 좋네요 주변 지인들에게도 추천 많이 했는데 다들 좋아하네요,"세탁, 제품, 색상, 단점, 주변, 반면, 에게도, 빠지다, 지인, 쉬다"
편한 거 같아서 일 단 좋아요 편하게 입고 다닐 게요,편하다
한 사이즈 다운 추천합니다 많이 크지 않아서 좋아요,"다운, 추천, 크다, 사이즈"
스타일링 하기 너무 좋고 툭 걸치기만 해도 멋 납니다,"일링, 해도, 스타, 걸치다"
오버핏이라 크게 나오네요 평소 사이즈인데도 크네요,"크게, 나오다, 오버핏, 크다, 사이즈"
이뿝니다 이 뿌구여 이 뻐요 배송도 빠르고 실뭉이 더 이 부네요,"뿌구, 부다, 실뭉, 이뿌다, 빠르다, 배송"
디자인이 단조롭지 않으면서 너무 튀지도 않는 것이 정말 좋습니다 제 신체 사이즈에도 잘 맞구 요 좋은 옷 감사합니다,"튀다, 단조롭다, 신체, 맞다, 디자인, 사이즈"
생각보다 크긴 큽니다 작은 체격은 아닌데 사이즈도 살짝 오버핏이네요 소매는 접으면 딱 맞네요 가볍게 입 기 좋을 것 같습니다 이쁘네요 근데 군대군대 마감이 살짝 아쉽습니다,"군대, 크다, 체격, 작다, 아니다, 접다, 아쉽다, 마감, 소매, 가볍다"
간편하게 걸쳐 입기 좋을 거 같아 요 아직 입을 시기가 아니지만 미리 구매했어요 좋으면 나중에 린넨 버전도 구입 예정 입니다,"린넨, 간편하다, 나중, 미리, 버전, 예정, 시기, 아직, 아니다, 걸치다"
많이 커서 스몰로 주문했고 잘 맞습니다 민족합니다,"민족, 스몰, 주문, 커서, 맞다"
키에 전체 기장이 기나 폭 싸이는 편안한 느낌을 원해서 전 만족합니다,"싸이다, 전체, 편안하다, 원하다, 기장, 만족하다"
너무 마음에 들어 요 편해요 잘 구매 한 것 같아 요 또 구매 의사 있어요,"의사, 편하다"
배송이 빠르고 너무 좋아요 품은 좀 큰 편이에 요,"품다, 편이, 빠르다, 배송, 크다"
워크 자켓답게 살짝 원단에 힘이 있으며 활동하기에도 편하게 부드러움이 갖춰져 있습니다 감사합니다,"갖추다, 부드러움, 활동, 원단, 편하다, 크다"
첨부된 사진의 색감보다 더 진 한 남색입니다 워크 자켓답게 살짝 원단에 힘이 있으며 활동하기에도 편하게 부드러움이 갖춰져 있습니다 감사합니다,"남색, 첨부, 갖추다, 부드러움, 활동, 원단, 사진, 색감, 편하다, 크다"
색상도 이 쁘고 사이즈도 좋고 포장도 하고 만족합니다,"포장, 색상, 만족하다, 사이즈"
봄 가을에 입 기 좋아요 좀 크긴 큰데 오버핏으로 딱입니다,"크다, 딱이다, 가을, 오버핏"
할인해서 가을에 입을 거 미리 샀어요 생각보다 길이가 긴데 뭐 사진과 동일해요,"할인, 동일하다, 미리, 길이, 사진, 가을"
배송 너무 빠르고요 오버핏으로 편하게 입기 좋을 거 같아요,"빠르다, 배송, 편하다, 오버핏"
아직 입어 보진 않았지만 라퍼지스토오 옷은 뭐 이 쁘죠,"스토, 아직, 퍼지다"
워크자켓 사고 싶었는데 세일하면서 득 템했습니다 착용 감 좋고 가을에 걸쳐서 입기 딱 좋은 것 같아 요 프렌치한 느낌의 워크 자켓 찾으신다면 강 추드립니다 사이즈 오버한 느낌이라 안에 어느 정도 두께감 있는 옷을 입으면 딱 좋을 것 같아요,"자켓, 찾다, 신다, 크다, 사고, 프렌치, 드리다, 세일, 착용, 두께감"
봄 가을 초겨울 입기 좋은 워크자켓 가성비 좋고 오버핏이라 사이즈가 잘 맞네요,"초겨울, 가성비, 맞다, 가을, 오버핏, 자켓, 크다, 사이즈"
생각했던 무드로 클래식 하게 입 기 좋아요 합리적 가격에 좋은 품질 이네요,"클래식, 무드, 합리, 품질, 가격"
생각했던 무드로 클래식 하게 입 기 좋아요 합리적 가격에 좋은 품질 이네요,"클래식, 무드, 합리, 품질, 가격"
착용감도 좋고 핏 색감 다 만족입니다 최고입니다,"착용, 최고, 만족, 색감"
빠른 배송 너무 만족해요 실물도 만족하구 재구매 예정입니다,"만족하다, 재다, 실물, 예정, 빠르다, 배송"
사이즈 낮춰서 큼 두껍진 않음 세일해서 좋음,"낮추다, 세일, 두껍다, 크다, 사이즈"
적당하게 큰데 일단 사이즈는 다운 하시는 걸 추천합니다,"적당하다, 다운, 추천, 크다, 사이즈"
워크자켓 하나쯤은 가지고 가야 되지 않겠습니까,"가야, 가지, 하나, 자켓, 크다"
배송 빠르게 받았어요 재질 부드럽고 무난하고 질 좋아서 만족해요,"부드럽다, 받다, 재질, 빠르다, 배송, 만족하다"
오배송으로 문제도 있었지만 결국 잘 받아서 한동안 잘 입고 다녔습니다 그런데 끝단 쪽에 실밥이 너무 많이 풀려 있어서 하나 하나 잘라주고 손대줘야 했어요 사이즈는 예상했던 것보다도 더 큰 것 같습니다,"하나, 손대다, 끝단, 한동안, 자르다, 풀다, 문제, 실밥, 예상, 보다도"
여기저기 실밥이 보이는 것 빼고는 모두 만족합니다 사이즈는 생각한 것보다도 크고 양쪽 주머니 하단에 숨겨진 주머니까지 해서 이네요 간절기 입 기 좋을 것 같아 요,"주머니, 하단, 숨기다, 양쪽, 실밥, 여기저기, 보다도, 빼다, 보이다, 간절기"
너무 포멀하지 않게 편하게 걸치기 좋은 조금 두꺼운 셔켓 같은 느낌입니다,"멀다, 셔켓, 두껍다, 걸치다, 편하다"
편하게 걸치기 좋은 조금 두꺼운 셔켓 같은 느낌입니다,"셔켓, 두껍다, 걸치다, 편하다"
전 광택 없이 이렇게 생긴 게 좋더라구 요 만족합니다,"생기다, 광택, 이렇게, 만족하다"
생각보다 두꺼워요 가볍게 입을 아우터로 괜찮아요,"아우터, 두껍다, 가볍다"
옷 핏도 깔끔하거 좋습니다 좋은 가격에 사서 득해서 좋습니다,"사서, 깔끔하다, 가격"
커플로 입으려고 하나 더 샀어요 커플로 입으니 더 이쁨,"커플, 하나"
여름 빼고는 잘 입을 수잇을 듯 옷 이 쁘고 핏도 이 뻐요,"잇다, 빼다, 여름"
키 여자에게 이 정도 기장으로 떨어지구 요 초가을에 반 바지랑 코디하면 너무 이쁠거 같아 요 추천합니다,"초가을, 떨어지다, 여자, 바지, 코디, 기장, 추천"
네이비 색 구매 후 스타일이 좋아서 베이지색 추가 구입합니다,"베이지색, 추가, 네이비, 스타일"
세일 기간에 구매해서 저렴하게 잘 구입했습니다 색감은 화면으로 본 거랑 같습니다,"기간, 세일, 저렴하다, 화면, 색감"
가격 대비 실물이 좋은 옷 다른 색상도 구매 의사 있음,"의사, 실물, 대비, 가격, 색상"
잘 받았습니다 감사합니다 잘 받았습니다 감사합니다 잘 받았습니다 감사합니다 잘 받았습니다 감사합니다,받다
배송도 정말 빠르구 요 옷도 정말 이쁩니다 추천이여,"이여, 빠르다, 추천, 배송"
기장이 길어서 더 스타일 있어 보입니다 카라 밑이랑 소매 부분에 코듀로이 재질이어서 더 개성 있네 여 사이즈는 한 치수 다운하시면 될 듯 여 저는 에 입니다,"개성, 카라, 코듀, 로이, 치수, 보이다, 다운, 부분, 소매, 재질"
사이즈 한 치수에서 두치 수는 크게 사야 합니당 이쁘니다 배송도 빨라요오 잘 입을께요 오,"치수, 크게, 빠르다, 배송, 사이즈"
이건 보자마자 사야 된다며 네이비 카키 동시 구매한 제품 생각대로 스타일 좋음 추천,"카키, 이건, 대로, 동시, 네이비, 제품, 스타일, 추천"
기장감이 일단 마음에 들고요 마감 부분도 만족해요 봄 가을에 가볍게 걸치기 좋을 거 같아 요 만족스러워요,"만족스럽다, 기장감, 부분, 마감, 가볍다, 걸치다, 가을, 만족하다"
간절기에 편하게 입으려고 샀는데 너무 마음에 들어 요 다른 색상도 구매하려고요,"색상, 간절기, 편하다"
색상도 재질도 마음에 들어 요 그렇게 무겁지도 않아서 자주 손이 가네요,"그렇게, 무겁다, 가다, 재질, 색상"
사이즈가 해서 너무 편해요 간절기에 주구장 창 입었습니다,"구장, 간절기, 편하다, 사이즈"
한 치수 작게 시켜도 저한테는 오버핏이네요 소매 부분 걷어서 입으면 이 쁠 것 같아요,"치수, 걷다, 작다, 부분, 소매, 오버핏"
반팔티에 툭 걸치기 좋아요 생각보다 원단에 힘은 없습니다,"원단, 걸치다"
생각했던 그대로의 색감이어서 만족합니다 편하게 입을 수 있네요,"그대로, 색감, 만족하다, 편하다"
라퍼지스토어 옷은 다 하지 않고 개성 있으면서 핏도 예뻐서 자꾸 구매하게 됩니다,"개성, 스토어, 퍼지다"
사이즈가 더 컷으면 그런데 사이즈가 딱 맞네요 이쁩니다,"컷으, 사이즈, 맞다"
질감도 너무 좋구 하나 더 구입해야겠어요 입어보니 핏도 너무 이쁘네요 잘 입을 게요,"질감, 입어보다, 하나"
색상이랑 소재는 좋은데 약간 주머니는 약한 것 같아요,"약하다, 소재, 주머니, 색상"
실제보다 사진이 밝게 나왔는데 디자인이며 핏이 좋아요 마감이 살짝 아 쉽긴 해요,"밝다, 실제, 쉬다, 마감, 사진, 나오다, 디자인"
제품질이 기대했던 것보다 훨씬 뛰어나고 만족스러워요,"기대하다, 뛰어나다, 만족스럽다, 품질"
초봄 초가을에 입 기 좋아요 최근에 날씨가 일교차 컸는데 잘 입었어요,"최근, 초봄, 교차, 초가을, 날씨, 크다"
일단 디자인은 너무 마음에 듭니다 어디든 소화가 잘될 꺼 같은 느낌이랄까요 무튼 너무 마음에 드는 아이템입니다 추천합니다,"끄다, 소화, 틀다, 아이템, 추천, 디자인"
옷도착 후 입어보고 완전 만족 쥬말에 입고 나가야지 했는데 사고로 입원 중,"입원, 쥬말, 나가야, 도착, 사고, 입어보다, 만족"
정말 예쁜 자켓입니다 원단도 하고 아주 좋아요 어디에나 다 어울려 요 한 느낌입니다,"원단, 어울리다, 자켓"
정말 예쁜 자켓입니다 원단도 하고 아주 좋아요 어디에나 다 어울려요,"원단, 어울리다, 자켓"
박음질이 하고 옷 재질이 좋아요 간절기에 입기도 좋고 스 펙 확인하여 구매해주세요 만족합니다 가성비가 좋은 것 같아 요,"박음질, 확인, 해주다, 가성비, 재질, 간절기, 만족하다"
보통 사이즈 즐겨 입습니다 옷이 많이 크게 나와서 사이즈 입어도 이 쁘게 잘 맞네요 너무 오버한 거 싫어 하시는 분은 사이즈 다운 하시면 어떤 핏의 바지와 입어도 이 쁘게 맞을 듯 해요,"사이즈, 맞다, 즐기다, 보통, 싫다, 어떻다, 다운, 오버, 바지, 크게"
와이드보다는 반 바지나 슬림 핏이랑 입어야 예쁠 듯합니다 래도 좋마하는 스타일이가 아주 만에 들어용,"슬림, 마하, 만에, 래도, 와이드, 바지, 스타일"
소재가 하고 좋아요 사 계절 어떻게 레이어드하냐 따라 잘 입을 듯,"따르다, 계절, 레이어드, 어떻다, 소재"
사이즈 배송 디자인 모두 마음에 들어 요 번성 하세요,"번성, 배송, 디자인, 사이즈"
간절기 때 입 기 딱 좋은 얇기 고 핏도 오버핏으로 딱 좋아요 셔츠 자켓 느낌나네요,"셔츠, 느끼다, 얇다, 간절기, 오버핏, 자켓"
색상 디자인 화면이랑 똑같아 요 아무 옷에 다 어울려요,"똑같다, 화면, 색상, 어울리다, 디자인"
옷 이쁩니다 편하게 어디나 걸치기 좋아요 만족스럽네요,"만족스럽다, 걸치다, 편하다"
가격 대비 만족합니다 한 재질이고 가을에 입 기 좋을 것 같아유,"아유, 대비, 재질, 가격, 가을, 만족하다"
데일리룩으로 입 기 좋아요 사이즈가 조금 크지만 만족합니다,"데일리룩, 만족하다, 크다, 사이즈"
뭔가 평범하면서도 깔끔하게 챙겨입은 느낌의 옷이라 좋습니다,"챙기다, 평범하다, 깔끔하다"
한 달 동안 잘 입고 다녔어요 엉덩이 가려줘서,"엉덩이, 가다"
좋습니다 다음에도 추가 구매하고 싶어요 굿입니다,추가
봄에 입 기 딱 좋아요 셔츠보다 조금 두꺼우며 예쁘네요,"셔츠, 두껍다"
색감이랑 핏이 예뻐요 봄 가을에 입 기 좋은 두께감이라 지금은 조금 아쉽지만 소장하기 좋아요,"소장, 두께감, 아쉽다, 색감, 가을"
핏이 예뻐요 아직까진 저녁에 입을 정도로 괜찮은데 더 더워지면 힘들겠네요 봄 가을 입기 예뻐요,"까진, 힘들다, 저녁, 아직, 더워지다, 가을"
핏이 이 뻐요 오버핏으로 봄 가을 입기 좋아요 잘 입을 게요,"가을, 오버핏"
이렇게 자주 입게 될지 몰랐는데 안에 깔끔한 이너 하나 입고 코튼 팬츠나 청바지 여러 바지랑 매치하기 편해서 손이 갑니다,"모르다, 코튼, 이너, 이렇게, 팬츠, 매치, 청바지, 여러, 깔끔하다, 가다"
정말 너무 이 뻐요 가볍게 걸치기 좋고 사이즈도 해요,"가볍다, 걸치다, 사이즈"
엄청 커요 색도 화면보단 조금 밝아요 박시하게 입을 게요,"색도, 박다, 밝다, 보단, 화면, 크다"
정도의 많이 마른 여성에게 선물했는데 오버핏으로 이쁘게 잘 맞더군요,"마르다, 선물, 여성, 맞다, 오버핏"
롱 원피스에 툭 걸치거나 숏팬츠에 입어도 잘 어울리네요,"숏팬츠, 원피스, 어울리다, 걸치다"
기장이 긴 편인 워크자켓인데 오히려 살짝 트렌치 코트 느낌도 나 고 좋네요 군 기 없이 심플해서 더 맘에 들고 옷깃을 세우거나 소매를 걷었을 때 안감으로 코듀로이 처리되어 있어 멋스럽기까지 하네요 이 가격에 대 만족이에요,"세우다, 심플, 안감, 옷깃, 처리, 트렌치, 걷다, 로이, 코듀, 코트"
가성비로 좋네요 핏도 이쁩니다 여러 색상으로 더 나왔음 좋겠네요,"여러, 가성비, 나오다, 색상"
조금 두께감이 있어서 간절기에 입어야 할 거 같아 요 배송이 늦어서 몇 번 못 입었지만 색상이나 핏이나 옷 자체는 너무 이 쁘고 좋습니다,"늦다, 자체, 두께감, 색상, 배송, 간절기"
간절기 외투 휘뚜루 마 뚜루 아주아주 잘 입고 있습니다 감사합니담,"휘뚜루, 뚜루, 아주아주, 외투, 간절기"
스타일 맘에 드는 데 커도 너무 큽니 다 그래도 예뻐서 오버핏인 거 감안하고 입어요,"감안, 크다, 스타일, 오버핏"
요즘 같은 간절기에 겉옷 하나 필요할 때 막 입 기 좋아요,"겉옷, 필요하다, 하나, 간절기"
사이즈 하고 흔하지 않은 컬러와 디자인이라 툭 걸치면 스타일이 확 사는 느낌,"컬러, 흔하다, 살다, 스타일, 걸치다, 디자인, 사이즈"
사이즈도 좋고 디자인도 맘에 들어 요월까진 입 을 수 있을 거 같아요,"까진, 디자인, 사이즈"
여름까지 쭈욱 입기 편한 자켓 아주 맘에 들어 요 다른 색도 하나더,"쭈욱, 색도, 여름, 하나, 편하다, 자켓"
스타일도 좋고 이쁘네요 편하고 어디든 잘 어울리는 거 같아 요 마음에 쏙 듭니다,"스타일, 어울리다, 편하다"
너무 이쁘네요 편안하고 어 디든 어울리네 요 자주 손이 갈 거 같아 요 스타일도 좋습니다,"갈다, 편안하다, 스타일, 어울리다"
굉장히 캐쥬얼하고 좋급니 다 해서 재질도 만족합니다 잘 입겠습니다,"쥬얼, 굉장하다, 재질, 만족하다"
굉장히 캐쥬얼하고 좋급니 다 해서 재질도 만족합니다 이거 좋습니다,"쥬얼, 굉장하다, 재질, 만족하다"
굉장히 캐쥬얼하고 좋급니 다 해서 재질도 만족합니다,"쥬얼, 굉장하다, 재질, 만족하다"
딱 기 본 느낌의 자켓이여서 잘 활용해서 입고 있습니다,"활용, 자켓"
사진상으로 보는 거와 실제로 보는 거랑 차이가 없습니다,"차이, 실제, 사진"
사이즈가 생각보다 커서 사이즈도 합니다 디자인도 마음에 듭니다,"사이즈, 커서, 디자인"
기본에 충실한 워크자켓 이네요 카라 뒤 소매 끝 코듀로이 포인트도 맘에 드네요 키 작은 여성분에겐 어 마어마한 오버핏이 됩니다,"충실하다, 에겐, 어마, 기본, 포인트, 카라, 코듀, 로이, 여성, 작다"
사이즈가 많이 힌 편이라 평소 남자 입으시는 분은 로가 도 충분히 여유 있게 맞을 것 같네요 군 기 없는 디자인이 마음에 들고 한 여름 한겨울 빼고는 잘 입을 수 있을 듯해요,"한겨울, 충분하다, 남자, 빼다, 여유, 편이, 여름, 맞다, 디자인, 사이즈"
가지 제품 다 산 고객에게는 쿠폰이라도 추가 증정해 주면 좋겠네요 제 스타일이라 가지 모두 구입했습니다,"가지, 고객, 증정, 이라도, 쿠폰, 에게는, 주다, 추가, 제품, 스타일"
생각한 핏으로 떨어져 너무 이뿌네요 색감도 좋아서 애용 중입니다,"애용, 이뿌다, 떨어지다, 색감"
진짜 코디하기도 쉽고 핏도 이 뻐요 반 팔에 이거 하나 입으면 끝,"기도, 쉬다, 코디, 하나"
살짝 두께감이 있어서 한 여름에 입기는 어렵지는 간절기에 좋은 두께입니다 살짝 오버핏이에요,"어렵다, 두께, 여름, 두께감, 간절기, 오버핏"
색감은 화면하고 비슷함 가격도 합리적이였다 디자인도 이 쁘지만 사이즈가 좀 큼,"적다, 합리, 화면, 색감, 가격, 디자인, 크다, 사이즈"
월 일 제품시켰고 월 일 발송 완료되었네요 지금 입기에는 살짝 더 운감이 있는데 아침이랑 밤에는 괜찮을 것 같아 요 색상은 사진상 약간 까맣게 나왔는데 네이비 색에 더 가까워 요 기장은 애매하게 긴 느낌 팔은 한 단 접으니 딱 떨어져요 입기엔 작을 것 같고 입기엔 약간 큰 느낌 하네요,"완료, 운감, 까맣다, 발송, 애매하다, 가깝다, 떨어지다, 아침, 되어다, 네이비"
디자인은 넘이쁘다 그러나 흠 생각보다 두껍 다 간절기에 입는 게 좋을 꺼 같다 올해는 몇 번 못 입어서 아쉽다,"끄다, 아쉽다, 두껍다, 간절기, 디자인"
요즘 시기에 입기는 다소 두툼하고 무게감이 있습니다 자켓과 코트 사이 정도 느낌으로 기장이 기네요,"기네, 두툼, 무게, 코트, 시기, 기장, 자켓"
진짜 잘 산 거 같아 요 지금 봄 코디 하기 딱 좋습니다,코디
배송도 빠르고 설명이랑 다른 게 없어서 편하게 입을 게요,"설명, 빠르다, 배송, 편하다"
생각보다 사이즈가 커서 했어도 괜찮을 거 같아 요 색감도 예쁘고 해서 가을에 더 좋을 거 같고 여자인 제가 입어도 박시하게 예뻐요,"박다, 여자, 커서, 색감, 가을, 사이즈"
사이즈 살짝 여유 있고 원단도 마음에 들어 요 추천해요,"여유, 원단, 추천, 사이즈"
약간 오버한 느낌인데 색감도 이 쁘고 팔 접어 입어도 이쁩니다,"오버, 접다, 색감"
두께가 얇아서 봄 가을 입기 좋을 거 같고 마감도 깔끔하고 잘 만들어진 자켓입니다,"만들어지다, 두께, 깔끔하다, 마감, 얇다, 가을, 자켓"
옷이 오버핏 사이즈로 한 치 수 작게 주문했습키다 옷이 얇아서 요즘 날씨에 아침 저녁으로 입 기 좋아요,"키다, 저녁, 아침, 작다, 주문, 날씨, 얇다, 오버핏, 사이즈"
치고는 사이즈가 큰 편인 것 같아 요 저는 알고 맞춰서 주문했는데 약각 오버핏을 생각하더라도 다른 옷의 이상의 사이즈 일 듯 저는 대 만족,"치고는, 맞추다, 사이즈, 주문, 대다, 만족, 오버핏, 크다"
요즘 이 옷만 입고 다녀 요 낮에는 더워서 속에 반 팔 입고 외투로 입는데 재질도 좋고 핏도 너무 좋아요 워커 자켓 좋아하는데 길이도 살짝 길어서 더 편하게 입을 수 있어요,"워커, 덥다, 외투, 길이, 좋아하다, 재질, 편하다, 자켓"
맘에 듭니다 길이가 살짝 길어서 더 편하게 입을 수 있네요 요즘 날씨에 딱입니다 네이비 자켓 갖고 싶었는데 득템했네요,"갖다, 득템, 길이, 네이비, 날씨, 딱이다, 편하다, 자켓"
여기저기 걸칠 수 있게 색상도 무난하게 좋습니다 간절기 입 기 딱 좋습니다,"여기저기, 색상, 걸치다, 간절기"
이 뻐요 너무 잘 입고 있습니다 이제 날씨가 더워져서 아쉽네요,"날씨, 아쉽다, 더워지다"
너무 맘에 듭니다 잘 산 거 같아 요 다른 색상도 궁금하네요,"궁금하다, 색상"
사이즈 구매했구요 세미오버핏으로 딱 좋습니다 기장감이 좀 긴 느낌은 있네요,"세미, 기장감, 오버핏, 사이즈"
약간 간절기용으로 구매를 했는데 생각 외로 용도가 다양할 것 같아서 자주 입을 것 같습니다,"기용, 용도, 외로, 간절, 다양하다"
상세 페이지 제품 사진과 똑같아 요 색감도 같구 요 일단 구매평을 하나 하나 잘 살펴보고 골라본 건데 다른 분들 평도 다 좋았어요 요즘 아주 잘 쓰고 있는 아이템입니다 마음에 쏙 들어 요 유용하게 잘 쓸게요 택배도 빠르게 왔고 제품도 마음에 들어서 지인들에게도 추천하려고 하는 브랜드 아이템입니다 여러 가지 제품들 보면서 비교해봤는데 여기께 여러모로 제일 괜찮더라고요,"제품, 아이템, 여러, 하나, 페이지, 유용하다, 고르다, 비교, 쓸다, 모로"
오버핏으로 산 건데 생각보다 커서 한 사이즈 다운시켜도 좋을 것 같아요,"건데, 다운, 커서, 오버핏, 사이즈"
평소 사이즈로 크게 편하게 입는 거 좋아하는데 이 옷 진짜 너무 커서 사이즈 입으니까 하게 잘 맞아요 얇아서 환절기에 입 기 좋을 것 같네요,"환절기, 사이즈, 좋아하다, 커서, 얇다, 크게, 맞다, 편하다"
생각보다 큽니다만 예쁩니다 검은색인가 싶다가도 짙은 네이비라 좋구요,"짙다, 인가, 검은색, 네이비, 크다"
봄 가을에 입 기 아주 좋습니다 댄디한 느낌과 케 주얼한 느낌이 동시에 있어서 어떻게 입도 이 쁘네요 구매 후회 없이 잘 입을 수 있을 것 같습니아,"주얼, 니아, 후회, 쁘네, 입도, 동시, 어떻다, 대다, 가을"
옷이 좀 크게 나와서 교환하는 번거로움이 있었지만 옷은 정말 이쁘네요 잘 입어 질거 같아요,"번거롭다, 교환, 크게, 나오다"
옷이 좀 크게 나왔네요 아주 맘에 들요 되게 잘 입어질 듯 합니다,"크게, 나오다"
남자친구가 체격이 있는 편이라 으로 구매했는데도 하고 기장도 길어요 색은 화면과 같구요 날이 좀 더워져서 가을에 다시 꺼내 입을 것 같습니다,"남자친구, 꺼내다, 체격, 편이, 화면, 더워지다, 기장, 가을"
생각보다 커요 인데도 제 신체 스펙으론 오버핏이네요 너무 금방 더워져서 얼마 못 입을 거 같아 요 더 더워지기 전까지 많이 입어야겠네요,"더워지다, 으론, 스펙, 금방, 신체, 오버핏, 크다"
생각보다 커요 인데도 제 신체 스펙으론 오버핏이네요 너무 금방 더워져서 얼마 못 입을 거 같아 요 더 더워지기 전까지 많이 입어야겠네요,"더워지다, 으론, 스펙, 금방, 신체, 오버핏, 크다"
아주 좋네요 잘 입고 다니고 있습니다 감사합니다,
예쁩니다 날이 더워져서 지금 입기는 힘들지만 그래도 괜찮아요,"힘들다, 더워지다"
생각보다 오버핏이네요 아무래도 기장에 맞춰 구매하는 게 나을 듯합니다 모델처럼 루즈하게 입는 게 좋을 거 같아요,"모델, 아무래도, 맞추다, 루즈, 기장, 오버핏"
덩치가 좀 있는 편인데도 사이즈가 해서 잘 입고 있습니다,"치가, 펴다, 사이즈"
첨에 미듐 샀다가 반품하고 스몰로 했는데 아주 딱입니다,"미듐, 스몰, 반품, 딱이다"
원하던 스타일이었습니다 크기는 많이 커서 신체에 사이즈도 루즈 합니다 사이즈가 정 일 듯 한데 루즈하게 입으려고 하니까 괜찮았습니다 총 기장은 제 신체 사이즈 수준 엉덩이까지 내려오고 팔 기장은 원래 접어 입는 듯 디자인이 나와서 사이즈도 괜찮습니다,"루즈, 사이즈, 신체, 기장, 수준, 내려오다, 크기, 엉덩이, 원하다, 접다"
색감도 그렇고 다섯 개의 포켓도 아주 마음에 듭니다 할인된 가격으로 잘 산 것 같습니다,"할인, 포켓, 다섯, 그렇다, 가격, 색감"
너무 조아용 여자 에스 입으세욘 이 뻐용 박시한 오버핏으로 입어용 이 뻐용,"뻐용, 시한, 에스, 여자, 오버핏"
너무나 핏이 이 뿌네요 가격 대비 정말 최고의 자켓입니다,"뿌네, 너무나, 대비, 최고, 가격, 자켓"
가성비 워크자켓으로는 이것 만한 거 없겠어요 잘 입겠습니다,"으로는, 가성비, 자켓, 크다"
아무 대나 툭 걸쳐도 잘 어울려서 손 많이 가는 아이템입니다 요즘 간절기라 이 거만 입고 다녀 요 회람들이 칭찬해 준 옷 배송도 빠르고 재질이 너무 좋아요,"칭찬, 회람, 거만, 아이템, 대다, 가다, 재질, 빠르다, 어울리다, 걸치다"
엉덩이를 어느 정도 덮는 기 장감이고 아래가 터진 주머니 디테일이 재밌네요 그 덕에 주 모니에 손을 넣어도 안이 쁘게 우글거리는 게 덜 한 것 같아 요 목 부분이나 몸통 주머니 부분에는 천이 보강되어 있어서 형태 유지에 도움이 될 듯하네요,"부분, 주머니, 재밌다, 안이, 도움, 넣다, 터지다, 보강, 유지, 거리"
생각보다 너무 괜찮았어요 감사합니 당 잘 입을께 여 그냥 옷이 이 뻐요,
색상 생각보다 너무 괜찮았어요 감사합니 당 잘 입을께여,색상
사이즈 고민에 사이즈를 선택했는데 어 지간하면 사이즈가 성인 남성한 테 어 울릴 것 같아 요 키 쯤에 로 아래론 사이즈가 적당할 것 같슴다,"사이즈, 성인, 남성, 같슴다, 선택, 아래, 울리다, 고민, 적당하다"
좋은 제품 저렴하게 잘 샀습니다 재젤도 좋고 디자인도 좋습니다 추천합니다,"재젤, 저렴하다, 제품, 추천, 디자인"
약간 가벼운 소재에 얇습니다 마감이 조금 아쉬워요,"소재, 아쉽다, 마감, 얇다, 가볍다"
생각 했던 것 보다 사이즈가 오버핏으로 나오는데 입기 좋습니다,"나오다, 오버핏, 사이즈"
사이즈는 오버핏이라 굉장히 여유 있어요 무난해서 여러 스타일의 코디에 두루두루 어 울릴 것 같아 맘에 드네요,"울리다, 여유, 굉장하다, 여러, 코디, 스타일, 오버핏, 사이즈"
배송은 느렸지만 택배사 문제인 듯 받고 나서 만족 했습니다 너무 이 쁘고 치노 팬츠반바지 다 잘 어울리네요,"반바지, 치노, 느리다, 택배, 문제, 팬츠, 나서다, 받다, 만족, 어울리다"
디자인 이 쁘고 간절기에 입 기 좋습니다 약간 오버하게 잘 맞아요,"오버, 맞다, 간절기, 디자인"
간절기 가볍게 걸치고 활용도 높은 아우터가 필요했는데 다양한 스타일링에 좋네요,"높다, 치고, 활용, 일링, 스타, 다양하다, 필요하다, 아우터, 가볍다, 간절기"
디자인이 어디에나 잘 어울리는 디자인이라 입 기 편해요,"디자인, 어울리다, 편하다"
라퍼지를 자주 이용합니다 사이즈 보고 판단해서 구매했는데 생각보다 너무 크네요 이번엔 아쉽게도 실패,"판단, 이용, 실패, 보고, 퍼지다, 아쉽다, 크다, 사이즈"
윈드자켓 입어보고 마음에 들어서 프렌치까지 주문했습니다 마감이 해서 참 마음에 들더라고요 사업 번창학세요,"학세, 윈드, 번창, 차다, 사업, 들어서다, 프렌치, 입어보다, 주문, 마감"
생각보다 기장이 더 길어서 처음엔 어색한 느낌이었는데 하게 입으면 될 거 같아 요,"처음, 어색하다, 느끼다, 기장"
아직 간절기라 입고 다니기 딱이네요 평소 너무 멋낸 거 보다는 워크 자켓이 딱 슬랙스에도 청바지에도면바지에도 모두 잘 어울려서 데일리로 입고 다니다가 더우면 훅 벗어서 던져놓기 좋습니다,"도면, 던지다, 슬랙스, 벗다, 덥다, 내다, 데일리, 청바지, 아직, 바지"
올해 봄자켓 하나 장만 하려고 벼르고 있었는데 선택 잘한 것 같아요,"장만, 벼르, 선택, 하나, 자켓"
프렌치 자켓 필요했는데 디자인도 깔끔하고 걸쳐 입기 좋네요,"필요하다, 프렌치, 깔끔하다, 걸치다, 디자인, 자켓"
디자인이 깔끔하고 모던하여 매치 하기 좋아요 데일리로 자주 입게 되고 요즘 처럼 아침 저녁으로 할 때 너무 좋네요,"모던, 데일리, 저녁, 아침, 매치, 깔끔하다, 디자인"
옷이 오버핏입니다 두껍지 않고 간절기 용 얇아요 잘 입을 게요,"두껍다, 얇다, 간절기, 오버핏"
