Review,keyword
일단 배송 빨리 해주셔서 감사드려 요 아이보리 넘나 맘에 들어서 블래도 구매했네요 날 풀리면 잘 입어질 거 같아요,"블래, 감사, 아이보리, 해주다, 드리다, 풀리다, 들어서다, 빨리, 배송"
와 진짜 핏이 너무 좋아서 사진만 분 찍었어요 학생이라 다소 부담스러운 가격이었는데 정말 만족합니다 마뗑킴 사랑해요 이쁜 옷 많이 내주세요,"내주다, 찍다, 학생, 부담스럽다, 사랑, 사진, 만족하다, 가격, 마뗑킴, 오다"
남자가 입기에는 작이 서 레이어드해서 입어야 돼요 근데 코디만 잘 하면 너 무너무 이 뻐요 비닐 같으면서도 싸구려 바스락거리는 비닐도 아닌 게 묘하게 매력 있어요 솔직히 가격만큼의 퀄리티는 아닌데 마뗑 킴 로고 감성과 핏이 트랜드를 잘 아는 거 같아 요 지퍼가 잘 안 되는데 잘 푸는 요령만 터득하면 잘 되요 샀는데 딱 날씨가 풀려서 기분이 좋아요 결론은 대 만족,"아니다, 비닐, 터득, 푸다, 만큼의, 트랜드, 솔직하다, 결론, 요령, 풀다"
예쁜데 냄새가 너무 심해서 놀랬어요 유행 지나서 살까 말까 했는데 예뻐요 컬리티는 그냥 그래요 따뜻해지면 더 예쁠듯,"놀래다, 컬리, 유행, 지나다, 심하다, 따뜻하다, 말다, 그렇다, 살다, 냄새"
생각보다 두께랑 사이즈 해서 놀랏 네 여 자주입을 거 같아요,"주입, 놀랏, 두께, 사이즈"
예뻐요 감사합니다 시큼한 냄새가 나긴 해 여 입고되서 바로 삿습미다,"삿습미, 시큼하다, 서다, 냄새"
와이프 선물로 사 줬어요 후기는 제가 쓰네요 남녀 공용이라 다 잘 어울리는 것 같아요,"쓰다, 와이프, 후기, 주다, 공용, 남녀, 어울리다, 선물"
요새 마며 들어서 마뗑킴에 스며 들어서 마뗑 킴 코팅 점퍼도 구매했오용 겉으로 보면 레더 점퍼처럼 보이는데 유광 느낌의 얇은 바스락 점퍼 입미 다 얇아서 오히려 가볍고 힙하고 편해 용 번창하세용,"점퍼, 들어서다, 얇다, 스미다, 밉다, 번창, 레더, 보이다, 코팅, 유광"
남자가 입어도 충분한 사이즈네요 할인받아서 저렴하게 잘 구매했네요,"충분하다, 할인, 저렴하다, 남자, 받다, 사이즈"
일단 빠른 배송 감사드려 요 생각보다 빨리 왔더라구 요 아이보리 입고 만족스러워서 블랙도 주문했네요 날 풀리면 잘 입어질 거 같아요,"감사, 아이보리, 드리다, 주문, 풀리다, 만족스럽다, 블랙, 빨리, 오다, 빠르다"
공용 사이즈라 너무 클까봐 고민 소재가 비닐 스러울까봐 한참 망설이 다가 디자인이 너무 마음에 들어 결국 구해했는데 실물 받아보고 역시 마뗑 킴 너무 예쁘네요 요즘은 오버핏으로 입잖아요 너무 과하지 않고 저한테는 잘 맞네요 마흔 넘은 아주 미 한테도 잘 어울리는 것 같아요,"마흔, 구해, 밉다, 한참, 망설이다, 다가, 공용, 보고, 실물, 어울리다"
정말 잘 입은 점퍼입니다 너무 잘 입엇어요 근데 같은 옷 명이 함께 입고 여행 왔어요 요즘 국민 템인 듯합니다 그래도 이 뻐요,"국민, 입엇어, 여행, 점퍼, 오다"
봄되면 오래 걸릴까봐 월되기 전에 구매했어요 요즘 진짜 잘 입고 체크 셔츠랑 레이어드해주면 진짜 예쁨 스트링조 여도 예쁘고 클로징해도 오픈해도 반만 오픈해도 예쁨 요즘 교복처럼 입고 다니는데 개인적으로는 반 바지에 무심한 듯 입어주는 게 진짜 예쁩니댜 진짜 잘 산템 일단 간지 남,"오픈, 체크, 스트링조, 무심하다, 여도, 으로는, 셔츠, 산템, 개인, 바지"
요즘 대세답게 힙하고 이 뻐요 오버핏이고 크기는 한데 스트링이 있어서 사이즈 조절이 가능해서 마음에 들어 요 가볍고 편해 요 뒤에 마뗑킴로고가 별 거 아닌 거 같은데 너무 이 뻐요,"마뗑킴로고, 크기, 대다, 조절, 가능하다, 스트링, 아니다, 가볍다, 편하다, 오버핏"
재질이 글로시한데 너무 번 뜩이 지도 않은 적당히 글로시한 느낌,"시한, 적당하다, 재질"
마뗑킴은 역시 마뗑킴만의 갬성이 느껴진다 여자친구와 함께 커플로 입으려고 블랙과 네이비를 구매했는데 둘 다 내가 가지고 싶은 충동이 올라올 정도였다 하지만 사랑이란 무엇인가 가장 아끼는 것을 내어주는 마음 아니던가 마뗑킴 앞에 촛불처럼 흔들리던 마음을 다 잡고 그녀에게 네이비를 선물했다 난 전혀 슬프지 않다 진짜 다 네이비 네이비 네이비가 아른거리는 이 밤,"네이비, 마뗑킴, 촛불, 흔들리다, 느껴지다, 아끼다, 잡고, 아른거리다, 동이, 전혀"
뒷모습이 이 쁜 마뗑 킴 소재도 광택이 나니 더 스타일 사네요 가을에 입으려고 미리 구매해 뒀어요 밑에 스트링 쪼이는 게 더 이뻐요,"뒷모습, 나니, 미리, 쪼이다, 두다, 스타일, 마뗑, 광택, 스트링, 소재"
매장에서 입어보고 사려고 했더니 옷에 이상 있다고 판매를 못한다고 해서 집 와서 바로 구매함 이거는 보자마자 사야겠다 싶어서 샀는데 너무 맘에 들어서 계속 입고 다님 할 때 입기에 딱 좋음 여름에는 살 타기 싫어서 입기에는 좀 두꺼움 봄 가을에 입 기 좋을 듯,"싫다, 사려, 판매, 계속, 들어서다, 매장, 입어보다, 여름, 두껍다, 오다"
간절기 때 입 기 딱 좋아요 남녀 공용이라 커플룩으로도 강츄,"강츄, 커플룩, 으로도, 공용, 남녀, 간절기"
가볍게 입 기 좋아요 너무 예뻐요 매장에서 입어보고 샀는데 잘 샀어용,"매장, 입어보다, 가볍다"
제품의 품질이 좋아요 이 스타일이 처음 입 봤지만 좋아해요,"품질, 좋아하다, 처음, 스타일, 제품"
너무 너무 이 뻐요 꾸안 꾸 최고 아이템입니다 잘 입겠습니다,"꾸다, 아이템, 최고"
제 체격엔 큰 편이라 오히려 좋슴 다 편하게 입 기 좋아서 손이 자주 가 고 바막이라 가볍 구 이쁘구 머 이쁘구 이 뻐요,"좋슴, 바막, 체격, 편이, 가다, 가볍다, 편하다, 크다"
와이프 선물로 사줬는데 맘에 들어 하네요 처음에 시큼한 냄새 조금 나요,"시큼하다, 나요, 와이프, 사주다, 처음, 냄새, 선물"
엄청 이 쁘고 로고도 이 쁘고 반짝 바스락 간지 나 요 완전 이 뻐서 너무 맘에 들고 힙한 느낌 가득,"가득, 반짝, 간지, 로고, 바스락"
핏은 원하는 핏이예요 날씨가 따듯해야 입을 수 잇을 거가 타요,"핏이, 따다, 타요, 거가, 원하다, 잇다, 날씨"
가격대가 좀 있지만 디자인과 핏이 아주 예쁨 색상 디자인 모두 사진과 동일함 세탁망에 넣고 세탁하니 변형 없었음,"세탁, 디자인, 넣다, 대가, 변형, 동일하다, 사진, 색상, 가격"
소재가 이쁜 거 같아 요 특유의 짙은 블랙감이 깊이 있어서 좋구요 간절기에 가볍게 걸치고 다니면 힙하니 좋을 것 같습니다,"깊이, 짙다, 치고, 특유, 힙하, 블랙, 소재, 가볍다, 간절기"
키 때문에 팔이 좀 짧긴 한데 그런대로 또 잘 맞아요,"그런대로, 팔이, 때문, 짧다, 맞다"
사이즈 잘 맞고 핏 이 뻐요 길이도 적당하고 잘 입고 있습니다,"길이, 적당하다, 맞다, 사이즈"
제가 샀던 거 중에 가장 맘에 듭니다 살까 말까 고민했는데 사길 잘한 거 같습니다,"가장, 말다, 살다, 고민"
예브다기 엽고 휘뚤마뚤 막 입을 려고 샀어 여 잘 입을 게야,"다기, 휘뚤마뚤"
너무 너무 만족합니다 다른 컬러도 구매하고 싶어요 계절 모두 착용 가능할 것 같아서 더욱 만족합니다 저렴하게 구매해서 득템한 거 같아 기분 좋아요 힙하게 입을께요,"만족하다, 득템, 더욱, 컬러, 기분, 힙하, 계절, 착용, 가능하다, 저렴하다"
예뻐요 여름에도 가볍게 입을 수 있을 것 같아서 잘 산 것 같아요 너무 만족합니다,"여름, 가볍다, 만족하다"
사이즈 남자 기준 사이즈 까지 가능 스트링으로 품 조절하면 크롭도 가능 두께 봄 가을 용 아우터 정도 여름에 에어컨 때문에 추울 때 입 기 딱 괜찮음 재질 땀 복 재질 통풍 잘 안 될 거 같음 비 올 때 입으면 옷 다 달라붙는 느낌 먼지 아시죠 장마 때 입으면 그럴 거 같아 요 다른 마뗑 킴 제품은 재질만 보면 진짜 싼 마이인데 이건 싼 마이 느낌 안나네요 배송 일  걸린 듯 여기서 팍 식음 디자인 핏 사실상 핏 디자인이 굉장히 좋아요 나 그랑에 오버핏이라 여자는 여리 여리하게 입 기 좋고 남자는 스트링 조여서 세미크롭으로 다리 길어 보이게 입 기 가능,"가능, 마이, 싸다, 재질, 스트링, 남자, 디자인, 식음, 리하, 미크"
,nan
,nan
윗부분의 길이를 조절할 수 있기 때문에 키가 작으면 생각할 필요가 없어요,"필요, 때문, 조절, 길이, 부분, 작다"
짱 예뻐요 이 거 하나만 걸쳐도 쓰타일리쉬해서 꾸안 꾸 가능해서 너무 좋아요 키가 작아서 좀 많이 오버핏이지만 그것 저차 멋,"꾸다, 일리, 그것, 쓰다, 하나, 작다, 가능하다, 걸치다, 오버핏"
남자가 입기에는 작이 서 레이어드해서 입어야 돼요 근데 코디만 잘 하면 너 무너무 이 뻐요 비닐 같으면서도 싸구려 바스락거리는 비닐도 아닌 게 묘하게 매력 있어요 솔직히 가격만큼의 퀄리티는 아닌데 마뗑 킴 로고 감성과 핏이 트랜드를 잘 아는 거 같아 요 지퍼가 잘 안 되는데 잘 푸는 요령만 터득하면 잘 되요 샀는데 딱 날씨가 풀려서 기분이 좋아요 결론은 대 만족,"아니다, 비닐, 터득, 푸다, 만큼의, 트랜드, 솔직하다, 결론, 요령, 풀다"
오버핏 정석 힙하게 코디 가능 간절기 때 유용하게 데일리템으로 입고 다녀용 흰색 줄에 반한 너무 글로시 하지 않고 딱 좋아요 제품 썸네일샷이랑 동일함,"정석, 반한, 썸네일, 유용하다, 로시, 동일하다, 데일리, 가능, 흰색, 힙하"
예쁘고 얇아서 봄 잘 입을 수 있을 거 같아 요 사이즈도 하고 좋네요 처음엔 좀 약품 냄새가 나서 환기 잘 되는 곳에 말려놨어요 그리고 엄청 바스락 거려요,"환기, 말리다, 약품, 나서다, 거려, 처음, 냄새, 바스락, 얇다, 사이즈"
봄 교복으로 구매했어요 핏감도 좋고 이 뻐요정말,"핏감, 교복"
사이즈는 좀 오버핏 느낌입니다 살짝 유 광 느낌 이 뻐요 가을에 잘 입고 다니겟습니다,"가을, 오버핏, 사이즈"
날씨가 해져서 걸치기 좋습니다 예뻐요 추천해요,"추천, 걸치다, 날씨"
배송이 살짝 느리긴 한데 넘 너무 예쁨 가을에 잘 입을 듯,"느리다, 가을, 배송"
정말 직장에 있을 때 추우면 입고 다니고 좋음 살짝 물 튕기는 재질인데 그게 매력,"튕기, 직장, 추다, 매력, 재질"
블프 기획 전 때 구매해서 한 여름 동안 손에 꼽게 입었던 것 같아 요 그래도 입었을 때 느낀 점 좀 설명드릴게요 재질 처음 구매 전에 봤을 때 비닐 같아서 뭔가 내 구성이 약하려 나 생각했었는데 실제로 만져보면 비닐 보단 뭐랄까 반짝거리는 바람막이 옷감을 만지는 느낌이에요 의 외로 하고 통풍도 잘 되서 간절기에 이만한 포인트 템이 있을까 싶어요 사이즈 남자 기 준으로도 프리 사이즈가 오버핏 느낌 충분히 나더라구 요 스타일링 뒤에 로고 플레이도 좋고 반짝이는 겉 표면이 힙한 느낌 살리기 좋을 것 같아 요 가을 오면 바로 츄라이 해보려 합니다,"만지다, 비닐, 이만, 라이, 기획, 뭐라다, 반짝이다, 표면, 구성, 외로"
냄새가 좀 나긴 한데 이 뻐서 용서 됩니다 여자친구랑 커플로 입을 건데 좋아용,"용서, 커플, 건데, 여자친구, 냄새"
소재 자체가 약간 비닐 느낌이라 지금 입기에는 덥긴 하지만 핏이나 뒤에 가 너무 예뻐서 맘에 들게 입고 있어요,"자체, 덥다, 가다, 소재, 비닐"
사이즈 하니 좋네요 비닐소제인 듯한데 소리 안나고 고급져요 가을에 더 신나게 입을 려구요 잘 입을 게요,"제인, 신나다, 려구, 소리, 안나, 고급, 비닐, 가을, 사이즈"
배송도 빠르고 상품도 이 쁘고 괜찮습니다 추천 합니다,"추천, 상품, 빠르다, 배송"
옷 너무 이 뻐요 자주 입을 거 같아 요 친구들에게 추천합니다,"친구, 추천"
배송 빠르네요 옷걸이까지 포함되어 있어서 죠습니다,"포함, 습니, 되어다, 걸이, 빠르다, 배송"
마뗑킴 올가을에 입을 려고 빨리 구입함 비니 모자랑 찰똑 일 듯,"찰똑, 올가을, 모자, 비니, 빨리, 마뗑킴"
빠른 배송에 빠른 교환 처리 맘에 들어 요 세일 중에 구매 해서 가격도 맘에 들고 그런데 세일이 이 제 끝났네요,"세일, 빠르다, 끝나다, 처리, 교환, 가격, 배송"
세일해서 잘 구매했는데 자크가 불량으로 와서 다시 교환 그래도 빨리 처리 해주셔서 괜찮아요 세일이 끝났네요,"세일, 자크, 끝나다, 처리, 불량, 교환, 해주다, 빨리, 오다"
가을 준비힐 겸 구매했어요 저렴하게 잘 샀어용 감사합니당,"준비, 저렴하다, 가을"
배송도 삐르고 인터넷 최저리고 저렴하게 잘 샀어용,"인터넷, 삐르, 최저, 저렴하다, 배송"
정말 예쁩니다 사이즈도 딱 맞고 가을이 오면 입으려고 해요,"맞다, 오다, 가을, 사이즈"
마뗑킴 윈드브레이커 유명하고 많이 입는 만큼 이쁩니다,"윈드브레이커, 유명하다, 마뗑킴"
좋은 가격에 이쁜 아이템 구매해서 기 분 좋아요 환절기에 입으려고 구매한 건데 얼른 시원해지면 좋겠네요,"시원하다, 얼른, 건데, 아이템, 환절기, 가격"
디자인은 너무 이 뻐서 크게 고민 없이 구매했습니다 정상 가격보다 저렴하게 할인해서 팔아서 좋은 가격에 구매한 거 같아요 이 제 조금 지나면 환절기라 감기 안 걸릴려면 필수템인 거 같습니다,"가격, 정상, 감기, 지나다, 파다, 필수, 크게, 환절기, 걸리다, 할인"
너무 맘에 들아 요 세일할 때 사서 저렴하게 구매 팻습니다 구매하고 나니 가 걱 올랏네요 다행 잘 입겠습니다 전 냄새도 마니안나요,"팻습니, 다행, 사서, 나니, 세일, 말다, 냄새, 가다, 저렴하다"
핏도 이 쁘고 재질도 마음에 들고 싸게 잘 샀습니다,"싸다, 재질"
눈팅만 하다가 여행 계획 있어서 질렀어요 왜 고민했나 싶어요 너무 맘에 들어요,"계획, 눈팅, 여행, 지르다, 고민"
잘 먹고 있습니다 신선해서 먹기도 편하네 정말 괜찮은,"신선하다, 먹다, 먹기, 편하다"
작지 않을까 걱정했는데 딱 맞고 생각보다 따뜻해요,"따뜻하다, 걱정, 작다, 맞다"
고민 할 시간이 아까울 정도로 넘 맘에 들어 요 얇은 비닐 같은 싸구려 느낌 날까봐 걱정했는데 진짜 싼티 도 안나요 적절한 광택에 생각했던 거보다 엄청 얇지도 않더라구요 어깨라인 팔 라인에 흰색 스티치가 포인트 임 이 옷은 화면보단 실물이 훨씬 더 이쁨,"라인, 얇다, 날다, 적절하다, 어깨, 스티치, 안나, 싸구려, 흰색, 아깝다"
진짜 너무 예쁩니다 오버핏으로 입 기 너무 좋아요 색도 이 쁘고 핏도 잘 나와서 만족해요,"색도, 나오다, 만족하다, 오버핏"
매번 사야지 사야지 하고 있었는데 할인하길래 바로 구매했는데 사이즈도 컬러도 아주 만족,"컬러, 만족, 할인, 사이즈"
오버핏으로 라인도 이 쁘고 재질도 특이한 게 이 뻐요,"라인, 특이하다, 오버핏, 재질"
딱 이 쁘게 박시한 핏이고 생각보다 많이 튀지 않아 요 넘이쁩니다 왜 이 제 샀지,"튀다, 시한"
배송도 빠르고 제품의 마감 처리도 좋았음 핏은 뭐 말할 것도 없고 간절기 때 힙하게 입고 다닐 수 있을 듯,"마감, 처리, 힙하, 제품, 간절기, 빠르다, 배송"
진짜 안 입은 것처럼 너무너무 가벼와 서 맘에 쏙 들어요,"서다, 가볍다"
조금 크지만 또 그런 맛에 입는 거니까 괜찮더라구 요,"그렇다, 크다"
가격 빼고는 다 만족합니다 박시하게 잘 입을 거 같아요,"빼다, 박다, 만족하다, 가격"
맘에 들어 요 바람막이로 샀는데 바람막이보다는 약간 두껍긴 하지만 건지나게 잘 입을 거 같아요,"바람막이, 건지다, 두껍다"
사길 잘한 것 같아 요 배송도 빠르고 만족스러웠어요,"만족스럽다, 빠르다, 배송"
마뗑킴 자켓 사고 싶었는데 무신사에서 할인 행사해서 저렴히 득했어요 사이즈 하네요 제질이 좋아요,"행사, 자켓, 무신, 할인, 사고, 저렴하다, 마뗑킴, 사이즈"
남자가 입기에도 좋습니다 지금은 좀 그렇지만 가을 넘어갈 때 딱 일 듯,"넘어가다, 남자, 가을"
실물이 살짝 비닐 같은 느낌이에요 이 쁘긴 한데 포장이 조금 아쉬웠어요 그래도 잘 산 것 같아 여,"쁘긴, 아쉽다, 실물, 포장, 비닐"
세일할 때 아울렛보다 저렴한 가격에 구매했어요 가을에 입으려구요,"아울렛, 세일, 저렴하다, 가격, 가을"
바람막이로도 좋고 여러모로 편하게 입 기 너무 좋습니다,"모로, 여러, 바람막이, 편하다"
디자인 너무 예쁜데 제가 키가 작아서 너무 오버핏 느낌이 긴 해요 바지를 잘 맞춰 입으면 그래도 커버 가능할 정도라서 괜찮습니다,"커버, 바지, 맞추다, 라서, 작다, 가능하다, 디자인, 오버핏"
너무 사고 싶어서 계절감엔 도 안 맞지만 구매했어요 역시 이쁩니다,"계절, 사고, 맞다"
너무 마음에 들어 요 마뗑킴 가방 사고 굉장히 만족해서 눈여겨 보는 브랜드인데 겉옷도 굉장히 만족스럽습니다,"굉장하다, 여기다, 겉옷, 가방, 브랜드, 만족스럽다, 사고, 만족하다, 마뗑킴"
몇 년 전부터 살까 말까 고민했는데 그냥 샀어요 맘에 들어용,"말다, 살다, 고민"
빨리 간절기가 왔음해요 미리 사놨어요 가을에 입으려구요 가볍고 여기저기 잘 어울릴 것 같아요 옷걸이까지 주시네요,"음해, 미리, 여기저기, 걸이, 주다, 어울리다, 가볍다, 빨리, 간절기, 오다"
생각보다 사이즈도 품도 하다 못해 크지만 맘에 들어 요,"품다, 크다, 사이즈"
생각보다 두껍지 않아서 여름철 할 때 입어도 되겠어요,"여름철, 두껍다"
생각했던 것보다 더 예쁘고 누구나 입을 수 있는 스타일입니다,스타일
갖고 싶었던 건데 마침 있어서 구매해버렸습니다 사이즈도 좋고 자주 입을 거 같아요,"갖다, 마침, 버리다, 건데, 사이즈"
예쁩니다 광택도 하고 프리 사이즈이지만 핏도 하구요,"프리, 광택, 사이즈"
사이즈도 딱 맞거 좋아요 잘 입고 다닙니다 면도 고급 져 보여요,"면도, 보이다, 고급, 맞다, 사이즈"
오프 매장에서 보고 구매했어요 매장보다 무신사에서 훨씬 저렴하게 구매했고 사이즈라 좀 아쉽지만 오버핏으로 나름 힙하게 입을 수 있을 것 같아 요 뒷면 로고도 깔끔하고 유광이라 매력 있습니다 소매통이 좀 크긴 하지만 손목 밴딩 때 매 흘러내리진 않아서 괜찮은 것 같아 요 좀 해지면 잘 입고 다닐 듯해요,"매장, 오프, 해지, 흘러내리다, 손목, 소매통, 밴딩, 나름, 힙하, 아쉽다"
적당한 오버핏에 재질이 바스락이라서 너무 좋았어 여 에어컨 한 사무실에서 걸치기 아주 딱입니다,"사무실, 에어컨, 딱이다, 적당하다, 바스락, 걸치다, 오버핏, 재질"
사이즈는 좀 큰 편이고 지금은 더워서 못 입어서 아쉽네요,"편이, 아쉽다, 덥다, 크다, 사이즈"
저한테는 좀 큰 사이즈이고 더워서 지금은 못 입겠지만 가을엔 괜찮을 듯 합니다,"덥다, 크다, 가을, 사이즈"
눈에 아른 거려서 가을에 사면 품절될까봐 미리 구매해뒀어요 기본템인데도 광택이 있어서 그런지 더 맘에드네요,"사면, 에드, 아른, 미리, 두다, 거려, 품절, 그렇다, 광택, 가을"
마뗑킴 첨 사보는데 넘 이 쁘네요 남자가 입기에도 적딩히 오버핏으로 이쁘게 떨어져요 사 길 잘한 거 같아요,"적딩히, 떨어지다, 사보다, 쁘네, 남자, 마뗑킴, 오버핏"
시이즈도 좋고 너무 이쁩니다 잘 산 것 같아 요 핏도 좋아여,이즈
가을에 입으려고 미리 구매해뒀어요 마뗑 킴 힙하네요,"미리, 두다, 마뗑, 가을"
주문하고 일 만에 받았습니다 너무 이 뻐요 두께가 조금 있어서 여름엔 더울 거 같고 간절기에 입 기 좋을 것 같습니다 잘 입을 게 영,"만에, 주문, 두께, 덥다, 여름, 간절기, 받다"
배송 매우 빠릅니다 상품 좋아요 감사합니다 많이 판매하세요,"판매, 상품, 빠르다, 배송"
옷이 이 뻐요 적당히 두께감 있어 봄 가을에 가볍게 걸쳐 입기 좋아욘,"좋아욘, 두께감, 가볍다, 적당하다, 걸치다, 가을"
사진보다는 색이 진 하구요 빛을 흡수하는 듯한 옷 입니다,"흡수, 사진"
디자인이 생각보다 더 이 뻐서 그냥 편하게 집 앞 마실용 뭐 스타일 내기 그냥 다 너무 좋게 쓰여요,"쓰이다, 내기, 말다, 스타일, 편하다, 디자인"
장바구니 담아뒀는 대 세일할 때 너무 잘 산 거 같아서 조아요,"장바구니, 담다, 두다, 대다, 세일"
생각보다 더 크 구 옷은 이 뻐서 엄청 만족합니다 감사합니다,"만족하다, 크다"
배송 빨리 왔습니다 남자여서 사이즈 작지 않을까 했는데 딱 적당하니 좋네요,"작다, 적당하다, 빨리, 남자, 오다, 사이즈, 배송"
요즘 많이 들 입길래 구경하다 세일하는 거 득템했어요,"입길, 구경, 득템, 세일"
이 뻐요 옥매치 하기 편하고 휘뚜루 마뚜루 잘 입을 수 입을 수 있을 것 같아 요,"마뚜루, 매치, 휘뚜루, 편하다"
생각보다 사이즈도 잘 맞고 예쁘네요 빨리 입는 날이 오면 좋겠어요,"빨리, 맞다, 오다, 사이즈"
배송 빨리 왔습니다 남자여서 사이즈 작지 않을까 했는데 딱 적당하니 좋네요,"작다, 적당하다, 빨리, 남자, 오다, 사이즈, 배송"
배송은 빠르진 않았어요 색감은 사진과 비슷하고 마음에 듭니다,"색감, 사진, 빠르다, 배송"
무진장 데이 덕분에 저렴한 가격에 구입합니다 마뗑킴 제품 매력 있네요,"덕분, 무진장, 데이, 매력, 제품, 저렴하다, 가격, 마뗑킴"
제품은 이 뻐요 근데 박스가 젖어 있고 구겨진 상태로 와서 조금 아쉬워요,"젖다, 구기다, 박스, 상태, 아쉽다, 제품, 오다"
비닐 느낌 바스락 재질이에요 뒤에 로고가 킥이에 요 얇아서 간절기에 입 기 좋아요 오버핏이 고 반짝거리고 예뻐요,"반짝거리다, 로고, 바스락, 간절기, 비닐, 오버핏, 얇다, 재질"
짱 예뻐요 여자친구 선물해줬는데 스타일리쉬해서 꾸안 꾸 가능하다고 엄청 좋아하네요,"꾸다, 스타일리쉬, 해주다, 여자친구, 좋아하다, 가능하다, 선물"
진짜 간절기 아이탬으로 딱이에요 진짜 예뻐요 사 길 잘했어요,"아이탬, 딱이다, 간절기"
배송은 오래 걸렸지만 어차피 지금 입을 게 아니라 만족합니다 사이즈는 큰데 오버핏 좋아해서 괜찮아요,"어차피, 오래, 걸리다, 좋아하다, 아니다, 만족하다, 크다, 오버핏, 사이즈, 배송"
생각보다 광택이 심하지 않은 거 같아서 좋은 거 같아 요 처음 받았을 때 냄새가 조금 나지만 며칠 밖에 둬서 냄새 빼면 좋을 거 같아요,"냄새, 며칠, 밖에, 심하다, 빼다, 두다, 처음, 광택, 받다"
남여 모두 입 기 좋은 스타일이네요 와이프 안 입을 때 몰래 착용해야겠습니다,"몰래, 남여, 와이프, 착용, 스타일"
선물용으로 구매했어요 배송 빨라서 맘에 듭니다,"라서, 선물, 배송"
예버 요 즈 이 닉네임처럼 간 지 폭풍 지금 계절에 맞지 않지만 세일하길래 그냥 샀어요 가을 되면 잘 입을 게요,"닉네임, 예버, 폭풍, 계절, 세일, 맞다, 가을"
마뗑킴 처음 사보는데 이 쁘네요 잘 입겠습니다굿,"사보다, 쁘네, 처음, 마뗑킴"
뒷북으로 삿지만 너무 예뻐서 얼렁 입어보고 싶아요,"얼렁, 뒷북, 입어보다"
블프 세일받고 여자친구랑 같이 두 벌 샀어요 좋아용,"블프, 세일, 여자친구, 받다"
바스락거리는 게 유니크 하규 좋습니다 가을에 입으면 좋을 거 같아요,"하규, 유니크, 거리, 바스락, 가을"
쿠폰받아서 매장보다 훨씬 싸게 샀어요 사이즈 오버핏으로 이 쁘고 저는 스트링 안 조이고 입는 게 더 마음에 들어 요 광택도 하니 부담스럽지 않네요,"스럽지, 싸다, 조이, 부담, 쿠폰, 매장, 광택, 스트링, 받다, 오버핏"
간절기에 입 기 좋아요 얇은 비닐 재질이에요 뒤에 로고가 넘 예뻐요,"로고, 간절기, 비닐, 얇다, 재질"
비닐 느낌이지만 디자인 넘 예뻐요 뒤에 로고가 킥이에 요 지 퍼 투웨이라 다양하게 연출 가능해 요 얇아서 간절기에 많이 입을 수 있을 것 같아 요,"연출, 다양하다, 가능하다, 로고, 간절기, 비닐, 디자인, 얇다"
약간 비닐 같은 재질로 만들어진 옷감입니다 가볍고 블랙 색상이라 아무 옷에 나 가볍게 툭 걸치기 좋은 아이템입니다,"가볍다, 만들어지다, 옷감, 아이템, 색상, 블랙, 걸치다, 비닐, 재질"
오버핏으로 되게 얇아요 바스락 가리는 소재이고 뒤에 마뗑킴 마크가 완전 예쁩니다,"마크, 가리다, 소재, 바스락, 마뗑킴, 오버핏, 얇다"
와이프 사준 건데 저한테도 맞아서 제가 더 많이 입고 다니네요 이쁩니다,"와이프, 건데, 맞다"
사이즈는 프리라서 엄청 크지만 스트링 조이면 핏이 예쁩니다 색은 아주 아주 고급진 블랙이지요 받자마자 너무 이쁜데 세탁 걱정이 쬐끔 되긴 하지만 물 닿을 일이 많을 거 같아 성 배송도 하게 잘 왔습니다,"일이, 쬐다, 닿다, 이지, 많다, 조이, 세탁, 고급, 프리, 끄다"
사이즈는 프리라서 엄청 크지만 스트링 조이면 아주 아주 마음에 드는 핏이 나오네용 역시 마음에 드네요 기다리던 옷이라서 더 마음에 들어 요 그래서 두 색상 주문했네 용 검정은 검정대로 너무너무 이 뻐요,"검정, 대로, 조이, 기다리다, 주문, 프리, 나오다, 라서, 색상, 스트링"
넘나 맘에드네요 저렴하게 잘 산 거 같습니다 세일나중에 하면 다른 색도 사보고 싶어 지네요,"나중, 지네, 에드, 사보다, 색도, 저렴하다"
넘나 맘에 드는데요 세일하면 다른 색도 사고 싶어지네요,"색도, 세일, 사고"
사이즈는 적당하고 배송도 박스로 잘 되어 있고 빨라서 만족합니다,"박스, 되어다, 라서, 적당하다, 만족하다, 사이즈, 배송"
배송도 이틀 만에 오구 오버핏 좋아하는 대 너무 아뿌네요 셍리 쿠폰 있어서 더 기 분 좋게 구매했어요 얇아서 간절기랑 봄 가을에 입을 딱 조을 것 같아요,"아뿌네, 오구, 셍리, 이틀, 만에, 쿠폰, 대다, 좋아하다, 간절기, 오버핏"
행사 기간이라 좀 걸릴 줄 알았는데 배송도 빠르고 옷도 이 뻐요,"기간, 행사, 걸리다, 알다, 빠르다, 배송"
배송 레전드네요 엄청 빨라요 옷도 너무 이 뻐요오,"레전드, 뻐요오, 빠르다, 배송"
바스락 거리는 재질로 봄 가을에 입 기 좋을 것 같아요,"거리, 바스락, 가을, 재질"
후기를 재구매부터 해버렸네 용 너무 맘에 들어서 잘 입다가 요즘은 더워서 못 입구 있음,"입구, 버리다, 후기, 들어서다, 덥다"
재구매 바로 두 번째 구매라는 점 섬 물 하나 하고 이 제 제가 일을 려고 산고임 해서 저한테도 잘 맞거 등 요,"라는, 재다, 산고, 하나, 맞다"
진짜 너무 예쁩니 당 겨울이랑 한 여름 빼고는 항상 입을 수 있어요,"겨울, 빼다, 여름"
매장에서 입어보고 휘뚜루마 뚜루 입을 수 있을 것 같아 바로 주문했습니다 숏에 후드 있는 제품이랑 고민했는데 기장이 긴 본 제품이 활용도가 더 높을 것 같아 결정했는데 너무 잘 구매한 것 같네요,"제품, 높다, 용도, 결정, 후드, 뚜루, 기장, 주문, 매장, 휘뚜루"
쿠폰 적용해서 저렴하게 잘 삿습니다 선물용으로 구매한 건데 받은 사람이 너무 좋아하네요 감사합니당,"삿습니, 적용, 쿠폰, 건데, 사람, 좋아하다, 저렴하다, 선물, 받다"
싸이즈가 원싸이즌 데도 잘 맞네요 느낌 있고 블랙이라 코디하기 편해요,"싸이, 싸이즈, 데도, 코디, 블랙, 맞다, 편하다"
가격 때문에 살까 말까 고민하다가 샀는데 너무 뻐서 고민한 시간이 아깝습니댜 고민이 신 분들 무조건 사세용 짱예 빠용,"고민, 빠용, 무조건, 세용, 분들, 아깝다, 때문, 말다, 살다, 가격"
좋아요 질도 좋고 가격 대비 잘 샀어요 마뗑 킴 처음인데 너부 좋슺니다,"좋슺니, 질도, 대비, 처음, 마뗑, 가격"
너무 예뻐요 딱 적당하고 좋은 거 같아 요 잘 시킨 거 같네요,적당하다
넘 귀여운 디자인이에 요 파주 아울렛에서 입어보고 마음에 들는데 마침 무신사에서 할인해서 바로 샀어요 너무 맘에 쏙 드네요,"파주, 귀엽다, 마침, 아울렛, 무신, 입어보다, 할인, 디자인"
정말 좋아요 얇지만 느낌 있는 디자인과 재질입니다,"디자인, 얇다, 재질"
얇아서 좀 더울 때 입어도 괜찮더라구 요 이쁩니다,"덥다, 얇다"
매장에서 입어보고 샀는데 너무 만족스러워요 잘 산 거 같아요,"만족스럽다, 매장, 입어보다"
너무 오버핏 유광이 너무 심한 가 두 가지가 걱정되어 망설이다 구매했는데 저는 둘 다 만족합니다,"망설이다, 가지, 심하다, 되어다, 걱정, 유광, 가다, 만족하다, 오버핏"
오래 고민하다가 구매했는데 마음에 듭니다 후기들이 많아서 도움이 많이 되었어요,"도움, 많다, 후기, 되어다, 오래, 고민"
예약 배송 기다리는 시간이 조금 있었지만 기 다린 만큼 예뻐서 잘 구매한 것 같습니다 그리고 지퍼가 투웨이라서 더 편한 거 같아요,"다린, 기다리다, 예약, 라서, 지퍼, 편하다, 배송"
블랙 바람막이 크롭 아닌 걸로 사려고 알아보다가 구매했는데요 아주 좋습니다 반팔에 이것만 걸쳐도 조금 더 신경 써서 입은 거 같은 느낌이 있어요,"신경, 알아보다, 사려, 써다, 크롭, 블랙, 바람막이, 아니다, 걸치다"
간지나요 요즘 더워져서 많이 못 입지만 가을이 되면 자주 입을 거 같아요,"간지나다, 입지, 더워지다, 가을"
코팅이 진짜 생각보다 더 예뻐서 좋아요 이 옷은 다른 색상도 좋지만 블랙이 진짜 최고입니다 예약 발송으로 늦게 올까봐 걱정했는데 생각보다 빨리 와서 잘 입고 다녔어요,"오다, 발송, 늦다, 예약, 최고, 코팅, 걱정, 색상, 블랙, 빨리"
구매 시기가 좀 늦어 요즘 입긴 너무 덥지만 앞으로 가을 되면 잘 입을 거 같아 요 사이즈 핏도 이 쁘고 원단도 괜찮아요 요즘 입긴 너무 더워서 다시 더 얇은 바람 막이를 구매 해야겠어요 이 옷은 디자인 핏 이 쁨,"덥다, 이를, 시기, 바람, 원단, 늦다, 디자인, 가을, 얇다, 사이즈"
검은색 제품이라 어느 옷이나 찰떡으로 잘 어울립니 다 개인적으로는 저는 하의는 밝은 색상과 입었을 때 자켓이 더욱 눈길이 가는 거 같아요,"찰떡, 밝다, 눈길, 검은색, 개인, 으로는, 하의, 더욱, 자켓, 어울리다"
생각보다 오버핏이라 스트링으로 쪼이면서 입으려고 요 예뻐요,"쪼이다, 스트링, 오버핏"
배송 빠르고 바스락 거리는 재질에 마뗑킴 로고 이쁩니다,"거리, 로고, 바스락, 마뗑킴, 빠르다, 재질, 배송"
잘 맞아요 공용으로 입기도 좋고 배송 예정일보다 엄청 빨리 와서 좋았어요,"예정일, 공용, 빨리, 맞다, 오다, 배송"
편하게 막 입기 좋은 거 같아 요 더 얆은 거 나오면 여름용으로 다시 사고 파요 지금 입 긴 너무 더워서 그래도 봄 가을엔 막입을 수 있을 듯,"막입, 나오다, 덥다, 여름, 사고, 편하다, 가을"
지금 입기에는 많이 덥네요 화이트 구매 하려다 블랙 구매 했는데 막 입기 좋아 보여 요 봄 가을용으로 좋을 듯 합니다,"화이트, 보이다, 덥다, 블랙, 가을"
크기도 예쁘게 오버핏이고 나름 그렇게 얇진 않아서 봄까지 엄청 잘 입었어요,"그렇게, 나름, 크기, 오버핏, 얇다"
약간 루즈핏이 고 아방가르드 한 느낌이에요 방수도 될 거 같네요,"아방가르드, 방수, 루즈핏"
너무 과하지 않고 적당히 글로시하면서 포인트 되네요,"로시, 포인트, 적당하다"
배송은 좀 오래 걸렸지만 옷 너무 예뻐요 잘 입을 게요,"걸리다, 오래, 배송"
사진처럼 예뻐요 사이즈는 많이 크네요 편하게 막 입 기 좋을 것 같아 요 좀 더 빨리 살 것을 넘 더워져서 한 번도 못 입고 나갔어요,"더워지다, 사진, 빨리, 편하다, 크다, 사이즈"
편하고 박시하게 입고 다녀요 검정 계열을 좋아해서 그런지 맘에 들어 요 크쿠,"계열, 크쿠, 검정, 박다, 좋아하다, 그렇다, 편하다"
너무 좋아요 간절기에 걸치기 편하고 힙해 보여서 무채색 옷을 자주 입어도 포인트로 딱 좋아요,"무채색, 힙해, 포인트, 걸치다, 간절기, 편하다"
상품 잘 받았습니다 퀄리티도 괜찮아 보이고 디자인도 맘에 들어서 자주 사용할 것 같아 요 좋은 상품 감사합니다 잘 쓰겠습니다,"상품, 사용, 쓰다, 보이, 퀄리티, 들어서다, 받다, 디자인"
지나가다가 어떤 분이 입은 게 예뻐서 샀어요 잘 산 거 같습니 당 예뻐요,"지나가다, 어떻다"
루즈 핏이 고 소재가 예쁘고 포인트 되네요 뒷로 고도 좋아요,"고도, 루즈, 포인트, 소재"
마뗑킴 아우터 처음 사봤는데 너무 만족스럽네요 남자가 입기에도 체형에 따라 세미오버핏 가능하고 재질이나 핏 디자인 등 훌륭합니다 봄 가을에 교복처럼 입을 것 같아요,"따르다, 체형, 훌륭하다, 세미, 사보다, 교복, 아우터, 만족스럽다, 처음, 가능하다"
여자친구 주려고 샀는데 맘에 들어서 계속 입고 다녀요,"계속, 들어서다, 여자친구"
생각 못했는데 옷걸이에 걸어져서 와서 좋았어요,"걸다, 걸이, 오다"
불량인 상품이 와서 교환 요청 했는데 주정도 걸린 거 같네요 아쉬워요,"요청, 주정, 불량, 교환, 아쉽다, 걸리다, 상품, 오다"
작년 뷰터 살까 말까 하다가 구냥 삿어요 근데 진작 살걸 이 뿌네요 배송도 짱 빠름 엉덩이 덮는 길이 스트링 조절해서 이뿌게 입을 게여,"살걸, 뷰터, 뿌네, 덮다, 엉덩이, 진작, 삿어, 작년, 이뿌다, 조절"
상품 디자인도 맘에 들고 퀄리티도 괜찮은 거 같아요,"퀄리티, 상품, 디자인"
마뗑킴 코팅 점퍼 사고 싶었는데 무신사에서 저렴하게 잘 샀네요,"무신, 코팅, 점퍼, 사고, 저렴하다, 마뗑킴"
완전 자주 입어요 편하게 입 기 딱이고 재질도 좋습니다,"딱이다, 편하다, 재질"
역시 마뗑킴이네요 패딩도 예쁘고 좋았는데 바람막이 디자인도 예쁘고 색상은 화면보다 더 마음에 들었어요,"뗑킴, 패딩, 화면, 색상, 바람막이, 디자인"
얇아서 초여름 아우터로 들고 다니기 좋고 레더처럼 보이지만 레더가 아니어서 더 매력이 있습니다,"레더, 초여름, 보이, 아우터, 매력, 아니다, 얇다"
엄청 힘해 보여서 맘에 듭니다 가격도 이 정도면 합리적인 거 같아 요 얼마나 입으려나 싶었는데 오래 입을 것 같네요,"합리, 오래, 가격"
생각보다 크긴 해요 그런데 역시 재질이 특이해서 넘 예뻐요,"특이하다, 크다, 재질"
적당한 오버핏에 간절기 용으로 딱 이에 요 광택이 과할까봐 걱정했는데 고급스럽게 과하지 않게 이 뻐요 지금은 덥고 초가을부터 입으면 될 꺼 같아 요,"스럽게, 초가을, 고급, 끄다, 걱정, 덥다, 광택, 적당하다, 간절기, 오버핏"
생각보다 덜 비닐 같고 완 존 마음에 들어 요 배송도 빨랐고 했어요 더 더워지기 전에 많이 입을 거 같애용,"애용, 더워지다, 비닐, 빠르다, 배송"
재질이 비닐 같을까봐 고민 많이 하다가 샀는데 너무 이 뻐요 더 빨리 살 걸,"빨리, 비닐, 고민, 재질"
진짜 너무너무 예뻐요 주변에서 다 빌려달라고 난리에욬,"빌리다, 주변, 달라, 난리"
너무 이쁘네요 두께도 앏아서 간절기에 입 기 좋을 거 같아 요 핏도 굿,"앏아, 두께, 간절기"
마뗑킴 코팅 점퍼 잘 받았습니다 가을에 잘 입을께요,"점퍼, 코팅, 받다, 마뗑킴, 가을"
라이더 스타일이면서 바람막이 겸 입고 싶어서 구매했어요,"라이더, 이면, 스타일, 바람막이"
예뻐요 오버핏으로 좋아요 계절 입기 좋을 듯해요,"계절, 오버핏"
남여 공용이라 키크면 팔길이가 좀 짧을 순 있는데 입을 만 합니다,"키크, 남여, 짧다, 공용, 길이"
이 가격에 이 정도 상품을 받을 수 있어서 좋아요 자주 이용 할게요,"이용, 상품, 받다, 가격"
무난한 기 본 제품입니다 핏 예쁘고 좋아요 추천해요,"추천, 제품"
날씨가 애매해서 입고 나가지는 못했지만 옷은 예쁨,"애매하다, 날씨"
사이즈는 조금 오버하긴 한데 사이드에 있는 스트링 땡기면 되고 디자인은 너무너무 이 뻐요,"사이드, 땡기다, 오버, 스트링, 디자인, 사이즈"
봄 가을에 유용하게 입겠어요 소매통이 커서 약간 불편하지만 핏은 이쁘네요,"커서, 불편하다, 유용하다, 소매통, 가을"
하고 적당히 얇아서 봄 옷으로 딱 맞아서 많이 입었어요,"적당하다, 맞다, 얇다"
봄 가을에 입기 좋아요 흰색도 사고 싶네요 활용도가 좋아요,"용도, 흰색, 사고, 가을"
친구 선물로 사 줬어요 엄청 맘에 든데요 봄부터 가을까지 가넝,"가넝, 친구, 주다, 선물, 가을"
어디든 휘뚜루 마뚜루 입 기 좋아요 배송도 빨라 여 밤에 입습니다 주로,"주로, 마뚜루, 휘뚜루, 빠르다, 배송"
어디든 휘뚜루마 뚜루 입고 다니기 좋아요 배송도 빠릅니다 강추,"강추, 뚜루, 휘뚜루, 빠르다, 배송"
광택감이 있어 포인트가 되고 오버핏으로 이 뻐요,"광택, 포인트, 오버핏"
비닐비닐한데 재질 좋고 가볍고 유광이지만 예쁩니다,"비닐, 유광, 가볍다, 재질"
봄 가을에 입 기 딱 좋을 것 같아 요 얇은 느낌이 좋고 유광이 생각보다 예쁩니다,"유광, 가을, 얇다"
화면과 그래도 너무 예뻐요 반짝거리는 소재라 포인트 되고 맘에 듭니다 뒤에 로고도 깔끔한 게 예뻐 오 박시핏이라 좋습니다 소재는 얇지만 비오 눈날이나 환절기 딱인 듯,"소재, 비다, 눈날, 박시핏, 반짝거리다, 화면, 환절기, 깔끔하다, 딱이다, 포인트"
화면이랑 똑같고 너무 예뻐요비닐 같이 광나는 재질이여서 더 예쁜 거 같아 요 소재는 얇은 편인데 환절기에 입기 좋을 것 같아 요 뒤에 로고가 포인트 되서 더 맘에 듭니다 너무 잘 산템 예오,"똑같다, 광나, 산템, 화면, 환절기, 포인트, 로고, 소재, 비닐, 얇다"
살까 말까 고민 많이 했는데 잘 산 거 같아 요 실제로 보니 더 예뻐요,"실제, 말다, 살다, 고민"
포장 깔끔해서 좋았어요 그리고 생각보다 얇아요 사이즈 되게 큽니 당,"깔끔하다, 포장, 크다, 얇다, 사이즈"
그냥 데일릻 입기 좋은 바람막이에 요 이 쁘고 꾸안꾸로 딱,"데일, 꾸안꾸, 바람막이"
일단 핏이랑 반짝거리는 재질이 너무 예뻐요 입고 다들 예쁘다고 하네요 얇긴 한데 할 때 입으면 딱 괜찮아요,"반짝거리다, 얇다, 재질"
여자친구한테 취뽀 겸 편하게 입을 수 있는 아우터 선물했는데 매우 마음에 들어 하네요 디자인 자체도 이 쁘고 간절기에 잘 입을 수 있는 제품이예요,"취뽀, 자체, 아우터, 여자친구, 제품, 간절기, 선물, 편하다, 디자인"
예전부터 구입하려고 했던 제품이에요 사이즈도 좋고 재질이나 디자인 모두 맘에 들어 요 구입하길 잘했어요,"예전, 제품, 디자인, 재질, 사이즈"
조카 생일 선물로 구매했습니다 인증 사진 받았는데 오버핏으로 딱 이 쁘더라구 요 배송도 빨라 생일 날 맞춰 받을 수 있어 좋았습니다 색과 보여지는 질감도 상세 페이지랑 동일해 보였어요 아직까지 아침 저녁으로 해서 잘 입는다고 해요 더 더워지면 못 입을 거 같기도 한데 학교 독서실 에어컨 아래서 입겠다고 합니 당 맘에 들어 해서 뿌듯해요,"생일, 보이다, 받다, 상세, 인증, 독서실, 쁘더라구, 학교, 뿌듯하다, 조카"
요즘 같은 날씨에 입 기 좋아요 너무 두껍지 않아서 여름에 들고 다니기 좋을 거 같습니다 단점은 먼지가 좀 많이 붙어서,"붙다, 단점, 먼지, 두껍다, 여름, 날씨"
유광인 게 좀 부담스럽고 비닐 재질이지만 예쁩니다,"부담스럽다, 유광, 비닐, 재질"
고민 고민하다 구매하려고 하니 품절이라 재입고 기다렸다 알림 와서 바로 구매했네요 왜 이제야 샀는지 후회가 될 정도로 너무너무 맘에 들고 이 뻐요 다른 색상도 구매하고 싶어요 사이즈도 딱이 고 편하게 박시하게 잘 입어 질 듯 해요,"고민, 알림, 이제야, 후회, 기다리다, 박다, 품절, 딱이다, 색상, 편하다"
너무 이쁘네요 자주 착용할 꺼에 요 데일리로도 좋고 사이즈도 딱 맞아서 좋아요 배송도 빠르고 아주,"데일리, 착용, 끄다, 맞다, 빠르다, 사이즈, 배송"
배송도 빠르고 옷 상태도 괜찮았어요 남자친구가 체격도 있고 키도 있는 편인데 잘 맞아서 커플템이나 선물로 해도 좋을 것 같아 오,"키도, 체격, 상태, 해도, 커플, 남자친구, 선물, 맞다, 빠르다, 배송"
남자친구 사줬는데 예쁘게 잘 어울려 요 키도 큰 편인데 사이즈 적당하게 잘 어울려 요 배송도 빠르고 잘 입겠습니당,"어울리다, 키도, 니당다, 사주다, 남자친구, 적당하다, 크다, 빠르다, 사이즈, 배송"
아니 진짜 말이 필요 없어 용 제가 첨 지갑으로 접하게 된 브랜드인데 진짜 잠바 보자마자 젤 스똴여서 블 네 화 중에 고민하다가 블랙 샀는 디 애뻐서 에서 네 화 둘 다 결국 질러서 세 가지 색상 모두 다 겟 했어요 뭘 고민중이에 요 당장 질러 버려 마뗀킴 사랑해요 진짜 배송은 오레 걸렸긴 하지만 기존 기간 보디 훵 씬 빠르게 받았어요 세가지 색상 돌려가면서 이것 만 입어용 그리 구 얇기는 봄 가을에 입 기 좋고 바스락 재질에 요즘 날씨 아침 저녁으로 입 기 조아욤 진짜 최고의 잠바,"잠바, 가지, 지르다, 색상, 민중, 조아욤, 스똴, 기존, 오레, 보디"
배송도 빠르고 그냥 미쳤네요 너무 이쁘네요 역시 마땡큐,"땡큐, 미치다, 빠르다, 배송"
바람막이가 너무 이 뻐서 남자가 입어도 이쁜 거 같아요,"바람막이, 남자"
박시하게 잘 맞구 요 예쁩니다 여기저기 매치해서 입기 좋으네 용,"매치, 여기저기, 박다, 맞다"
매장에서 입어보고 구매한 제품인데 정말 너무 너무 예뻐요 이걸 왜 다들 구매하시는지 알 것 같은 제품 여름 빼고 계절에 두루두루 잘 입을 것 같아서 고민 없이 구매한 제품인데 정말 더 더욱 만족합니다 잘 입고 다닐 게요,"제품, 더욱, 빼다, 계절, 매장, 입어보다, 여름, 만족하다, 고민"
박시한 스타일입니다 저는 지퍼에 큰 문제는 없었고 무난하요 다만 세탁 부분이 번거롭네요,"번거롭다, 문제, 세탁, 시한, 부분, 지퍼, 스타일, 크다"
무난하면서 튀고 너무 마음에 들어 요 아랫단 조절도 되고 박시한 스타일 좋이해서 너무 마음에 들어 요 기 본인데 평범하지 않은 잘 입을 것 같아요,"평범하다, 아랫, 이해, 튀다, 시한, 조절, 스타일"
고민만 몇 달째 결국 들였는데 왜 고민했는지 빨리 그냥 사 서 입을 껄 그랬어요 이 뻐요,"고민, 들이다, 서다, 그렇다, 빨리"
가격 만족 핏 만족 계속 손이 가는 옷이에요 추천 드립나더,"만족, 드립, 계속, 추천, 가다, 가격"
마뗑킴 코팅 점퍼 블랙 색상 잘 샀어요 저녁에 싸늘한데 잘 입고 가을에 다시 개시해야지,"개시, 싸늘하다, 저녁, 코팅, 점퍼, 색상, 블랙, 마뗑킴, 가을"
마뗑킴 코팅 점퍼 블랙 색상 잘 샀어요 저녁에 싸늘한데 잘 입고 가을에 다시 개시,"개시, 싸늘하다, 저녁, 코팅, 점퍼, 색상, 블랙, 마뗑킴, 가을"
남자친구 선물했는데 엄청 자주 입고 핏도 예쁘네여,"남자친구, 선물"
살짝 짧은 감이 있긴 한데 그래도 너무 만족하고 입고 자주 손이 갑니다,"짧다, 가다, 만족하다"
이 뻐요 고민하다 샀는데 맘에 들어 요 자주 입을 거 같아 요 색상도 사이즈도 너무 좋아요,"색상, 고민, 사이즈"
반짝반짝 하니 이쁩니다 여름엔 입 기 힘들고 봄 가을로 입 기 괜찮을 것 같습니다,"가을로, 힘들다, 반짝반짝, 여름"
요즘 같은 날씨에 입 기 적당하고 가격도 할인 받아서 저렴하게 잘 샀어요 배송도 엄청 빠르고 너무 이뻐요,"할인, 적당하다, 저렴하다, 받다, 날씨, 가격, 빠르다, 배송"
마뗑킴 남자가 입기에도 무리 없는 거 같아 요 이 뻐요 색감 좋아요,"무리, 색감, 남자, 마뗑킴"
마뗑킴 남자가 입기에도 무리 없는 거 같아 요 이 뻐요 두 번 사세요,"무리, 남자, 마뗑킴"
마뗑킴 남자가 입기에도 무리 없는 거 같아 요 이 뻐요,"무리, 남자, 마뗑킴"
너무 많이 입고 다녀서 크롭 바람막이 살까 고민했는데 그래도 많이 입는 데는 이유가 있네요 오버핏이지만 여성스럽고 너무 후들 거리지 않고 예쁜 디자인이라서 후회 없어요 구매 확정이요,"확정, 이유, 여성, 후회, 크롭, 거리, 살다, 바람막이, 고민, 디자인"
핏은 이 쁜데 주위에 많이 보여서 좀 그러네요 옷은 짱,"주위, 쁜데, 그렇다"
반짝반짝 하니 이쁩니다 여름엔 입 기 힘들고 봄 가을로 입 기 괜찮을 것 같습니다,"가을로, 힘들다, 반짝반짝, 여름"
오버핏으로 핏이 예쁘게 떨어집니다 두꺼운 편은 아니지만 얇은 옷들로 레이어드해서 입으면 한 날씨에도 따뜻하게 입을 수 있어요,"떨어지다, 레이어드, 따뜻하다, 두껍다, 아니다, 날씨, 오버핏, 얇다"
검은 코치 자켓 한 개 있었음 했는데 좋은 가격으로 나와서 바로 질렀습니다 아주 맘에 들어요,"검다, 코치, 자켓, 지르다, 나오다, 가격"
아주 마음에 듭니다 요새 계절에 입 기 딱 좋은 거 같네요,계절
마뗑킴 옷을 정말 예쁘게 잘 뽑네요 반짝거리고 재질도 고급 져 보여요,"뽑다, 반짝거리다, 보이다, 고급, 마뗑킴, 재질"
네이비는 한참 기 다려 애 하네요 블랙 구입했는데 블렉도 이 쁘네요 약감 도톰한데 장마철에 입어도 좋을 것 같아요,"도톰하다, 블렉, 장마철, 한참, 네이비, 다리다, 쁘네, 블랙"
과하지 않는 유광으로 분위기 살렸고 등에 부담스럽지 않게 로고 플레이 가져가면서 느낌 잘 살렸어요 남녀 다 잘 어 울릴 옷 일 것 같아요,"살리다, 분위기, 가져가다, 울리다, 플레이, 스럽지, 부담, 남녀, 유광, 로고"
너무 이쁘다 사 길 잘했다는 생각 들어 요 추천 하단 끈 조절로 통 조절 가능해서 각자 핏 조절하세요,"조절, 하단, 추천, 가능하다"
스타일링 하기 좋고 남녀노소 어 울릴 옷이에요 너무 두껍지도 얇지도 않아서 봄 가을 초겨울까지 커버 가능,"초겨울, 노소, 울리다, 커버, 가능, 스타, 일링, 남녀, 두껍다, 가을"
배송은 주문한 다음날 바로 출고되었어요 오버핏 점퍼라서 편하게 입기 좋고 아무 옷에 나 다 잘 어울려 요 굿,"출고, 주문, 되어다, 점퍼, 라서, 어울리다, 편하다, 오버핏, 배송"
유니크 하고 너무 예뻐요 입고 나갈 때마다 친구들이 탐냅니 당 교복처럼 입고 있어요,"내다, 마다, 유니크, 교복, 친구"
너무 멋집니다 세련된 디자인이구요 배송도 파르네요,"파르네, 이구, 세련되다, 멋지다, 디자인, 배송"
포장 상태가 좀 별 루네요 상품은 마음에 쏙 듭니다,"루네, 상태, 상품, 포장"
많이 오버핏이지만 오히려 좋습니다 잘 입을 거 같아요,오버핏
키가 작어서 앞에 시 보면 넘 크지만 뒤에서 보면 예뻐요,"작다, 크다"
오버핏으로 잘 맞아요 배송도 빠르고 가성비 좋게 잘 샀어요,"가성비, 맞다, 오버핏, 빠르다, 배송"
오버핏으로 맞아서 예뻐요 가성비 좋게 샀구요 배송도 빠릅니다,"가성비, 맞다, 오버핏, 빠르다, 배송"
재질도 좋고 은 근 따뜻해 요 특이하고 너무 좋아요,"따뜻하다, 특이하다, 재질"
재질도 이 쁘고 암 때 나 잘 어울려서 잘 입고 다녔습니다,"어울리다, 재질"
다른 사람이 입고 다니는 거 보고 혹해서 질렀어요 후회는 안합니다 예뻐요,"후회, 지르다, 사람, 보고"
빤딱 빤딱하고 이 뻐요 꾸안 꾸템으로 입 기 좋을 듯 함니다,"빨다, 꾸다, 딱하다"
비싸긴 한데 여느 브랜드 바람막이는 다 그 정도 가격하니까 후회는 않해요 예쁩니다,"여느, 비싸다, 브랜드, 후회, 바람막이, 가격"
운동 갈 때 걸치기 딱이에요 스트링 잡아서 입으면 힙하고 좋네요,"잡다, 갈다, 운동, 딱이다, 스트링, 걸치다"
나이키 바람막이 대신으로 샀는데 너무 캐주얼하지도 않고 힙하거 좋습니다,"힙하거, 대신, 캐주얼, 나이키, 바람막이"
이 거 사고 진짜 교복처럼 자주 입는 중 요즘 같은 날씨에 진짜 딱 좋아요,"교복, 사고, 날씨"
실물이 훨 예뻐요 생각보다 얇아서 초여름까진 입을 거 같아요,"까진, 초여름, 실물, 얇다"
뒷모습 마땡킴 써 있어서 넘 이 뻐요 사이즈도 하고 좋네요,"뒷모습, 써다, 마땡킴, 사이즈"
옷 넘 이 뻐요 다들 이쁘다고 난리네용 잘 입을 게요,난리
남자친구 선물로 사줬는데 길이 감이나 재질이나 너무 좋았습니다 너무 얇지도 두껍지도 않았으며 광택 또한 예쁩니다 구김도 예쁘게 있고 만족스러웠습니다,"구김, 사주다, 남자친구, 길이, 만족스럽다, 두껍다, 광택, 선물, 얇다, 재질"
할인할 때 구매해서 가성비 좋아요 가성비가 매우 좋아서 제품을 받으면 매우 만족합니다친구한테도 구매 추천하고 싶어요,"가성비, 친구, 추천, 할인, 제품, 만족하다, 받다"
광택나면서 만지면 부드럽고 등판의 마뗑 킹로고가 딱 포인트로 너무 멋들어집니다 더 더워지기 전에 자주 입어야 겠네요 많이 파세요,"등판, 부드럽다, 지면, 겠다, 면서, 파다, 더워지다, 마뗑, 광택, 포인트"
와 진짜 핏도 예쁘고 한 광택감이 미쳤어요 진짜 깔별로 사고 싶넹노,"깔별, 싶넹노, 미치다, 광택, 사고, 오다"
와 진짜 예뻐요 한 광택감이 진짜 신의 한수네요,"신의, 한수, 광택, 오다"
인기 좋은 이유가 있네요 디자인이나 퀄리티 대비 가격이 저렴하네요 마뗑 킴 감성까지 딱 간절기 아우터로 강추,"강추, 인기, 감성, 이유, 퀄리티, 대비, 아우터, 마뗑, 저렴하다, 간절기"
박시해서 왠만한 남자들은 다 착용 가능합니다 가격 대비 퀄도 상당히 조아요,"왠만하다, 상당하다, 시해, 대비, 착용, 가능하다, 남자, 가격"
핏이 너무 이 쁜 것 같아 요 근데 입고 다니는 사람이 넘 많음,"많다, 사람"
너무너므 이 뻐요 아직 추울 때는 입기 좋아요 일교차 클 때 입기 좋고 가 벼워서 들고 다니기도 좋아요,"기도, 벼워, 교차, 아직, 추다, 가다, 크다"
포장이 박스에 옷걸이에 비닐 포장까지 너무 해요,"포장, 박스, 걸이, 비닐"
마뗑킴 너무 이쁘네요 휘뚜루마 뚜루 편하게 입기 좋을 듯해요,"뚜루, 휘뚜루, 마뗑킴, 편하다"
생각보다 많이 커요 얇아서 할 때 입고 가면 적당해서 죠습니다,"가면, 습니, 적당하다, 크다, 얇다"
요즘 같이 일교차가 큰 날씨에 아주 산뜻하게 잘 입고 다니는 중 마뗑킴 만세,"만세, 산뜻하다, 교차, 날씨, 마뗑킴, 크다"
평소 상의 입어 요 세미오 버핏으로 핏이 이 쁘네요 간절기용으로 외출할 때 딱인 것 같아요 추천이요,"기용, 버핏, 간절, 외출, 상의, 세미, 쁘네, 딱이다, 추천"
프리 사이즈라 작을까봐 걱정했는데 적당한 오버핏이네요 평소 상의 입어요 간절기 외출복으로 좋은 것 같네요 추천해요,"외출복, 상의, 프리, 걱정, 추천, 작다, 적당하다, 간절기, 오버핏, 사이즈"
핏도 예쁘고 어디에 걸 치든 편하고 어울려서 손이 많이 가는 아우터입니다 지금 환절기 입 기 딱 좋은데 자주 품절되고 예약 배송이라 작년부터 눈독들이 다가 이 제 샀네요,"눈독, 작년, 다가, 예약, 환절기, 아우터, 품절, 어울리다, 가다, 편하다"
웃이 너무 이 뻐요 배송도 빠르고 지금 입으면 딱 좋은 거 같아요,"빠르다, 배송"
옷이 너무 이 뻐요 배송도 빠르고 지금 입으면 딱 좋은 거 같애요,"빠르다, 배송"
생각보다 사이즈는 크고 스트링은 조여서 입어야 이쁩니다,"조여, 스트링, 크다, 사이즈"
넘 이 뻐요 여자가 입으면 오버핏 정도 남자가 입으면 정핏으로 입기 좋아용,"정핏, 여자, 남자, 오버핏"
사이즈도 좋고 쿠폰 할인도 받고 품절돼었는데 재입고되서 샀어요 배송도 빠르고 옷도 역시 이쁘네요,"돼다, 쿠폰, 품절, 서다, 할인, 받다, 빠르다, 사이즈, 배송"
휘뚜루 마 뚜루템 하니 손이 자주 가요 임,"가요, 뚜루템, 휘뚜루"
상품이 디자인이 너무 예뻐서 친구들이 다 예쁘다고 해용,"친구, 상품, 디자인"
사이즈 박시해서 좋아요 이 뻐요 스트링 쪼여서 입으면 이 뻐요,"시해, 쪼이다, 스트링, 사이즈"
루즈한 게 스타일이 좋아요 트레이닝복에도 이 쁘네요,"트레이닝복, 루즈, 쁘네, 스타일"
봄 바람막 이용으로 아우터로 잘 입고 있습니다 이 뻐요,"이용, 바람, 아우터"
전부터 사고 싶어서 고민 끝에 샀는데 너무 마음에 들어요,"사고, 고민"
오래 기다렸어요 너무 너무 이 뻐요 기다린 보람이 있어요 인기가 많은 이유를 알겠네요 강 추합니다 간 지짱,"기다리다, 추하다, 보람, 인기, 이유, 많다, 오래, 알다"
환절기에 입 기 좋은 아이템입니다 누구든 다 잘 어울릴 것 같아 요,"아이템, 환절기, 어울리다"
나이키 바람막이 사려다가 다 품절이라 마뗑킴으로 샀는데 아무 데나 걸쳐도 잘 어울리는 휘뚤마뚤 템이에 여,"휘뚤마뚤, 나이키, 품절, 어울리다, 바람막이, 걸치다, 마뗑킴"
이 뿌다 귀엽다 사랑스럽다 편하다 좋다 만족한 다 최고 다 굳,"사랑스럽다, 굳다, 귀엽다, 최고, 만족하다, 편하다"
너무 마음에 듭니다 빠른 배송 및 할인도 너무 좋아요,"할인, 빠르다, 배송"
선물하려고 샀습니다 감사합니다 좋아하네요 번창하세요,"번창, 좋아하다, 선물"
블랙이랑 그레이 사서 출근할 때 돌려 입는 중이에 요 핏도 예쁘고 완전 무난템이라 추천추천,"추천, 그레이, 중이, 출근, 돌리다, 사서, 블랙"
디자인도 이쁘고 제가 원하던 그대로이라 더 좋네요,"그대로, 원하다, 디자인"
덩치 있는 남성분들 이 거 입으셔도 괜찮습니다 예쁩니다,"덩치, 남성, 분들"
거의 매일 입고 있습니다 맨투맨 셔츠 등 부담 없이 입을 수 있어서 더 자주 입을 것 같습니다,"투맨, 셔츠, 부담"
옷이 생각보다 크기는 한데 끝 부분 조여서 입으니 괜찮구 여 이것저것 걸쳐서 편하게 입을 수 있을 것 같습니다,"크기, 조여, 부분, 걸치다, 편하다"
오버핏이라 하단 부분 조여서 입으니 괜찮았습니다 옷이 얇긴 한데 그래서 여름까지도 입을 수 있을 것 같습니다,"하단, 조여, 부분, 여름, 오버핏, 얇다"
간절기나 요즘 밤 애 입기 좋아요 핏도 예쁘고 만족해요,"만족하다, 간절기"
이쁘고 특이하길래 사봤는데 생각보다 엄청 이 뻐요와 이 프랑 같이 입고 있어요,"프랑, 뻐요, 사보다, 특이하다"
보자마자 반했습니다 너무 예쁘고 맘에 들어 요 굿,반하다
아주 만족스럽네요 첫 구맨데 핏감이 대 만족입니다,"핏감, 대다, 만족, 만족스럽다"
로고 플레이가 너무 맛집인 마땡킴 패딩에 이어서 바막도 너무 이쁘네요,"맛집, 막도, 플레이, 패딩, 마땡킴, 로고"
엄청 예뻐요 되게 얇을 줄 알았는데 생각보다 나름 두꺼워서 좋았어요,"나름, 알다, 두껍다, 얇다"
생각보다 재질도 괜찮고 두꺼워 뇨 완 전 비닐처럼 얇을 줄 알았는데 아니더라고요 엄청 예뻐요,"알다, 두껍다, 아니다, 비닐, 얇다, 재질"
맘에 들어 요 소재도 특이하고 디자인도 루즈핏이라 좋아요,"루즈핏, 특이하다, 소재, 디자인"
엡버용 옙버요 조아 요 조아 요 두껍지도 않고 막얇지도 않고 바람막이템으로 잘 입겠습니다 요 포장도 잘 왓고 옷걸이도 잇서요,"조아, 옙버, 엡버용, 잇다, 걸이, 두껍다, 포장, 바람막이, 얇다"
사이즈도 저한테 너무 적당하고 배송이 너무 빨라서 좋았습니다,"라서, 적당하다, 사이즈, 배송"
너무 예뻐요 백화점에서 입어보고 샀는데 세상 힙하고 요즘 같은 환절기에 입 기 진짜 좋은 것 같아요,"백화점, 세상, 환절기, 입어보다"
뒷로고가 포인트가 되는 바람막이 입니다 바스락거리는 소재로 편하게 입을 수 있고 허리에는 스트링이 들어가 있어 사이즈 조절도 가능합니다,"들어가다, 허리, 조절, 거리, 가능하다, 포인트, 스트링, 바람막이, 소재, 로고"
예약 발송일보다 빨리 도착하긴 했는데 지금 날씨에 착용하기엔 살짝 덥네요 단품으로 입는 것보단 레이어드 했을 때 더 이쁜 아이템입니다,"도착, 일보, 발송, 보단, 레이어드, 예약, 아이템, 착용, 덥다, 빨리"
바스락 바스락 사이즈도 해요 날이 더워져서 가을에 나 다싴,"바스락, 다싴, 더워지다, 가을, 사이즈"
고민 고민하다 질렀어요 바스락 바스락 소재가 독특,"바스락, 고민, 독특, 지르다, 소재"
어디에 걸쳐도 힙하고 좋아요 생각보다 따뜻하고 생각보다 덥지 않아서 좋아요 바스락 거려서 걱정이었는데 그건 그거대로 예쁘네요,"그건, 그거, 대로, 거려, 따뜻하다, 걱정, 덥다, 바스락, 걸치다"
재질도 좋고 찾던 디자데 핏도 예뻐서 만족입니다,"찾다, 만족, 재질"
어디에 입어도 이 쁘고 오버핏이라 매치만 잘하면 굉장히 힙해지는 느낌이랄까 아무 대나 걸쳐서 입 기 좋아요,"지는, 굉장하다, 힙해, 매치, 대다, 끄다, 걸치다, 오버핏"
핏이 좋고 이쁜 거 같습니다 오래 기다렸지만 만족합니다,"기다리다, 오래, 만족하다"
기장이 쫌만 더 길었으면 하는 아쉬움이 있긴 하지만 만족해요,"아쉬움, 길다, 기장, 만족하다"
지금 이 날씨에 밤에 입 기 딱 좋아요 배송도 예정보다 빨리 왔네요,"예정, 빨리, 날씨, 오다, 배송"
많이 기장이 짧을 거라 생각했는데 생각보단 괜찮아요,"보단, 짧다, 기장"
월 발송 예약 주문이라 잊고 있었는데 월에 받았어요 포장도 하고 너무 이 뻐요,"잊다, 발송, 예약, 주문, 포장, 받다"
월배송이라 기 대안했는데 빨리 받아서 넘 좋아요 매장에서 보고 구매한 거라 넘 이 쁘네요,"송이, 대안, 월배, 쁘네, 보고, 매장, 빨리, 받다"
사이즈는 진짜 크고 박시합니다 비닐 냄새가 너무 심해요,"심해, 박다, 냄새, 비닐, 크다, 사이즈"
예쁘긴 진짜 예쁜데 많이 박시한 편이고 처음 받았을 때 비닐 냄새가 너무 심했어요 밖에 하루 이틀 걸어뒀더니 사라지긴 했어요,"사라지다, 하루, 밖에, 걸다, 이틀, 심하다, 편이, 두다, 시한, 처음"
비닐봉지 룩이지만 예쁜 걸로 다 했어 용 사이즈가 조금만 작았으면 좋겠어 욥 다음 시즌에는 여성용 남성용 이런 식으로 출시해도 좋을 것 같네용,"시즌, 출시, 성용, 남성, 비닐봉지, 작다, 사이즈"
간절기 아우터로 포인트 주기 너무 예쁘고 남자가 입기에도 괜찮은 품이네요 바스락 거리는 원단감이 나름 괜찮은 거 같아요,"주기, 원단감, 품다, 나름, 아우터, 거리, 포인트, 바스락, 간절기, 남자"
적당한 유광 재질이라 이 쁘고 두께도 적당해서 좋앗 어용,"적당하다, 어용, 두께, 유광, 재질"
예상 배송일보다 빨리 와서 좋아요 가볍게 입 기 좋습니다,"예상, 일보, 가볍다, 빨리, 오다, 배송"
안녕하세요 마뗑킴 상품 잘 구매했어요 디자인 색감 모두 좋아요,"안녕하다, 색감, 상품, 마뗑킴, 디자인"
남녀 공용이라 걱정했는데 사이즈 잘 맞아요 오히려 여성분께는 많이 오버핏일 듯 소재감이 독특하니 예쁘네요,"독특하다, 늘다, 여성, 공용, 남녀, 걱정, 소재, 맞다, 오버핏, 사이즈"
안녕하세요 마뗑킴 상품 잘 구매했어요 디자인 색감 모두 좋아요,"안녕하다, 색감, 상품, 마뗑킴, 디자인"
너무 예뻐요 딱 적당하고 좋은 거 같아 요 잘 시킨 거 같네요 재구매인데 무난무 난 바막으러 좋아요,"막다, 적당하다"
배송 빠르고 좋습니다 상품도 훌륭합니다 감사합니다,"훌륭하다, 상품, 빠르다, 배송"
안녕하세요 마뗑킴 점퍼 색 감 핏 너무 좋네요 지금 입기도 딱이 고 감사합니다,"안녕하다, 점퍼, 딱이다, 마뗑킴"
재질은 정말 만 원짜리지만 의리로 입습니다 땀복이네요,"의리, 짜다, 땀복, 리지, 재질"
예뻐요 깔끔하고 좋아요 왜 사는 지 알 것 같은 아이템 선물용으로도 좋아 보이고 어 쨋 든 넘 좋아요,"으로도, 보이, 아이템, 깔끔하다, 살다, 선물"
꼭 사세요 굿귯 포장 깔끔 배송 빨라요 실물깡패 너무 멋져요 왜 사는 지 알겠어요,"깔다, 멋지다, 깡패, 굿귯, 끄다, 실물, 알다, 살다, 포장, 빠르다"
왜 사는 지 알겟어요 힙해요 꼭 사세요 굿귯 포장 깔끔 배송 빨라요 실물깡패 너무 멋져요 예쁨,"깔다, 멋지다, 힙해, 깡패, 굿귯, 끄다, 실물, 알다, 살다, 포장"
왜 사는 지 알겟어요 꼭 사세요 굿귯 포장 배송 빨라요 실물깡패 너무 좋아요 예쁨,"깡패, 굿귯, 실물, 알다, 살다, 포장, 빠르다, 배송"
왜 사는 지 알겤어요 굿귯 포장 하고 배송 너무 빨라요 실물깡패 너무 좋아요 예쁨,"알겤어, 깡패, 굿귯, 실물, 살다, 포장, 빠르다, 배송"
예약 배송이었는데 오늘 받았어요 받으면 내년에 입어야 하나 고민하고 있었는데 다행히 계절에 맞게 딱 맞춰 와서 너무 좋아요 더 현대 가 서 다른 색상 입어보고 검정색을 구매하고자 했지만 다 품절이어서 아쉬워 하던 중 무신사에 올라 와서 쿠폰 써서 너무나 저렴하게 구매 할 수 있어서 더 좋았습니다 제품도 하자 없이 잘 왔어요,"오다, 받다, 다행하다, 현대, 검정색, 내년, 하자, 오늘, 너무나, 써다"
할인 통해서 구매할 수 있어서 너무 좋았습니다 잘 입고 다니겠습니돠,"통해, 할인"
여자친구 선물해줬는데 이 쁘고 잘 맞아서 만족하네요,"해주다, 여자친구, 만족하다, 선물, 맞다"
처음에 너무 비닐 같을까봐 걱정했었는데 딱 입어보고 걱정한 거랑 달리 이 뻤어요 근데 지인은 옷 재질이 왜 그러냐고 하긴 하던데 전 만족입니당,"걱정, 달리, 뻤어, 지인, 만족, 입어보다, 그렇다, 처음, 비닐, 재질"
원래 도 뽑기라고 알고 있었지만 스트링 부분 끊어져 와서 차 빡침 근데 입어보니 이 뻐서 차빡 침 교환이 늦게 될 줄 알았는데 빨리 되서 급빵끗 스트링 조여서 입어야 이 쁨 사이즈 폼 다 만족 키 큰데 상체 긴 사람은 짧을 수도 있어요 도쿄 여행 가서 입구 다녔는데 매우 만족함,"스트링, 라고, 뽑기, 급빵끗, 수도, 도쿄, 빡치다, 차빡, 상체, 끊어지다"
요즘처럼 일교차 큰 날에 스타일애면서 입기 딱입니다,"면서, 교차, 딱이다, 스타일, 크다"
너무 이 뻐요 사이즈도 적당합니다 다른 색상도 사고 싶네요,"사고, 색상, 적당하다, 사이즈"
마땡킴은 역시 마땡킴이 죠 가격 빼고 완벽합니더,"마땡킴, 완벽하다, 빼다, 가격"
남자친구랑 커플로 하려 구 두 개 구입했는데 넘 이 쁘고 만족스러워요,"커플, 남자친구, 만족스럽다"
지금 날씨에 가볍게 걸치기 조아 요 역시 마뗑 킴 로고가 이뿝니다,"이뿌다, 조아, 마뗑, 가볍다, 로고, 걸치다, 날씨"
사이즈가 정핏이 아니라 오버로 나와서 안에 후드 집업 레이어드 해도 이 쁘고 그냥 단독으로만 입어도 괜찮습니다,"집업, 으로만, 정핏, 단독, 후드, 오버, 해도, 레이어드, 나오다, 아니다"
이번에 바람막이로 고민하고 있었는데 캐쥬얼 하게 잘 입어져서 포인트 주기도 좋고 손이 잘 갑니다,"주기도, 쥬얼, 포인트, 가다, 바람막이, 고민"
특유의 냄새만 빠지면 넘 이쁘네요 요즘 같은 날씨에 딱 좋아요,"빠지다, 특유, 냄새, 날씨"
포장 상태 너무 좋았규 선물용으로도 좋고 가볍게 입기에 편하며 스타일 내기 좋습니댜,"좋습니댜, 내기, 으로도, 상태, 스타일, 포장, 가볍다, 선물, 편하다"
여기저기 코디 가능 재질이 구김이 안 가서 편하게 입 기 좋아요 더워지기 전 많이 입어야겠어요,"구김, 가능, 여기저기, 더워지다, 코디, 가다, 편하다, 재질"
디자인이 너무 이 뻐서 구매했는데 사이즈도 딱 맞고 핏도 딱 맞아 떨어지네요 재질도 너무 얇지 않아서 봄에 입 기 딱 좋습니다,"맞다, 떨어지다, 디자인, 얇다, 재질, 사이즈"
가볍게 걸치고 다녀도 예뻐여 포대 자루 같은 느낌의 원단이 특이하고 힙해요,"자루, 포대, 치고, 원단, 힙해, 특이하다, 가볍다"
착용감도 너무 좋고 디자인이랑 원단 질감 쵝오예 요 너무 바스락거리지 않고 해요 팔 통은 좀 큰 편이고 지퍼가 첨에는 해서 잘 안 올라가서 고생했는데 몇 번 하고 나니 잘 돼요,"고생, 올라가다, 오예, 원단, 나니, 질감, 돼다, 편이, 착용, 거리"
윗부분의 길이를 조절할 수 있어서 키가 작으면 아무 생각 없이,"길이, 조절, 부분, 작다"
예쁘고 힙하고 편하고 가볍고 어디든 다 잘 어울려요,"어울리다, 가볍다, 편하다"
고민하다가 샀는데 후회하지 않고 너무나 만족스러운 선택이였습니다 박시한 핏과 얇은 소재가 지금 딱 입기 너무 좋고 이 뻐요,"선택, 너무나, 후회, 시한, 만족스럽다, 소재, 고민, 얇다"
딸아이사줫는 데 스타일리쉬하고 너무 이쁘네요 어디에 걸쳐도 멋스러운 느낌입니다,"딸아이, 스러운, 늘다, 스타일리쉬, 걸치다"
휘뚜루 마 뚜루 템이 에 용 편하게 입기에 좋으면서도 스타일 좋고 그냥 바람막이 인가 싶은데 코팅된 느낌이 얇은 가 죽 느낌도 나는 거 같아요,"인가, 뚜루, 코팅, 휘뚜루, 스타일, 가다, 바람막이, 편하다, 얇다"
재질도 하니 좋고 아무 때나 입기 너무 좋네요 강 추입니당,재질
편하게 아무 때나 입기 좋아서 손이 자주가네요 두께도 너무 얇지 않아서 더 좋습니당,"니당다, 두께, 편하다, 얇다"
원사이즈로 크게 나와서 막 입고 다니기가 좋습니다,"크게, 나오다, 사이즈"
요즘 날씨에 입 기 너무너무 좋아요 벚꽃 보러 갈 때 입었어요,"벚꽃, 갈다, 날씨"
재질이 포인트 되아서 좋아 여 이 뻐서 잘 입고 다녀요,"포인트, 재질"
너무 빛나는 재질이 아니라서 잘 입고 있어요 예뻐요,"빛나다, 아니다, 재질"
남여 모두 가능한 디자인입니다 제 키에 살짝 기장이나 팔이 짧은 감이 있지만 입을 만 합니다 가볍고 얇은 소재라 요즘에 가장 손이 잘 가는 옷이네요,"팔이, 남여, 가장, 짧다, 기장, 가능하다, 가다, 소재, 가볍다, 디자인"
지금 날씨에 딱 좋아요 마구 얇지만 않고 약간 광 있어 느낌 괸 찬 아요,"아요, 마구, 날씨, 얇다"
요즘 날씨에 걸치기 딱 좋아요 그리고 예쁩니다 너무 유광도 아니고 빛 비추면 하게 빛나니 매력 있어요 그리 구 큽니다,"빛나다, 비추다, 그리다, 매력, 유광, 아니다, 걸치다, 날씨, 크다"
생각한 그대로의 핏이고 보가 보단 두껍습니다 너무 예뻐요,"보가, 그대로, 보단, 두껍다"
남자친구랑 커플로 맞췄어 여 크롭도 있고 일반 기장도 있어서 커플로 맞춰 입기 너무 좋아요 봄 날씨에 딱 좋은 두께라 막 입 기 너무 좋고 색도 블랙이라 어디에 코디해도 좋아요 아울렛에서 사는 것보다 이것저것 할인 받을 수 있어서 좋아요,"커플, 맞추다, 일반, 아울렛, 색도, 크롭, 해도, 코디, 기장, 남자친구"
남자친구랑 커플로 맞췄어 여 크롭도 있고 일반 기장도 있어서 커플로 맞춰 입기 너무 좋아요 봄 날씨에 딱 좋은 두께라 막 입 기 너무 좋고 색도 블랙이라 어디에 코디해도 좋아요,"맞추다, 커플, 일반, 크롭, 색도, 해도, 코디, 기장, 남자친구, 두께"
운동할 때 가벼운 아우터로 입기도 평소에 데일리로 입기도 다 좋은 휘뚜루 마 뚜루템이고 오버핏이니까 편하게 툭 걸치기 좋아요,"이니까, 운동, 뚜루템, 데일리, 아우터, 휘뚜루, 가볍다, 걸치다, 편하다, 오버핏"
배송은 빨리 왔어요 쿠폰 적립금 해서 저렴하게 구매할 수 있었어요 투웨이로 되어 있어서 스타일링이 너무 편리하고 이 뻐요,"적립금, 편리하다, 스타, 일링, 쿠폰, 되어다, 빨리, 저렴하다, 오다, 배송"
구매하려고 할 때 마다 품절이여서 이번에는 후 다닥 구매했어요 투웨이로 되어 있어서 스타일링 하기도 편리하고 핏감도 너므 이 뻐요 밑단에 고무줄이 있어서 골반선에 맞추 입으면 다리도 더 길어 보이고 이 쁘답니당,"너므, 다닥, 골반, 쁘답니당, 밑단, 다리, 편리하다, 고무줄, 핏감, 마다"
약간 옷 처음 받았을 때 옷 냄새가 났음 그래도 이 쁘게 잘 입는 중,"처음, 냄새, 받다"
옷은 얇은 바람막이 아니에 요 약간 살짝 비닐 소재보다 두꺼움 사이즈 프리로 나와서 작은 여성이 입기엔 클 듯,"여성, 프리, 나오다, 두껍다, 작다, 바람막이, 아니다, 소재, 비닐, 크다"
커플로 주문해서 너무 잘 입고 있습니다 지퍼가 불량인지 잘 안 되는 거 말고는 색감 기장 핏 모두 너무 좋네요,"말고는, 불량, 색감, 주문, 기장, 커플, 지퍼"
밑에 고무가 있어서 다양하게 옷을 연출할 수 있어서 좋아요 봄 가을에 입으면 패션 피플,"패션, 고무, 피플, 연출, 다양하다, 가을"
세상 사람들 마땡킴 옷도 잘 만드는 거 보고 가세요 가격은 좀 나가도 그만큼 값어치 해요 진짜 이 거 고민하는 사람 바보,"사람, 값어치, 그만큼, 바보, 가세, 만들다, 세상, 마땡킴, 보고, 가격"
매장에서 입어보고 샀는데 생각했던 거처럼 너무나도 이쁜 옷입니다 엄마랑 같이 입고 있는 네 입을 때마다 이쁘다고 칭찬남발하면서 입고 댕겨요 어디에 걸쳐도 대학 민국 세상 제일가는 힙걸이 된 듯한 느낌이 들어 요 검은색 도 그냥 검은색이 아니라 약간 레더 느낌 나는 검은색이라 더 이쁜 거 같아 요 마땡킴 지갑만 잘 만드는 줄 알았더니 옷도 잘 만드네 다음은 가방이 다 기 다려라,"검은색, 칭찬, 민국, 너무나도, 남발, 대학, 만드, 일가, 댕겨, 엄마"
지퍼가 좀 하긴 한데 예뻐서 괜찮아요 스트링으로 조이기 필수,"이기, 필수, 지퍼, 스트링"
디자인 좋고 소재 좋고 크기도 하고 다 좋아요 다만 지퍼가 처음 올릴 때 살짝 잘 안 맞는 느낌이 들긴 하네요,"올리다, 크기, 지퍼, 처음, 소재, 맞다, 디자인"
남자 평균 키 몸무게 기준 잘 맞아요 여자가 입으면 하고 남자도 잘 맞아서 좋음 후드 티 매치도 잘 어울리고 소재 좋습니다,"남자, 맞다, 몸무게, 평균, 기준, 여자, 후드, 매치, 어울리다, 소재"
지나가다 어떤 남자가 입고 있는 걸 보고 찾아서 구입했습니다 유니섹스 원 사이즈라 와 사이 정도의 사이즈 인 것 같고요 키가 큰 편이지만 살짝 박시한 느낌이 있습니다 그래도 손목이랑 허리에 밴딩으로 예쁘게 핏 정리 가능합니다 펄감이 있지만 너무 반짝이지 않고 고급스럽습니다 세탁하면 벗겨질 수 있다고 해서 섬유 탈취제도 구입했네요 투웨이 지퍼여서 다양한 연출이 가능하고  아무렇게나 걸쳐도 이쁩니다,"가능하다, 유니섹스, 탈취, 펄감, 아무렇다, 벗겨지다, 정리, 제도, 고급스럽다, 섬유"
역시 무신사 너무 합리적이에 여 세탁 후 변형도 없고 너무 좋아요 배송도 빠르고 휘뚜루마 뚜루 입기 좋습니다,"변형도, 합리, 적다, 세탁, 뚜루, 휘뚜루, 빠르다, 배송"
하게 입 기 좋구 얇아서 여름까지도 입을 수 잇어요,"잇다, 여름, 얇다"
하게 입는 거 좋아하는 사람 한텐 딱 맞는 크기예요 체격이 작은 저한텐 좀 큰데 편하게 입기 좋슴당,"좋슴당, 체격, 크기, 사람, 좋아하다, 작다, 맞다, 편하다, 크다"
친누나 선물로 줬는데 누나가 너무 좋아해서 저도 기분이 좋네요 옷도 이 뻐요,"누나, 친누나, 기분, 주다, 좋아하다, 선물"
가볍게 입 기 좋고 스타일 좋아요 남자에게는 살짝 짧은 감이 있어요,"에게는, 짧다, 스타일, 가볍다, 남자"
여자친구랑 같이 입으려고 두장 구매했는데 요 둘 다 만족하고 예쁘게 입고 다니는 중입니다 고민하시는 분 어서 구매하세요,"어서, 여자친구, 만족하다, 고민"
요즘 마뗑 김 인기 많아서 저도 함 구매해봤어 여 이 뻐여 사이즈 생각보다 많이 크지 않고 지금 입 기 딱 좋아요,"해봤다, 인기, 많다, 마뗑, 크다, 사이즈"
얇지만 예뻐요 무난하고 얇은 만큼 가 벼워서 자주 손이 감,"얇다, 벼워, 가다"
생각보다 주름이 잘 지긴 하는데요 모르고 산 것도 아니라 섷 이쁘긴 해요 증 맬 루 근데 얇아서 날씨 할 땐 비추합니다,"매다, 주름, 모르다, 비추다, 아니다, 날씨, 얇다"
조임 고무줄 끊어진 게 와서 교환하느라 좀 시간 걸렸네 여 품질이 엄청 좋다고 할 순 없지만 데일리 스타일링 하기에는 좋은 거 같아요,"조이다, 끊어지다, 고무줄, 품질, 데일리, 교환, 스타, 일링, 걸리다, 오다"
역시 마뗑 킴 믿고 사 다만 사이즈가 조금만 더 커도 예쁠거 같아용,"믿다, 마뗑, 크다, 사이즈"
사진이랑 그대로예요 예뻐요 추리닝에 입어도 예쁘고 꾸안꾸로 대충 걸쳐도 예뻐요 간절기에 더 잘 입어질 것 같아요,"추리닝, 대충, 꾸안꾸, 그대로, 사진, 걸치다, 간절기"
진짜 돈 안 아까워 요 어디에 입어도 힙스러움 사람들이 다 어디꺼냐고 이 뻐서 물어봐요 재질도 흔치 않고 팔 부분 라인에 점퍼 뒤 로고가 으쓱하게 만들어요 고민하지 마시고,"으쓱, 힙스러움, 물어보다, 만들다, 라인, 아깝다, 부분, 끄다, 사람, 점퍼"
진짜 돈 안 아까워 요 어디에 입어도 힙스러움 사람들이 다 어디꺼냐고 이 뻐서 물어보네요 고민하지 마시고,"힙스러움, 물어보다, 아깝다, 사람, 끄다, 말다, 고민"
생각보다 하고 남녀 공용인 거 같아 요 두께도 마냥 두껍지도 얇지도 않아서 요즘 날씨에 딱 좋은 거 같아 요,"공용, 남녀, 두께, 두껍다, 날씨, 얇다"
이 뻐요 선물했는데 마음에 들어 하네요 고급집니다,"고급, 선물"
무난하니 이 뻐요 오늘 날씨 좋아서 입었는데 같은 옷 다른 색깔 입고 간 사람 마주쳤어요,"색깔, 마주치다, 오늘, 사람, 날씨"
너무 너 무너무 사고 싶던 옷인데 계속 담아두다가 샀우요 예뻐용,"담다, 다가, 계속, 사고"
배송 빠르고 포장합니다 잘 입겠습니다 감사합니다,"포장, 빠르다, 배송"
착용감도 좋고 핏도 이쁩니다 약간의 광택 있지만 부담스럽지 않아 요 배송도 빠르고 포장합니다 잘 입겠습니다,"스럽지, 부담, 착용, 광택, 포장, 빠르다, 배송"
배송 빠르고 포장합니다 잘 쓰겠습니다 감사합니다,"쓰다, 포장, 빠르다, 배송"
뒤집어지게 예쁘고요 그냥 사야 합니다 사이즈는 매우 크기 때문에 스트링 필수로 조여야 예뿌더라구 용 비닐봉지 같은 느낌 오래 갔으면 좋겠어용,"뒤집어지다, 뿌더, 필수, 비닐봉지, 크기, 조여, 때문, 오래, 가다, 스트링"
일단 소재 재질이 유니크해서 눈에 들어 오네요 입고 나가면 이쁘다는 소리 많이 들었어요 얇아서 봄 가을에 적합해요,"적합하다, 소리, 유니크, 소재, 오다, 가을, 얇다, 재질"
전부터 사구 싶었는데 품절이라 못 사구잇다가 이번에 삿는데 완전 만족합니다,"사구, 삿는데, 잇다, 품절, 만족하다"
전부터 사구 싶었는데 품절이라 못 사구잇다가 이번에 삿는데 완전 만족합니다,"사구, 삿는데, 잇다, 품절, 만족하다"
이 뻐 여 배송 빠르고 옛날부터 고민한 건데 가격 대비 비싸서 군데 휘뚜루 잘 입을 듯요 코팅 재질감은 제가 생각한 거랑 좀 다른데 핏은 이 뽀용,"옛날, 다르다, 군데, 뽀용, 재질감, 비싸다, 대비, 건데, 코팅, 휘뚜루"
쿠폰 적용해서 저렴하게 구매했습니다 디자인 마음에 들어요,"적용, 쿠폰, 저렴하다, 디자인"
배송 빨라서 좋아요 생각보다 얇아서 좀 더 날 풀리면 입기 좋을 것 같아요,"풀리다, 라서, 얇다, 배송"
배송도 빠르고 포장도 잘 해와서 좋습니다 잘 입을 게옹,"해오다, 게옹, 포장, 빠르다, 배송"
로고 코팅이 주는 유니크한 느낌이 개성 있는 스타일을 완성시켜줘요,"완성, 개성, 유니크, 주다, 코팅, 스타일, 로고"
예뻐요 일단 재질은 말할 것 없구 한 광택이 너무 예쁩니 당 꼭 사세요꼭,"광택, 재질"
너무 너무 이 뻐요 재질도 가볍고 스타일리쉬해서 좋아요,"스타일리쉬, 가볍다, 재질"
와이프 선물로 사줬는데 좋아하네요 너무 튀지도 않고 잘 입을 거 같아요,"튀다, 와이프, 사주다, 좋아하다, 선물"
다른 후기들 보고 샀는데 예쁘네요 웬만 하면 후기 안 남기는데 진짜 예쁨 냄새 문제로 말들 좀 있길래 뭐지 싶었는데 진짜 이 상한 냄새가 좀 나네요 가죽 냄새도 아니고 아노락 재질이라 그런 건지 냄새 좀 빠지면 입고 다닐 수 있을 거 같네요 대 만족 사이즈도 생각했던 거와 비슷해서 남친이랑도 공유 가능할 거 같네요,"냄새, 후기, 공유, 남기다, 아노락, 가죽, 남친, 상한, 문제, 건지다"
비닐봉지 같다길래 사 알짝 걱정해는 데 걍 예쁘고 바스락거리게 입가 좋아요,"입가, 알짝, 비닐봉지, 거리, 걱정, 바스락"
여자친구 선물로 줬는데 너무너무 맘에 들어해서 좋네요,"주다, 여자친구, 선물"
비닐 같을 줄 알고 구매 망설였는데 세미 유광 재질이예요 스트링 조이면 핏 예쁨,"망설이다, 세미, 조이, 유광, 스트링, 비닐, 재질"
오버사이즈여서 힙스러워 여 재질은 가격 대비 실망적이네요,"실망, 적다, 오버, 대비, 가격, 재질, 사이즈"
박시하고 힙스러운 사이즈네요 남자가 입어도 충분해여,"스러운, 충분하다, 박다, 남자, 사이즈"
예뽀요 고민하지 말고 진작 살껄 다른 컬러도 살까 고민될 정도랄까 아무데나 막 걸치기에도 좋고 얇아서 지금 부터 입기가 너무 좋네여,"고민, 치기, 예뽀, 살껄, 진작, 컬러, 끄다, 살다, 얇다"
간절기에 입으려고 샀어요 얆아서 긴팔이나 반팔에 입 기 좋구요 할 때 걸치기 딱이에요 괜히 고밍하다가 늦게 산 거 같아서 후회되용 예쁩니다,"괜히, 후회되다, 얆아, 다가, 늦다, 딱이다, 걸치다, 간절기"
배송 빠르고 예뻐요 매장 보다 저렴히 구매했어요,"매장, 저렴하다, 빠르다, 배송"
배송도 빠르고 매장보다 저렴하게 구매했어요 예뻐요,"매장, 저렴하다, 빠르다, 배송"
좋아요 예뻐요 맘에 들어 요 아직은 좀 얇아서 춥고 더 따뜻해져야 할 거 같아요,"아직, 추다, 따뜻하다, 얇다"
박시하게 나오기 때문에 여성분들은 저처럼 젤 작은 사이즈 해도 크게 입을 수 있어요,"크게, 분들, 여성, 해도, 때문, 박다, 나오다, 작다, 사이즈"
생각보다 품이 넓습니다 오버하게 핏으로 이쁜 것 같아요,"넓다, 오버"
남녀 공용으로 입어도 좋을 거 같아서 삿어요 저랑 남편 다 마음에 드네요,"남편, 삿어, 공용, 남녀"
작년에 아이보리 입었는데 맘에 들어서 블랙도 구매했어요 블랙도 매력 있네요,"블랙, 작년, 아이보리, 들어서다, 매력"
실물로 보고 너무 예뻐서 무신사로 할인 받아서 구매했네요 고민은 배송만 늦출 뿐 언넝 사세요,"늦추다, 언넝, 무신, 보고, 실물, 할인, 받다, 고민, 배송"
진짜 이 쁘고 좋아요 그거 말고 할 말이 있을까 할 정도로,그거
스타일리시 하고 입기 편하고 요새 날씨에 입 기 정말 좋아요,"스타일리시, 날씨, 편하다"
옷이 원사이즈라서 조금 크긴 한데 입 기 편하고 좋아요,"라서, 편하다, 크다, 사이즈"
흠 사진이랑 비슷한데 요상한 냄새가 나요 그리고 지퍼가 하네요,"상한, 나요, 사진, 지퍼, 냄새"
살펴보다가 마음에 들어서 고민하다가 바로 구매 결정했는 제 택배 상태도 하고 배송도 빨리 왔어요,"택배, 살펴보다, 결정, 상태, 들어서다, 빨리, 고민, 오다, 배송"
운동복에도 일상복에도 잘 활용할 수 있을 것 같아 요 잘 입을께요,"운동복, 상복, 활용"
박스랑 옷걸이까지 세트로 이쁘게 포장해서 왔어요 할인할 때 샀고 요즘같이 낮에 실내 활동할 땐 딱 좋아요 조금만 날씨 풀리면 자주 입을 거 같습니당,"실내, 활동, 세트, 니당다, 박스, 풀리다, 걸이, 할인, 포장, 날씨"
따뜻한 봄이네요 캠퍼스를 누비며 잘 입기 시작합니다,"캠퍼스, 누비, 시작, 따뜻하다"
생상도 이 쁘고 너무 조아 요 봄에 입기에 딱 좋을 거 같아 요 남녀 누구나 핏하기 좋을 거 같아 요 강력 추천합니다,"강력, 생상, 조아, 남녀, 추천"
날 풀리고 입으려고 샀는데 디자인이나 색상 둘 다 넘 이 뻐요,"풀리다, 색상, 디자인"
유광 바람막이 마뗑킴 당장 사세요 이 가격이면 안 살 이유 없음,"이면, 이유, 유광, 바람막이, 가격, 마뗑킴"
마뗑킴만의 감성이 물씬하고 프리 사이즈이지만 남녀 다 착용 가능하여 커플켐으로 맞추었어요 너무너무 이쁜 디자이너 브랜드,"물씬하다, 디자이너, 커플켐, 만의, 감성, 브랜드, 맞추다, 프리, 남녀, 착용"
이쁘고 사이즈가 좀 해요 바스락 재질에 광택 나는 유광,"유광, 광택, 바스락, 재질, 사이즈"
얇지만 휘뚜루마 뚜루 잘 입어질 것 같아요 생일 선물로 받았는데 너무 맘에 듭니다,"생일, 뚜루, 휘뚜루, 선물, 받다, 얇다"
재질이 특이해서 더 이 쁜 것 같아 요 사이즈는 남자가 입기에도 작지 않습니다,"특이하다, 작다, 남자, 재질, 사이즈"
간지가 나 용 간절기에 힙하게 입을 수 있겠어요 살짝 냄새 나서 며칠 통풍시켜 줫네용,"줫네용, 며칠, 통풍, 나서다, 간지, 힙하, 냄새, 간절기"
남자가 입어도 이 쁘네요 따뜻해지면 자주 입을 거 같아요,"쁘네, 따뜻하다, 남자"
스타일리쉬하고 핏도 좋아요 포장도 히 오고 옷걸이까지 와서 너무 좋습니다,"오다, 스타일리쉬, 걸이, 포장"
예쁜 오버핏이에 요 재질이 특이하면서 포인트 되네요,"특이하다, 포인트, 오버핏, 재질"
전부터 엄청 사고 싶었던 건데 간절기에 입 기 좋을 것 같아서 질렀어요 재질이 비닐봉지 같다고 한 후기 많이 봐서 기대 안 했는데 생각보다 너무 괜찮아요 깔끔하게 꾸안 꾸 느낌 줄 수 있어서 좋고 전 잘 입을 것 같아 요 나만 입을래,"꾸다, 기대, 비닐봉지, 지르다, 후기, 건데, 깔끔하다, 사고, 간절기, 재질"
옷걸이까지 함께 보내주고 옷도 깔끔하고 무난하게 입을 수 있지 싶어요,"보내다, 깔끔하다, 걸이"
좋아요핏도 원하는 핏이구요 다른 색상도 사고 싶어요,"핏이구, 원하다, 사고, 색상"
딱 맞아요 잘 어울리는 거가 타 기 분 좋아요 근데 생각보다 너무 얇아요,"거가, 어울리다, 맞다, 얇다"
마뗑킴 베스트 자켓인 듯 무신사에서 저렴하게 구매했어요,"베스트, 자켓, 무신, 저렴하다, 마뗑킴"
길이 감도 적당하고 스트링 조이면 크롭하게도 가능해서 아주 만족합니다,"조이, 크롭, 길이, 가능하다, 스트링, 적당하다, 만족하다"
예뻐요 예 전부터 보던 제품인 제 아른 아른 거려서 구입했네요,"아른, 거려, 제품"
구매했는데 실물이 더 괜찮고 외출용으로 괜찮은 듯 너무 추울 때 입기는 그렇고 약간 환절기나 날 좋을 때 입 기 좋을 듯,"외출, 추다, 환절기, 실물, 그렇다"
잘 받았어요 마음에 들어 요 정가보다 저렴히 구매해서 좋아요,"정가, 저렴하다, 받다"
아직 착용은 안 했는데 목 부분이 하얗게 바란 건 왜인지는 모르겠지만 만족합니다 약간 어벙한 핏인데 그래도 얇아서 덩치가 커 보이지 않아 요 투웨이라서 스타일링 다양하게 할 수 있어서 자주 입을 것 같아 용 하의는 뭐든 입어도 꾸밈 안 꾸밈 모두 될 것 같아 용 저렴하게 할인할 때 사 서 좋숩니다,"꾸밈, 바란, 좋숩니, 치가, 왜인, 어벙, 보이지, 하얗다, 모르다, 지는"
거대한 비닐봉지 느낌이 있긴 하지만 그게 또 매력인 거 같고 핏이 너무 예뻐요 바람도 잘 막아지는 것 같습니다 안에 조금 껴입으면 요새 입 기 딱 괜찮아용,"끼다, 거대하다, 막다, 바람, 비닐봉지, 매력"
배송도 빨랐고 딱 생각한 대로 예용 빨리 날이 풀려서 단독으로 입고 싶어요,"단독, 풀다, 대로, 빨리, 빠르다, 배송"
포장이 너무 해서 놀랫어요 마뗑 킴 특유의 느낌이 나서 너무 좋고 이 뻐요 교복처럼 입고 다닐 거 같아요,"놀랫어, 특유, 나서다, 교복, 마뗑, 포장"
너무 비닐 같지 않고 살짝 유광 있는 정도예요 스트링 쪼이면 핏 딱 예뻐요,"쪼이다, 유광, 스트링, 비닐"
상품 잘 받았습니다 디자인이 너무 이 뻐요 자주 입고 다닐 예정,"예정, 상품, 받다, 디자인"
배송 빠르고 디자인 힙하고 좋아요 근데 처음에 지퍼가 안 열리길래 불량인 줄 알았네요 열심히 잡아당기니 열리긴 했습니다만 가격 생각하면 조금 아쉽습니다,"열리다, 잡아당기다, 열심히, 불량, 아쉽다, 알다, 지퍼, 처음, 가격, 디자인"
가격 대비 퀄리티가 아주 좋아요 잘 입을 거 같아요,"대비, 퀄리티, 가격"
배송 빠르고 포장 상태 좋네요 다른 컬러도 구매할까 싶네요,"컬러, 상태, 포장, 빠르다, 배송"
피팅감은 만족스럽고 두께감도 생각보다 좋네요 지퍼가 살짝 아 쉽습니다,"쉬다, 피팅, 두께감, 만족스럽다, 지퍼"
친구 선물용으로 사줬는데 폼 하니 오버하게 입으니 이 뻐요,"오버, 사주다, 친구, 선물"
아주 좋아요 너무 좋아요 최고의 상품입니다 최고,"최고, 상품"
생일 선물로 구매했는데 친구가 너무 맘에 들어 해요,"생일, 친구, 선물"
소재 재질 하나만으로도 포인트 되는 자켓 활용도 넘 조아요,"만으로도, 활용, 하나, 자켓, 포인트, 소재, 재질"
고민햇는데 핏도 이 쁘고 배송도 빠르고 너무 이 뻐요 다른 색상도 구매 예정이에 요 최고입니다아,"늘다, 예정, 최고, 색상, 고민, 빠르다, 배송"
예쁜데 생각보다 얇네요 초여름까지도 입을 수 있을 것 같은 너낌,"초여름, 얇다"
음 퀄은 그닥인 거 같고 핏도 죽여준 다 이건 아닌 거 같지만 일단 안 고 가 볼게 여 하의는 치마든 바지든 숏츠 입을 때 더 이뿐 듯,"그닥, 치마, 죽여주다, 숏츠, 이건, 이뿌다, 하의, 바지, 가다, 아니다"
이 뻐요 다른 색도 사고 싶을 정도 두깨는 조금 얇은 편,"색도, 사고, 얇다"
재질도 특이해서 마음에 들고 마뗑킴로고도 이 뻐서 좋네요 봄에 자주 입을 듯합니다,"마뗑킴로고, 특이하다, 재질"
엄청이 쁘고 남자가 입어도 잘 맞아요 봄 되면 자주 입을 듯합니다 뒤에 마뗑킴로고도 이 쁘고 재질도 특이해서 좋아요,"마뗑킴로고, 특이하다, 남자, 맞다, 재질"
지금 날씨에는 추운데 조금 풀리면 딱 좋을 것 같아요,"추다, 풀리다, 날씨"
소재는 바람막이 같은 얇은 소재로 바스락거려요 품도 해서 가볍게 여기저기에 걸치기 좋고 초여름까지 애용할 듯해요 길이는 제 키에서 엉덩이 안 가리는 허리보다는 아래쪽까지 오는 길이감이라 적당해요 흰색 스티치가 은 근 포인트 확실히 백로고가 주는 임팩트가 상당하고 디자인이 특별한 건 아니지만 재질이 펄같이 하게 반짝 거려서 나름 차별점을 주네요 유행 안타고 오래  입을 수 있을 베이직 한 아이템 같아서 좋아요,"거려, 소재, 주네, 차별, 임팩트, 베이직, 안타, 특별하다, 길이감, 아래쪽"
사이즈가 한 종류라서 후기 잘 보고 구매해야 할 것 같아요,"종류, 후기, 보고, 라서, 사이즈"
색감 화면과 같습니다 여성분들께 추천 드립니다,"분들, 드리다, 화면, 여성, 색감, 추천"
확실히 겨울에 입기에는 얇으나 봄 가을에 걸치기 이쁜 자켓인 거 같아요,"겨울, 확실하다, 자켓, 걸치다, 가을, 얇다"
얇긴 한데 재질도 특이하고 로고도 큼직하게 있어서 부담 없이 평상시에 많이 입을 수 있을 것 같아 요 빨리 날 풀렸으면 좋겠네용,"큼직하다, 평상시, 겠다, 부담, 풀리다, 특이하다, 로고, 빨리, 얇다, 재질"
역시 믿고 입는 마뗑 킴 재질이랑 사이즈 매우 좋습니다,"믿다, 마뗑, 재질, 사이즈"
배송 빠르고 잘 도착했어요 재질이 생각보다 반딱이는 재질이에요,"재질, 도착, 딱이다, 빠르다, 배송"
남자친구 선물로 줬는데 엄청 좋아해요 사이즈도 잘 맞아요,"남자친구, 주다, 좋아하다, 선물, 맞다, 사이즈"
봄 가을에 날씨 풀렸을 때 입 기 좋을 것 같아 요 소재도 독특해서 매력 있네요,"독특하다, 풀리다, 매력, 소재, 날씨, 가을"
새 옷이라 그런지 살짝 냄새는 나지만 넘 이 뻐여 바스락 거려서 조용한 데서는 못 입을 거 같습니다,"조용하다, 거려, 서다, 그렇다, 냄새, 바스락"
아 마뗑킴은 진짜 천재에 요 광 완전 빤딱 빤딱할까봐 걱정했는데 그런 거 아니고 무채색 데일리룩에 맛있게 활용할 수 있는 정도네요 강 추드립니다,"빨다, 데일리룩, 맛있다, 천재, 딱하다, 무채색, 활용, 드리다, 그렇다, 걱정"
봄에 입 기 좋은 두께에 누구나 좋아할 디자인에 포인트 로고가 등 뒤에 있는 깔끔한 옷입니다,"깔끔하다, 두께, 좋아하다, 포인트, 로고, 디자인"
일단 디자인이 너무 예쁘구요 흔하지 않은 질감의 재질이 너무 맘에 드네요 유니크한 옷 득한 거 같아서 너무 맘에 듭니다,"흔하다, 질감, 유니크, 디자인, 재질"
진짜 너무 만족 해요 이 뻐요 세택 후 변형되는 것고 없고 배송도 빠르고 깔끔하고 좋아요 디자인은 진짜 너무 이쁘고 만족입니 더 너무 잘 입고 있어요 가격대도 너무 좋아요 이런 상품은 진짜 최고에요,"만족, 세택, 대도, 변형, 최고, 깔끔하다, 상품, 가격, 디자인, 빠르다"
디자인 너무 맘에 들고 핏은 좀 한 편입니다 사세요,"편입, 디자인"
기다렸다 거 샀는데 역시나 매우 만족스럽고 이쁩니다,"기다리다, 만족스럽다"
생각보다 배송도 빠르고 이쁘게 잘 입을 것 같슴니다,"같슴니, 빠르다, 배송"
