Review,keyword
저는 사이즈 하니까 제가 원하는 길이 핏 딱 나오더라고요 저랑 같은 스펙이신 분들 참고하세요,"이신, 스펙, 분들, 참고, 원하다, 길이, 나오다, 사이즈"
맛도 리 바지에 요 가 성비 미쳤고 기장감 워싱감도 좋고 데일리 가성비 버뮤다 찾으신다면 강 추입니다,"워싱감, 신다, 성비, 미치다, 찾다, 기장감, 데일리, 가다, 가성비, 버뮤다"
너무 잘 만드신 거 같아 요 무계는 보통이고 구매한 이유는 유향 따라갈려 고용 재질은 떡 좋습니다 감사합니다,"고용, 유향, 따라가다, 보통, 만들다, 이유, 재질"
생각보다 좀 크고 핏감이 아쉽긴 한데 하나쯤은 싸게 가지고 있기 좋아요,"가지, 핏감, 하나, 싸다, 아쉽다, 크다"
이 뻐요 평히 게 입을 수 있을 거 같구 핏도 귀욥 뽀짝해요 좋라요,뽀짝해
버뮤다 팬치 입문으로는 딱입니다 아래로 갈 수록 퍼지는 라인이 좋습니다,"팬치, 수록, 으로는, 라인, 아래, 갈다, 딱이다, 퍼지다, 입문, 버뮤다"
생각한 것 처럼 핏이 잘 나와서 좋고 여름에 자주 손이 갈 거 같아요,"갈다, 여름, 나오다"
너무 너무 커요 벨트 무조건 해야 댐 로 시킬까 하지만 그래도 짱 예뻥요,"무조건, 벨트, 크다"
제 스펙에 했는데 허리가 진짜진짜 작습니다 다른 분들 어떻게 입으셨는지 모르겠어요 로 교환했습니다 저렴하게 삿는데 교환비 아쉽 근데 배송은 엄청 느림,"교환, 삿는데, 진짜진짜, 스펙, 어떻다, 느리다, 모르다, 분들, 저렴하다, 아쉽다"
화면이랑 색감 디자인 똑같아 요 사이즈 입는데 허리 해서 벨트는 해야 하지만 무릎 딱 가려서 좋아요 다른 곳에서도 버뮤다 몇 번 사봤는데 트릴리온 바지가 가성비도 좋고 제일 만족합니다 다 만 바지가 일자가 아닌 자로 퍼지는 형태라 취향이 아니 신 분은 참고하시면 좋을 것 같아요,"아니다, 일자, 취향, 형태, 자로, 에서도, 바지, 화면, 퍼지다, 똑같다"
사이즈가 없어서 사이즈 샀는데 허리가 조금 많이 크네요 근데 입어보니까 핏은 괜찮지만 저보다 마르시거나 키가 작으시면 진짜 클 거 같아요,"크다, 마르다, 사이즈, 입어보다, 작다, 허리"
역시 트릴리온 바지는 믿고 구매합니다 사이즈도 좋고 적당한 기장감과 핏감이 매우 만족입니다 가격도 착해서 가성비도 매우 굿,"착하다, 믿다, 핏감, 만족, 기장감, 트릴, 리온, 가성비, 적당하다, 가격"
워싱 있는 버뮤다 팬츠 필요했는데 이 가격이면 너무너무 좋은 상품입니다 무릎까지 오는 기장이고 여름에 입 기 제격입니다 데님 버뮤다 필요하시면 정말 추천 드립니다,"필요하다, 버뮤다, 이면, 제격, 상품, 드리다, 데님, 오다, 무릎, 추천"
무진장 할인 할 때 구매했는데 트릴리온 제품은 믿고 살만 합니다 모든 티에 어울리고 기장도 딱 무릎 정도 까지 고 오고 다만 허리가 사이즈 표 보다 살짝 작은 느낌이 긴 한데 그래도 만족 합나 다,"믿다, 무진장, 할인, 만족, 제품, 트릴, 리온, 오다, 무릎, 어울리다"
핏도 좋고 색깔도 이 뻐서 코디하기에도 좋고 시원해서 여름에도 잘 입고 다닐 것 같습니다,"시원하다, 코디, 색깔, 여름"
일단 동생이 마음에 들어하고 이 사이즈 입었는데 기장은 적당한 데 허리가 조금 크네효 워싱이 이 뻐효,"뻐효, 동생, 적당하다, 기장, 크다, 워싱, 허리, 사이즈"
일단 배송이 너무 오려 걸려서 목이 빠지는 줄 알았습니다 제가 허리는 얇고 하체가 좀 있는 체형인데 를 골반에 걸치면 기가 막히게 맞아요 근데 그걸 보고 남자친구가 똑같은 상품 다른 색을 주문했는데 너무 큰 거에 요 그래서 비교해보니까 확실히 남자친구가 주문한 상품이 허리랑 바지 통 자체가 조금 더 크더라구 요 같은 라지 사이즈였습니다 색깔마다 근소한 차이가 있는  것 같으니 참고하고 주문하세요,"주문, 남자친구, 상품, 막히다, 근소, 그걸, 비교, 크다, 알다, 확실하다"
배송이 조금 늦은 감은 없지 않아 있는데 그래도 착용 감도 좋고 이 가격에 이 정도 퀄리티면 배송 늦은 거도 감안이 되긴 하네 여,"늦다, 거도, 배송, 감안, 착용, 퀄리티, 가격"
이랑 이랑 고민했는데 딱 저한테 이 괜찮았고 다리기 신분은 도 좋을 거 같네여,"신분, 다리다, 고민"
처음으로 버뮤다 팬츠를 구매해봤어요 너무 마음에 들어 요 색깔은 이미지 사진이랑 똑같아 요 두께감도 적당해서 여름에 좋을 거 같아 요 저랑 비슷한 신체를 가지 신 분들은 사이즈로 가시면 좋을 거 같아 요 통이 조금 큰 거 같기는 한데 다 좋아요,"신체, 이미지, 가시, 해봤다, 가지, 두께감, 똑같다, 색깔, 사진, 처음"
딱 무릎에 걸치는 기장으로 이쁘게 잘 입고 있습니다 옷도 되게 한 느낌이라 모양이 잘 유지되고 만족스럽네용,"유지, 모양, 걸치다, 만족스럽다, 무릎, 기장"
워싱도 너무 이 쁘고 가성비로 딱 좋은 거 같아 요 만원대로 구매 할 수 있는 버뮤다 팬츠 중에 퀄리티는 제일 좋은 거 같습니다 평소 입는데 사이즈 딱 맞았어요,"만원, 대로, 퀄리티, 가성비, 팬츠, 맞다, 워싱, 버뮤다, 사이즈"
후기가 없길래 고민 많이 했는데 화면이랑 색감 디자인 똑같아 요 사이즈 입는데 살짝 하고 무릎 딱 가려 요 다른 곳에서도 버뮤다 몇 번 사봤는데 트릴리온 바지가 가성비도 좋고 제일 만족합니다 다 만 바지가 일자가 아닌 자로 퍼지는 형태라 취향이 아니 신 분은 참고하시면 좋을 것 같아요,"아니다, 일자, 자로, 형태, 취향, 에서도, 후기, 바지, 퍼지다, 화면"
야구 직관 룩으로 입어봤는데 예쁘고 딱이에요 이제 두산 베어스만 야구 잘하면 될 거 같네요,"야구, 베어스, 직관, 두산, 딱이다, 입어보다"
허리가 조금 커서 크롭티랑 입으려면 요술단추나 벨트 해야 할 거 같아 염 안 그러면 배가 넘 많이 보임,"크롭티, 보임, 요술, 단추, 벨트, 커서, 허리"
이게 바로 버뮤다 팬츠라는 거군 요 허리 빼곤 엉덩이 기장 딱 맞아서 골반 살짝 위로 올려서 입었는데 무릎까지 딱 가려져서 이쁘네요 색도 생각보다 짙은 색도 모델 사진처럼 다크하고 쨍한 게 유니크해서 좋아요 좋은 가격에 잘 샀습니다 허리는 자크가 안 잠겨서 머리 끈으로 고 정시켜봤습니다 사이즈 고르실 때에 참고가 되었으면 좋겠네요,"색도, 짙다, 머리, 다크, 자크, 가려지다, 정시, 모델, 유니크, 위로"
배송은 네 너무 느려 요 옷은 허리 좀 작게 나온 거 같은데 그 점 빼고는 괜찮아요 좋은 가격에 잘 샀어요,"느리다, 빼다, 나오다, 가격, 배송, 작다, 허리"
버뮤다 팬츠로 스트릿 한 맛 내기 좋아요 다만 엑스라지 갔으면 더 예쁘게 입을 수 있었을 듯,"엑스, 내기, 스트릿, 라지, 가다, 팬츠, 버뮤다"
버뮤다 팬츠 검은색 계열 찾다가 가격 디자인 맘에 들어서 구매했습니다 사이즈 표 보고 그에 맞게 사이즈 구매했는데 원래 라면 맞았어야 할 사이즈가 허리가 너무 크더라구 여 그래서 으로 교환했는데 이건 또 애매하게 작고 환불 고민하다가 좀 늘어나겠지 싶어서 으로 계속 착용 중입니다 는 아예 흘러 내릴 정도로 사이즈가 안 맞았어요 사이즈 표가 좀 오차가 큰 거 같아 요 아무튼  사이즈 얘기는 이 정도만 하고 나머지 가격적인 면이나 디자인 색감 등은 만족합니다,"사이즈, 맞다, 디자인, 아무튼, 내리다, 흐르다, 가격, 크다, 검은색, 얘기"
바지 굿 근데 마감이 조금 아쉽고 처음 뜯었을 때 냄새가 장난 아니였으니 다들 코 막고 열길,"막다, 열다, 뜯다, 장난, 마감, 냄새, 아니다, 아쉽다, 처음, 바지"
바지 처음엔 좀 작은 거 같았는데 입 다 보니깐 너무 편해요,"니깐, 처음, 편하다, 작다, 바지"
요즘 유행하는 버뮤다 데님 팬츠를 처음 사봤는데 사이즈를 로 해야 하나 로 해야 하나 고민 많이 했는데 허벅지 대비 허리가 얇아서 항상 바지 선택이 어려웠으나 이 정도면 벨트 없어도 가 하니 입 기 좋을 거 같습니다 그래도 벨트 있는 게 허리를 딱 잡아줘서 핏이 이 쁠 거 같네요,"벨트, 하나, 어렵다, 허벅지, 선택, 잡다, 허리, 유행, 대비, 얇다"
길이 감도 좋고 두께도 적당해요 워싱 포인트도 이 쁜 거 같아요,"포인트, 두께, 적당하다, 길이, 워싱"
블프 때 만천원 주고 샀는데 잘 산거 같네요 사이즈는 허리도 딱 맞고 무릎 위로 딱 떨어지는 기장이라서 좋고 디자인은 생각보다 워싱이 그렇게 과하지 않아서 입고 다니기 좋을 거 같아 요,"만천원, 위로, 그렇게, 주다, 블프, 떨어지다, 무릎, 기장, 디자인, 맞다"
바지 귀염 네 여 허리는 약간 쨍 겼어요 마음에 들어 요 블프치고 배송도 빨랐어요,"귀염, 치고, 블프, 빠르다, 배송, 바지, 허리"
예약 배송치곤 빨리 받았으나 색상마다 사이즈 오차가 있는 듯 합니다 다른 색 바지와 동일 사이즈인데도 더 작네요 아쉽습니다,"동일, 치다, 예약, 오차, 마다, 사이즈, 빨리, 받다, 아쉽다, 색상"
사이즈 고 하고 허리도 남고 핏도 좋네요 굿입니다,"남고, 허리, 사이즈"
디자인도 이 쁘고 가격도 괜찮은 것 같아 요 손이 자주가는 제품입니다,"제품, 가다, 디자인, 가격"
무난하게 아무 옷이나 잘 어 울릴 거 같고 핏도 괜찮은 거 같아서 마음에 듭니다 허리는 딱 맞는 편이네요,"울리다, 편이, 맞다, 허리"
배송 빠르고 팬츠 디자인도 예뻐요 품질이 최고 멋있어요,"멋있다, 품질, 최고, 빠르다, 팬츠, 디자인, 배송"
허리 거 작은 거 빼면 만족스럽습니다 이만한 반바지 없어여,"이만, 반바지, 만족스럽다, 빼다, 작다, 허리"
블랙이 그냥 블랙이 아니라 이쁜 블랙이라 좋고 워싱도 이 쁘게 들어가 있습니다 핏도 너무 좋고 저번에 구매하고 이번에 블랙으로도 구매했는데 또 한 만큼 엄청 좋고 퀄리티도 대박입니다 불편하거나 무거움은 전혀 없고 가볍고 편안 디자인과 소재인 것 같습니다,"블랙, 무거, 저번, 편안, 전혀, 가볍다, 대박, 으로도, 소재, 퀄리티"
흑청 컬러와 워싱 요즘 유행하는 어두운 컬러의 버뮤다 중 최고입니다,"컬러, 두운, 최고, 유행, 워싱, 버뮤다"
버뮤다 팬츠는 처음인데 예쁘네요 골반이 넓고 하체가 발달한 체형이라 걱정했는데 사이즈 딱이에요,"발달, 하체, 딱이다, 체형, 걱정, 골반, 넓다, 처음, 팬츠, 버뮤다"
바지 핏 예쁘고 어디에나 입어도 괜찮아요 배송 빨라요,"빠르다, 배송, 바지"
허리 사이즈가 작게 나온 거 같지만 나름 이 쁘게 입고 있어요,"나름, 나오다, 작다, 허리, 사이즈"
평소 사이즈에서 업해도 될 듯 요 공복에 입으면 괜찮은데 걱정이네요,"공복, 걱정, 사이즈"
이 뻐요 배송도 빠르고 가성비 강추 무릎 절반 덮엇어요,"덮엇어, 절반, 강추, 무릎, 가성비, 빠르다, 배송"
사이즈 시켰는데 무릎 절반 정도 덮었어요 이쁩니다 배송도 꽤 빠르고 워싱도 괜찮았어요 살짝 웡 카 같긴 한데 자주 입을 것 같습니다 무엇보다도 완전 가성비 짱,"절반, 보다도, 덮다, 무릎, 가성비, 빠르다, 배송, 워싱, 사이즈"
색감 화면이랑 똑같고 허리 사이즈 잘 재보고 사세요,"화면, 똑같다, 보고, 색감, 허리, 사이즈"
무진장 세일 할 때 샀었는데 엄청 이 쁘고 코디하기도 편해요,"기도, 무진장, 세일, 코디, 편하다"
핏도 예쁘고 기장도 적당하고 좋아요 다만 정말 조금 까슬거리는 느낌이 없지 않아 있습니다 그래도 너무 아프고 계속 까슬거리고 그러는 건 아니라서 하루 종일 입고 다녀도 괜찮았어요,"까슬거리, 아프다, 종일, 하루, 계속, 그렇다, 아니다, 적당하다, 기장"
키에 다리가 안 짧아 보이면서 얇아 보이는 딱 그 절묘한 기장이라서 좋아요 엄청 해서 완전 가성비,"보이다, 절묘하다, 다리, 짧다, 얇다, 가성비, 기장"
흑청 데님이라서 다 잘 어울리고 편하게 입 기 좋아요,"데님, 어울리다, 편하다"
통도 넓고 버뮤다 느낌이 치마처럼 팔랑 거려서 힙해요 데일리템 낙찰,"힙해, 거려, 낙찰, 팔랑, 넓다, 데일리, 치마, 버뮤다"
기장도 적당하고 꽤나 편해서 자주 즐겨 입을 것 같아요,"즐기다, 적당하다, 편하다, 기장"
여행가기 전에 급하게 샀는데 다행이 알맞게 도착해서 여행 날 예쁘게 잘 입고 다녔어요 바지가 아래쪽으로 갈수록 넓어져서 치마 같은 느낌도 살짝 나 고 팔랑한 게 시원해 보이고 좋네요 허리는 좀 커서 밸트 아님 골반에 걸치고 다녀야 할 거 같아 요 재질은 데님이라 두꺼운 느낌 있어요,"여행, 다행, 가기, 급하다, 밸트, 팔랑, 넓어지다, 아래쪽, 갈수록, 보이"
약간 크긴 하지만 그것대로 또 예뻐서 그냥 품었습니당,"품다, 그것, 대로, 니당다, 크다"
다른 건 다 괜찮은데 허리가 정말 작습니다 못 입을 정돈 아니지만 어 작 네 이 정도 치곤 매우 작은 듯,"정돈, 작다, 치다, 아니다, 허리"
부바지만 착용해 보다 가 이번에 살짝 루즈 한 이번 바지 입어봤는데 처음엔 엄청 어색했는데 막상 하루 종일 입어보니까 이보다 편한 바지가 없어요 허리는 약간 큰데 요술단추로 살짝 줄여 입으니까 괜찮습니다,"입어보다, 부바, 어색하다, 줄이다, 이보, 요술, 종일, 단추, 하루, 루즈"
보통 기본 사이즈는 마른 체격이라 좀 많이 큰 느낌인데요 이 제품은 많이 크지 않은 것 같아 좋네요 디자인 소재 색상 너무 맘에 들어요,"체격, 크다, 보통, 기본, 느끼다, 마르다, 소재, 제품, 색상, 디자인"
아들 주려고 산 건데 제가 입어보니 제 사이즈 애 허리는 좀 작습니다 단 추가 안 잠기네요 다행히 아들은 잘 맞고 디자인도 마음에 들어 하네요 싸게 잘 구매했습니다,"아들, 잠기다, 추가, 건데, 다행하다, 입어보다, 싸다, 디자인, 맞다, 작다"
바지가 너무 이 뻤어요 이번에 여 자친구랑 데이트 하면서 입어봤는데 매우 만족스럽습니다,"데이트, 뻤어, 친구, 만족스럽다, 입어보다, 바지"
일단 하고 하고 별로 차이가 없어서 그런 가 내가 입기엔 조금 작은 느낌 그래도 디테일 살아있고 그런 부분은 마음에 듬,"그렇다, 차이, 디테일, 별로, 부분, 살다, 가다, 작다"
배송은 일단 탈락 너무 느려 요 옷은 허리 좀 작게 나온 거 같은데 그 점 빼고는 괜찮아요 좋은 가격에 잘 샀어요,"탈락, 느리다, 빼다, 나오다, 가격, 배송, 작다, 허리"
배송도 빠르고 제품 상태와 포장도 만족 했습니다,"상태, 포장, 만족, 제품, 빠르다, 배송"
워싱이 이 쁘게 잘 들어가 있어요 색 감 이 뻐서 자주 입을 거 같아요,"들어가다, 워싱"
트릴리온은 항상 사이즈 정보랑 다르게 사이즈가 들쭉날쭉인 거 같아 요 근데 이번엔 성공했어요 무신사 코디 추천보고 사 버렸어요 너무 이 뻐요 기장도 통도 모두 완벽합니당,"정보, 버리다, 들쭉날쭉, 완벽하다, 성공하다, 다르다, 사이즈, 보고, 코디, 트릴"
디미트리 블랙 바지 맛집이 죠 진짜 가격에 비해 고퀄리티 받을 때마다 놀랩니다 바지 벌째 구매 중인데 기본템 전투복으로 아주 만족 블프 무진장 원에 잘 얻어 갑니다,"얻다, 미트, 놀래다, 전투복, 맛집, 기본, 비다, 무진장, 마다, 블랙"
바지 데님이 선명하고 색으로 음영을 넣어 마치 자연스러운 바지 주름도 만들어줘 흰티나 다른 밝은 계열 티들과 매치해서 입 기 딱 좋아요,"선명하다, 희다, 넣다, 음영, 티나, 주름, 밝다, 자연스럽다, 계열, 만들다"
배송은 조금 늦긴 하는데 블프라 어쩔 수 없구 디자인이나 색감은 완전 만족했습니다 길이 감도 딱 좋았구 착용 감 역시 좋습니당,"어쩔, 늦다, 블프, 착용, 니당다, 만족하다, 길이, 디자인, 배송, 색감"
가격 대비 이 쁘고 질도 나쁘지 않네요 평소 사이즈 입는데 허리 사이즈 작게 나온 거 같아요,"질도, 나쁘다, 사이즈, 대비, 나오다, 가격, 작다, 허리"
좋은 가격에 기본 버뮤다 팬츠 업어가 서 좋네요 무난하게 이 뻐요,"업다, 기본, 서다, 팬츠, 가격, 버뮤다"
바지 핏 너무 이 쁘고 색감도 너무 맘에 드네요 쉐 입도 벌어지면서 떨어지는 게 너무 이쁩니다 가성비,"입도, 벌어지다, 떨어지다, 가성비, 색감, 바지"
처음 보고 딱 마음에 들었는데 직접 받아보니까 색깔도 진짜 잘 나왔고 워싱도 이 쁘게 되 있고 길이도 딱 적당해 요 근데 제가 허리가 좀 얇아서 허리는 벨트가 없으면 흘러내리더라고요 진짜 마음에 듭니다 한 주에 세 번은 입어요,"번은, 직접, 흘러내리다, 허리, 보고, 벨트, 받다, 얇다, 색깔, 처음"
배송 빠르고 제품도 정말 마음에 들어 요 감사합니다,"제품, 빠르다, 배송"
디자인도 심플하고 반팔이랑 너무 잘 어울려 요 다른 바지들도 많이 만들어 주세요 감사합니다 잘 입겟습니다,"줄다, 심플, 팔이, 만들다, 어울리다, 디자인, 바지"
사이즈도 해서 입 기 좋아요 재구매 의사 있습니다,"재다, 의사, 사이즈"
가격 대비 퀄리티도 괜찮은 편이고 핏이 괜찮아요,"대비, 퀄리티, 편이, 가격"
다리가 짧아 보일 수 있긴 한데 예쁩니다 힙하고 귀여워요,"귀엽다, 다리, 보이다, 짧다"
깔끔한 바지인 것 같아 요 이 뻐요 짱 굿 퍼퐥입니다,"퍼퐥입니, 깔끔하다, 바지"
디자인이 예쁘고 색이 정말 마음에 들어 요 강 추합니다,"추하다, 디자인"
이라 허리가 작았지만 살 빼서 입고 싶을 만큼 핏도 괜찮고 가격도 괜찮아유,"아유, 이르다, 빼다, 가격, 작다, 허리"
데일리로 패션 내기 좋았습니다 너무 추전 드려요,"추다, 내기, 패션, 데일리, 드리다"
사이즈 완전 딱 맞고 너무 예뻐요 색깔별로 사고 싶을 정도,"별로, 사고, 색깔, 맞다, 사이즈"
별 기대 안 하고 구매했는데 이게 뭐 시 여 이 리 이 뻐도 돼 다른 색 또 살게유,"기대, 돼다"
모든 상의와 어울리고 이 쁘긴 하지만 가격이 싼 이유가 있는 거 같습니다,"쁘긴, 상의, 이유, 싸다, 어울리다, 가격"
저한테는 조금 작아서 누나한테 줬는데 좋아하네요,"누나, 주다, 좋아하다, 작다"
가격도 싸고 좋아요 허리가 생각보다 좁은 데 그래야 핏이 사니 봐줍니다,"줍다, 래야, 좁다, 살다, 싸다, 가격, 허리"
디자인이 마음에 들고 제가 원했던 핏이 나와서 좋네요,"원하다, 나오다, 디자인"
너무 편하고 데일리로 입 기 좋은 거 같습니다 가 성비 좋습니다,"성비, 데일리, 가다, 편하다"
너무 너무 이 쁘고 사람들이 많이 사서 입었으면 좋겠어오,"사람, 사서"
바지가 두께가 있어서 합니다 핏도 예쁘고 좋습니다,"두께, 바지"
핏 예쁘고 빈티지한 색 금도 너무 마음에 들어 툐 기장도 길어서 제가 원하던 핏입니다,"금도, 빈티, 핏입니, 원하다, 기장"
옷도 세일할 때 잘 샀고 워싱이 너무 이 뻐서 자주 입을 것 같아요,"세일, 워싱"
딱 원하던 핏의 버뮤다 팬츠여서 여름에 애용했어요,"애용, 원하다, 여름, 팬츠, 버뮤다"
기장이 젤 마음에 들었어요 생각보다 허리가 크지 않으니 평상시 생각보다 한 치수 더 크게 사시는 게 좋을 것 같아요,"평상시, 사시, 치수, 크게, 기장, 크다, 허리"
핏 예쁘고 색감도 예쁜데 허리가 조금 커서 벨트 매야 할 것 같아요,"매다, 벨트, 커서, 색감, 허리"
제가 딱 원하는 핏이어서 좋았고 허리가 조금 크긴 한데 입을 만 합니다,"원하다, 크다, 허리"
좋아용 튀지 않고 한 워싱 찾고 있었는데 딱이네요,"튀다, 딱이다, 찾다, 워싱"
허리가 약간 크긴 하지만 괜찮아요 다리 두꺼워 보일까 봐 걱정했는데 안 두꺼워 보여 요 핏 예쁘고 여기저기 입 기 좋습니당,"보이다, 두껍다, 여기저기, 다리, 걱정, 니당다, 크다, 허리"
원하던 상품이라 빠르게 배송 잘 받았습니다 재구매 의사 있음,"재다, 의사, 받다, 상품, 원하다, 빠르다, 배송"
워싱 예뻐요 가을 까지 잘 입을 거에 요 무겁기 한데 데님이니까,"이니까, 무겁다, 가을, 데님, 워싱"
예쁘게 잘 입고 있습니다 블프 때 사 서 만족 중이에요,"서다, 중이, 블프, 만족"
사이즈 잘 고르셔야 할 듯 허리가 진짜 작아서 복부 비만러들은 사이즈 무조건 하나 더 크게,"비만, 복부, 고르다, 무조건, 사이즈, 크게, 하나, 작다, 허리"
마음에 들어 요 핏도 깔끔하고 허리도 맞습니다 잘 입겠습니다,"깔끔하다, 맞다, 허리"
와 이 거 후기 좋은 이유가 다 있었어요 핏 너무 이 뻐요 여성분들 적당히 로우 라이즈 느낌나게 입을 수 있어요 여자 바지 인데 딱이에요,"로우, 라이즈, 여성, 느끼다, 여자, 이유, 후기, 딱이다, 분들, 오다"
갖고 있는 버뮤다 중에 제일 예쁨 다른 색도 사야겠다,"갖다, 색도, 버뮤다"
생각보다 짧아서 무릎이 다 보이지만 너무 예쁨 잘 입을 듯 싶어 용,"보이, 짧다, 무릎"
편하게 막 입 기 좋고 재질도 나름 부드럽고 시원해요,"부드럽다, 나름, 시원하다, 재질, 편하다"
패션에 관심 없지만 유행에 떨어지게 입고 싶지 않아서 구매해 잘 입고 있습니다 학원 갈째,"관심, 째다, 학원, 패션, 갈다, 떨어지다, 유행"
워싱 들어가 있는 게 너무 이쁘게 잘 빠졌어요 길이도 딱 제가 원하는 길이라 너무 만족합니다,"길이, 빠지다, 들어가다, 원하다, 만족하다, 워싱"
핏이 너무 이 뻐요 아무도 안 입고 저만 입었으면 좋겠습니다 제발 사지 말아주세요,"저만, 제발, 사지, 말다"
옷은 예쁜데 생각보다 허리가 작습니다 그리고 안 쪽 마감이 생각보다 거칠어서 좀 따까웠어용,"따다, 거치다, 마감, 작다, 허리"
워싱이 이 쁘게 들어가 있어서 맘에 듭니다 무난한 색상이라 코디하기에도 편함,"코디, 들어가다, 색상, 편하다, 워싱"
색깔도 맘에 들고 핏도 오버핏 정도 되서 너무 예뻐요,"오버핏, 색깔"
받지도 않고 확정지었잖아 한 잔해 사진만 봐도 넘 예뻐여,"잔해, 확정, 지다, 받다, 사진"
예쁘고 핏도 딱 맞아 떨어져요 사이즈도 딱 맞아요 강 추합니다,"맞다, 추하다, 떨어지다, 사이즈"
생각보다 기장이 짧아서 애매하긴 한데 이 뻐서 입을 것 같아오,"애매하다, 짧다, 기장"
핏이 너무 좋아요 그리고 워싱도 너무 잘 빠졌습니다 입 기 좋습니다,"빠지다, 워싱"
생각보다 밑통이 큰 느낌이었는데 색감이 너무 이 뻐서 아주 잘 입고 있음,"밑통, 느끼다, 크다, 색감"
허리는 좀 끼지만 핏이 정말 너무 예뻐요 잘 입을 게요,허리
핏도 이 쁘고 워싱도 맛있어서 지금 안 사면 후회합니다,"후회, 사면, 맛있다, 워싱"
진심 내가 산 버뮤다 중 가장 핏 예쁜 바지에 속해요 통 적당히 넓어서 예쁘고 뒷포켓이 귀여으요 근데 건조기 돌리지 마세요 줄어들 음,"포켓, 진심, 돌리지, 줄어들다, 건조기, 가장, 귀엽다, 말다, 넓다, 적당하다"
핏이 너무 예뻐서 손이 자주 가는 아이템입니다 근데 앉아 있을 때 배 쪽이 조금 작은 느낌이 듭니다 저랑 같은 스펙이신 분들 참고하세요,"앉다, 아이템, 이신, 스펙, 분들, 참고, 가다, 작다"
기장도 딱 좋고 색감도 짱이 뻐요 그렇게 불편하지도 않아요,"그렇게, 불편하다, 기장, 색감"
핏도 좋고 기장도 무릎에 딱 걸쳐 요 허리에 걸치긴 하는데 안정감 있게 입고 싶으면 벨트 착용하는 게 좋을 듯해요,"걸치다, 안정감, 착용, 벨트, 무릎, 기장, 허리"
바지가 부드럽고 그렇다고 흐물 하지 않아서 너무 좋아요 그리고 너무 예뻐요,"흐물, 그렇다고, 부드럽다, 바지"
허리가 큰 편이고 소재가 무거워서 입 기 조금 부담스럽지만 그래도 예쁘고 활동하기도 편해용,"부담스럽다, 무거워, 활동, 소재, 편이, 편하다, 크다, 허리"
허리가 딱 좋게 나왔습니다 디자인 좋고 기장도 딱 알맞아용,"알맞다, 나오다, 기장, 디자인, 허리"
어제 상품을 받아서 매우 만족합니다 디자인이 좋고 스타일도 멋지네요 저와 제 친구들도 모두 구매했어요 정말 추천합니다,"어제, 멋지다, 친구, 스타일, 받다, 상품, 추천, 만족하다, 디자인"
버뮤다 팬츠른 너무 좋아해서 이번 여름에 자주 입고 다녀 요 디자인이 예뻐서 샀는데 두께가 너무 두꺼워요 그래도 이 입고 다님,"두께, 좋아하다, 두껍다, 여름, 팬츠, 디자인, 버뮤다"
모든 친구들이 이 쁘다고 칭찬해 줫어요 싸게 사서 기분 조은데 귀여움,"줫어, 쁘다, 기분, 칭찬, 사서, 친구, 싸다"
핏이 정말 예뻐요 버뮤다 팬츠의 정석이에요 색도 잘 빠져서 어디에도 잘 어울립니다 추천 드립니다,"정석, 빠지다, 색도, 드리다, 어울리다, 추천, 팬츠, 버뮤다"
하르종일 입고 있어도 안 불편하고 기장감이 딱 좋아서 휘뚜루마 뚜루 입어도 핏 젛아요,"하르, 젛아, 종일, 뚜루, 휘뚜루, 불편하다, 기장감"
사진보다 색감이 더 잘 뽑힌 것 같고 입었을 때 예쁩니다,"뽑히다, 사진, 색감"
너무 이 쁘고 다만 사이즈를 잘못 시켜 허리가 안 맞았지만 그것만 빼면 전반적으로 너무 만족해요,"전반, 그것, 잘못, 빼다, 만족하다, 맞다, 허리, 사이즈"
힙이 좀 있으신 분들이 입기엔 조금 타이트할 수도 있어요 하지만 바지 자체는 재질도 좋고 사이즈도 무난하게 괜찮습니다 바지 지퍼가 조금만 더 부드러웠으면 좋았겠네요,"수도, 지퍼, 타이트, 부드럽다, 바지, 자체, 재질, 사이즈"
좀 많이 크지만 그래도 이 뻐서 자주 입어 요 워싱 디테일이 맛있음,"맛있다, 디테, 일이, 크다, 워싱"
허리가 조금 크긴 한데 신발끈이나 벨트로 조이면 괜찮구요 워싱이나 데미지 디테일이 정말 좋고 기장도 제가 원하던 기장이여서 좋았습니다,"기장, 발끈, 데미지, 조이, 일이, 디테, 벨트, 원하다, 크다, 워싱"
바지 핏도 좋고 길이 딱 좋아요 허리가 좀 커서 걱정했는데 걱정 하나도 필요 없습니다 그냥 인생 버뮤다 팬츠에요,"걱정, 필요, 인생, 커서, 하나, 길이, 팬츠, 버뮤다, 바지, 허리"
편하게 입을 수 있고 아무 때나 꺼내서 입기 좋아요,"꺼내다, 편하다"
통이 엄청 큰 게 단점이지만 예쁘고 편하다 다음에는 다른 색으로 사야 겟다,"단점, 겟다, 편하다, 크다"
바지 본 친구가 바로 핏이랑 색감 이쁘다고 물어봤습니다,"물어보다, 친구, 색감, 바지"
핏 이 쁘고 컬러감이 이 뻐요 아무 티에 입어도 이쁩니다,컬러
바지도 이 쁘고 편하고 매력 있고 맨 임 바지 무신사에서 산 것 중 가장 성공한 느낌 근데 허리가 좀 컸어요,"매력, 무신, 성공하다, 가장, 바지, 편하다, 크다, 허리"
색감과 핏 그리고 가성비가 매우 뛰어난 제품이라고 생각합니다,"이라고, 뛰어나다, 제품, 가성비, 색감"
색감과 핏 그리고 가성비가 너무 뛰어난 제품이라고 생각합니다,"이라고, 뛰어나다, 제품, 가성비, 색감"
핏이 넘 맘에 들어 여 굿 원하던 길이감이랑 색상입니다 딱 원하던 느낌이에요,"원하다, 길이감, 색상"
시원하고 디자인도 이 뻐서 일갈 때나 놀러 갈 때 자주 입었습다,"갈다, 놀다, 시원하다, 디자인"
바지가 예쁜 것 같아서 구매를 해봤는데 사진보다 더 예뻐요,"해봤다, 사진, 바지"
조금 큰 감은 있는데 배송도 빠르고 나름 만족합니다,"나름, 만족하다, 빠르다, 크다, 배송"
좋아 여 적당히 넓고 적당히 길고 딱 무릎 덥는 기장이 마음에 듭니다,"적당하다, 길다, 넓다, 덥다, 무릎, 기장"
이 뻐요 다들 이쁜 옷 샀네 라고 말해줘서 좋았음 다들 사세요,"라고, 해주다"
완전 예뻐요 최고에 요 데일리로 자주 입을 거 같아 요 굿,"최고, 데일리"
워싱부터 너무 맛도 리고 이번 여름 젤루 잘 산 템임,"젤루, 템임, 여름, 워싱"
완전 예쁘고 그냥 실물이 더 낫고 모두가 입었으면 좋겠는 바지,"실물, 바지"
사이즈 했어요 허리 사이즈 때문에 할까 고민하다 사이즈했는데 예쁘게 잘 맞아요,"사이즈, 때문, 고민, 맞다, 허리"
엄청 편해요 그리고 이 뻐요 어떤 옷이나 메치하기 편하고 좋아요,"편하다, 메다, 어떻다"
색도 이 쁘고 핏도 엄청 이쁘게 잘 떨어져요 적극 추천,"적극, 떨어지다, 색도, 추천"
진짜 이 쁘고 좋은데 저랑 스팩 비슷한 여성분들은 무조건 사이즈 로 사세요 전 으로 샀는데 배꼽 한참 아래로 흘러내리고 난리라서 결국 수선 집행,"한참, 난리, 집행, 스팩, 수선, 배꼽, 흘러내리다, 아래, 라서, 여성"
바지 기장이 너무 마음에 들고 예뻐요 코디하기도 넘 쉽고 좋습니다,"기도, 쉬다, 코디, 기장, 바지"
바지 워싱이 너무 맘에 들었고요 아무 옷에 매치 가능이고 배송도 빨리 와서 좋았습니다,"가능, 매치, 빨리, 오다, 배송, 워싱, 바지"
반바지 처음 사보는데 너무 예쁜 것 같아 요 잘 입겠습니당,"반바지, 니당다, 사보다, 처음"
블프 때 구매해서 저렴하게 구매했는데 무난하게 핏도 떨어지고 색감도 좋아서 셔츠랑 매치하기 좋습니다,"셔츠, 블프, 매치, 떨어지다, 저렴하다, 색감"
사진이랑 다르게 실물 엉청 이 뻐요 꼭 사세요 추천드립니다,"다르다, 실물, 사진, 드리다, 추천"
워싱은 이쁘게 잘 나와서 마음에 드는데 기장이 좀 더 길었으면 더 하는 바람이 있습니다,"바람, 길다, 나오다, 기장, 워싱"
핏도 내가 생각했던 핏이고 어디에 입던 조화가 좋았고 바지 어디 꺼냐고 많이 물어봄 사람들이,"조화, 사람, 물어보다, 끄다, 바지"
생각보다 허리 사이즈가 작게 나와서 아쉽습니다,"아쉽다, 나오다, 작다, 허리, 사이즈"
예쁘고 다 좋은데 허리 때문에 주머니가 불편합니다 허리 조금이라도 있으시면 못 입으실 거 같습니다,"이라도, 주머니, 때문, 허리, 불편하다"
버뮤다 팬츠 사고 싶었는데 가성비로 잘산 거 같아 요 적당한 무릎까지 길이감에 핏도 좋아서 매일 입고 다녀요,"길이감, 잘살다, 사고, 무릎, 가성비, 적당하다, 팬츠, 버뮤다"
디자인 독특해 요 편안한 착용감은 아닌 것 같아 요 워낙 마른 체형이라 그런 듯 해요 잘 입어보게요,"독특하다, 워낙, 편안하다, 마르다, 체형, 착용, 입어보다, 그렇다, 아니다, 디자인"
핏이 예쁘고 요즘 유행하는 버뮤다 팬츠의 정석 같아 요 그러다 허리가 한 치 수 이상 작다는 것은 주의할 필요가 있고 버뮤다 특정 상 옷 사이즈가 커서 걸을 때 먹는다고 얘기해야 할까요 약간의 불편함도 있습니다,"주의, 특정, 버뮤다, 먹다, 얘기, 필요, 정석, 유행, 불편하다, 커서"
바지 핏 되게 이쁘게 잘 나왔고 입었을 때도 제가 딱 원하는 핏이였습니다 잘 산 거 같네요,"원하다, 나오다, 바지"
제가 딱 원하는 핏에 색감이였어요 배송은 조금 늦었지만 아주 만족합니다,"늦다, 원하다, 만족하다, 배송, 색감"
가격도 싸고 괜찮은데 허리가 조금 작긴 하지만 예쁩니다,"싸다, 가격, 작다, 허리"
바지는 예쁘고 좋은데 실측이랑 무슨 거의 센치 차이가 나는데요 바지 잘못 온 것 같아 요 오지게 작습니다 는 절대로 사지 마세요,"오지, 센치, 절대로, 실측, 사지, 잘못, 차이, 늘다, 말다, 바지"
배송은 늦었지만 사이즈 잘 맞고 맘에 들어 요 다만 섬유 냄새가,"섬유, 냄새, 늦다, 맞다, 배송, 사이즈"
바지 통도 넓고 길이도 적당하고 색감이 이 뻐서 잘산 것 같습니다,"잘살다, 넓다, 적당하다, 길이, 색감, 바지"
일단 바지 핏이 너무 예뻐서 다른 색상도 사려 구요 배송도 빠르고 너무 맘에 드네요,"구요, 사려, 색상, 빠르다, 배송, 바지"
물 빠짐없고 하고 길이도 적당하고 딱 원하던 바지,"빠지다, 원하다, 적당하다, 길이, 바지"
통이 넓고 입기가 편해 용 가을에 입 기 딱 좋아요 지금 사두 길 잘했네용,"사두, 가을, 넓다, 편하다"
여름에 입문하기 좋은 예쁜 반바지에 요 무난무난 부담 없이 입을 수 있어요,"부담, 입문, 반바지, 여름"
고딩 아이가 좋아해요 가을에 잘 어울리는 색상 스타일이 예쁘네요,"고딩, 가을, 좋아하다, 스타일, 색상, 어울리다"
바지는 꽤 큰데 맘에 듭니다 첨으로 버뮤다 입네요,"첨으로, 크다, 버뮤다, 바지"
길이가 길어서 좋아요 두께감이 있지만 편하게 잘 입고 있습니다,"두께감, 길이, 편하다"
엄청 뭔가 많아 입었는데 재질도 하고 좋아요 이런 건 두고두고 오래 입을 거 같아요,"두고두고, 오래, 많다, 재질"
팬츠 디테일도 좋고 핏도 이 뻐요 허리 조금 작긴 한데 커버 가능합니다,"일도, 커버, 가능하다, 디테, 팬츠, 작다, 허리"
싸게 샀지만 여름 예쁘게 잘 입고 다녔습니다,"싸다, 여름"
처음에는 뭔가 너무 흔한 가 했는데 입을 수로 역시 가 맞다,"가다, 수로, 흔하다, 처음, 맞다"
생각했던 그 스타일의 바지였습니다 색감도 좋고 통풍 좋아요,"통풍, 스타일, 색감, 바지"
바지가 시원하고 예요 소재도 부들부들하고 색 고 예뻐요,"부들부들하다, 소재, 시원하다, 바지"
버뮤다 입문으로 샀는데 나름 괜찮은 거 같습니다,"나름, 입문, 버뮤다"
생각보다 허리가 작고 스티치가 별론데 전채적으로는 만족 중이에 여,"론데, 전채, 작고, 으로는, 스티치, 중이, 만족, 허리"
싸긴 한데 핏이 애매함 워싱 이 쁨 가을까진 입을 만 할 듯,"까진, 가을, 애매하다, 싸다, 워싱"
허리가 큰 편인 여잔 데 입으니까 딱 맞아요 추천,"추천, 크다, 맞다, 허리"
지금 날씨에 입 기 좋은 재질이 도 핏도 너무 잘 나오네요 다른 분들도 꼭 입어보세요,"날씨, 입어보다, 재질, 나오다"
배송이 많이 느리고 옷에서 냄새도 좀 나긴 한데 이 쁘네요,"쁘네, 냄새, 느리다, 배송"
여름 동안 시원하게 잘 입고 다녔어요 코디하기도 쉽고 옷도 너무 편해요,"기도, 쉬다, 시원하다, 코디, 여름, 편하다"
에 기장 사이즈 딱 맞게 떨어지고 핏감도 만족해서 잘 입고 다니고 있습니다,"핏감, 떨어지다, 만족하다, 기장, 맞다, 사이즈"
핏도 좋고 무엇보다도 색감이 예쁨 그 잡채 재구매 의사,"잡채, 보다도, 재다, 의사, 색감"
바지 핏이 너무 예쁩니다 만족하고 구매했습니다,"만족하다, 바지"
아니 제가 샀던 데님 중에 가장 좋았습니다 추천합니다,"가장, 아니다, 데님, 추천"
핏이 너무 좋고 색감도 딱 원하는 스타일이어서 좋습니다,"스타일, 원하다, 색감"
색감이 너무 예뻐요 바지도 한 거 같고 핏감도 좋네요,"핏감, 색감, 바지"
청색깔 주문하고 너무 잘 입어서 재구매함 기대 예상 그대로 너무 예쁘서 잘 입고 다닐 것 같아요,"예상, 기대, 그대로, 재다, 주문, 색깔"
동생이 너무 사고 싶어 해서 사줬는데 완전 만족하네요 요즘 애들 스타일이라 데일리하게 입을 거 같아 요 저도 뺏어 입을 예정,"뺏다, 예정, 사주다, 동생, 사고, 스타일, 데일리, 만족하다"
매우 만족하는 반 바지이고 무엇보다 예쁘고 데일리로 입었을 때도 무난하게 잘 소화되는 것 같아요,"소화, 데일리, 만족하다, 바지"
조금 엉덩이 부분이 끼는 감이 있지만 워싱이나 기장감이 예뻐서 어디에나 잘 어울립니다,"엉덩이, 끼다, 부분, 기장감, 어울리다, 워싱"
상품 배송도 잘 도착했고 마음에 듭니다 감사합니다,"도착, 상품, 배송"
옷이 아주 이쁘네요 사이즈도 딱 맞구 디자인도 마음에 듭니다,"디자인, 맞다, 사이즈"
바지가 입기 정말 좋았어요 자주 입을 거 같습니다,바지
생각보다 편하고 핏도 좋았습니다 다른 색도 사고 싶은 의 향 있습니다,"사고, 색도, 편하다"
친구 약속이나 간단한 외출을 할 때 입으면 좋아요,"외출, 간단하다, 약속, 친구"
가격이 싼 만큼 기대하기엔 아쉬운 제품이지만 생각보다 나쁘진 않아 요 나이 대가 대이시라면 그냥 저냥 대라면 추천 대부턴 다른 상품으로 구매하세요,"라면, 나이, 대다, 대가, 기대하다, 나쁘다, 제품, 상품, 싸다, 아쉽다"
다른 색상도 있는데 핏이 좋길래 또 구매해 봣어요,"봣어, 색상"
핏도 괜찮고 색감도 마음에 들고 잘산 거 같네요,"잘살다, 색감"
핏도 딱 좋고 사이즈도 잘 맞고 이 뻐요 잘 입고 있습니다,"맞다, 사이즈"
제 최 애바지 진짜 학교에서도 입기 편하고 데일리로 입기도 좋아 여 요즘 맨날 맨날 입고 다녀용,"맨날, 학교, 에서도, 데일리, 편하다, 바지"
색감이 미쳤습니다 진짜 제 애정템으로 일주일에 번 정도 입어요,"애정, 일주일, 미치다, 색감"
기장 적당하고 워싱 들어간 거 과하지 않고 이 뻐요,"들어가다, 적당하다, 기장, 워싱"
스타일은 마음에 들지만 이 브랜드의 특징인 듯 한데 허리 사이즈가 다른 브랜드에 비해 조금 작게 나와서 조금 입 기 힘들고 주머니가 쓰기 힘들다는 게 조금 아쉽네요,"힘들다, 브랜드, 특징, 쓰기, 비다, 주머니, 스타일, 아쉽다, 나오다, 작다"
너무 이 뻐서 맘에 듭니다 색상도 맘에 들어 요 다른 색도 구매해봐야겠네요,"색도, 색상"
이 거 입고 나가고 바지 예쁘다고 맨날 칭찬 들었어요 되게 힙하면서도 편하게 입을 수 있고 무릎을 딱 덮는 기장이라 제일 예쁜 총장 길이였어요 편하면서도 패션 포기 못하시는 분들께 추천 드립니다,"편하다, 포기, 총장, 칭찬, 덮다, 패션, 맨날, 드리다, 무릎, 추천"
인데 라지 사이즈 허리 엄청 커요 미디움 했어도 충붐할 듯 저랑 스펙 비슷하신 분들 참고하 세용,"충붐, 미디움, 세용, 스펙, 라지, 분들, 참고, 크다, 허리, 사이즈"
크게 입고 싶으시면 좀 더 여유 있게 시키셔도 되겠어요 골반에 딱 걸쳐져서 이쁜 핏 여자분들도 쌉가넝,"쌉가넝, 여유, 여자, 걸치다, 분들, 골반, 크게"
요즘 애들이 많이 입는 버뮤다 바지로 아들도 주문해줬더니 올 여름 잘 입고 다니네요,"해주다, 아들, 주문, 오다, 여름, 버뮤다, 바지"
제가 마른 체형이라 조금 큰 편이지만 데일리하게 이쁘게 입을 수 있을 거 같아요,"마르다, 체형, 데일리, 편이, 크다"
디자인이 너무 이쁘고 맘에 들어 요 강력 추천 드립니다,"강력, 드리다, 추천, 디자인"
사이즈가 해서 편해요 뒤에 있는 워싱은 마음에 안 드는데 그냥 싼 맛에 입어여,"싸다, 편하다, 워싱, 사이즈"
허리가 조금 애매하긴 하지만 가성비도 좋고 워싱도 예뻐요,"애매하다, 가성비, 워싱, 허리"
좋네요 완전히 구르굿우티엉아 다음에도 살게요,"구르다, 완전하다, 살다"
생각했던 것보다 허리가 작아서 당황하긴 했는데 예쁘네요,"당황, 작다, 허리"
너무 예쁘구요 동생이 아주 잘 입습니 당 트릴리온 처음 사봤믄데 넘 예븡요,"예븡, 입습, 동생, 리온, 트릴, 사보다, 처음"
가성비 너무 좋구요 핏도 제가 원하는 핏입니다 너무 잘 입고 다니고 있습니다,"핏입니, 원하다, 가성비"
너무 편하고 이 뻐요 너무 좋습니다 진짜 편해서 행복합니다,"편하다, 행복하다"
이거 입으면 힙도 잡아줘서 옷핏이 이쁘게 나와요,"옷핏, 잡다, 나오다"
바지 핏이 너무 예뻐요 여름 동안 잘 입을 거 같아요,"여름, 바지"
허리 상당히 큽니다 벨트 필수로 찼어야 했어요 그래도 핏은 이 뻐서 용 서해드립니다,"차다, 서해, 상당하다, 필수, 벨트, 드리다, 크다, 허리"
샌드 컬러 구매했는데 핏이 마음에 들어서 다른 색상도 추가 구매하였습니다,"추가, 샌드, 컬러, 들어서다, 색상"
색감도 이 쁘고 기장도 띡이에 요 원하던 버뮤다 팬츠,"띡이, 원하다, 팬츠, 기장, 버뮤다, 색감"
빨았을 때 살짝 기 장 줄어들고 요 입었을 때 약간 치마같이 아랫부분이 펴지면서 핏이 잡혀서 좀 그러네요 이 외에는 다 좋습니다,"빨다, 아랫, 줄어들다, 잡히다, 펴다, 부분, 치마, 그렇다"
청색하고 검정색 중 고민하다가 검정색 구매했습니다 정말 만족하고 입는 중이어서 곧 청색도 구매할 예정입니다,"검정색, 청색, 예정, 고민, 만족하다"
바지 디테일이 너무 예쁘고 색감도 맘에 들어 요 다만 바지 끝 부분이 자꾸 접혀서 안 펴지네요,"접다, 펴다, 일이, 디테, 바지, 부분, 색감"
옷은 색깔 길이 다 마음에 들어 요 딱 무릎 밑까지 와서 다리도 얇아 보여 요 후기 보고 워싱이 다 제 이길래 걱정했는데 다행히 생각한 대로 예쁘게 왔더라고요 배송은 일주일 만에 받았습니다 바지가 생각보다 가 벼워요,"오다, 이기다, 벼워, 만에, 일주일, 다행하다, 대로, 후기, 다리, 걱정"
버뮤다 반 바지 필요해서 샀는데 이 쁘고 좋아요 감사합니다,"필요하다, 버뮤다, 바지"
버뮤다 팬츠 뭐 살지 아직 고민 중이라면 이 거 완전 추천 드립니다 일단 애매한 기장이 아닌 딱 무릎 밑으로 떨어지는 핏으로 요즘 트렌드에 완전 들어맞는 바지입니다 그리고 무엇보다 디테일이 너무 맛있어서 완전 만족했네요,"들어맞다, 트렌드, 아직, 라면, 중이, 맛있다, 디테, 일이, 애매하다, 떨어지다"
가격이 이렇게 저렴한데 재질도 좋고 핏도 하게 잡혀서 너무 만족스러워요 깔별로 소장하고 싶어요,"소장, 이렇게, 깔별, 잡히다, 만족스럽다, 저렴하다, 재질, 가격"
딱 유행하는 버뮤다 데님 팬츠입니다 기장도 적당하고 워싱도 괜찮아요 가격도 좋아서 만족합니다,"유행, 데님, 만족하다, 적당하다, 팬츠, 기장, 가격, 워싱, 버뮤다"
예전에 밑 위가 짧아서 약간 불편했던 점이 있어 걱정했는데 요 바지는 좋아요 스타일 좋고 아무곳이 너 쉽게 매치 가능해 요 저렴한 가격에 가성비 좋습니다,"예전, 가능하다, 쉬다, 매치, 걱정, 불편하다, 짧다, 스타일, 저렴하다, 가성비"
배송 빠르고 역시 사이즈 좋고 추천합니다 사세요,"추천, 빠르다, 배송, 사이즈"
지퍼가 약간 부실하고 소재가 얇지만 핏은 예쁩니다,"부실하다, 지퍼, 소재, 얇다"
트릴리온 제품 정말 좋네요 다음번에 또 구매하겠습니다 감사합니다,"제품, 리온, 트릴"
정말 좋습니다 트릴리온 제픔들이 다 좋은 거 같네요 감사합니다,"트릴, 리온"
바지 정말 예쁘네 여 데일리하고 힙하게 잘 입고 다닐 게요,"힙하, 데일리, 바지"
사이즈 딱 좋고 품질 가격 빠짐없이 다 좋고 어느 옷이나 다 잘 어울려요,"품질, 빠지다, 어울리다, 가격, 사이즈"
힙이 좀 큰 편이라 크게 살 걸 그랬나 봐요 조큼 작 네 여 하핫,"크다, 편이, 크게, 그렇다"
으로 샀는데 생각보다 엄청 작게 나와서 반품할까 고민했는데 결국 쏘옥 들어갔답니다,"쏘다, 반품, 들어가다, 고민, 나오다, 작다"
사이즈는 딱 맞고 두께감은 좀 있는 거 같은데 원단은 좋은 거 같네요,"원단, 두께감, 맞다, 사이즈"
하체뚠 뚜니 뱃살 있는 체형인데 완전 잘 맞아 여 기 절임 매일 입고 다니는 중,"절임, 뱃살, 하체, 체형, 맞다"
핏이 예쁘게 잘 잡혀서 깔끔하고 예쁘게 잘 입고 다녔어요 남자친구가,"남자친구, 잡히다, 깔끔하다"
길이 허리 다 좋았고 생각보다 두꺼워서 좋았습니다,"두껍다, 길이, 허리"
커요 제 허리가 인데 딱 맞고요 통이 커서 치마바지 입은 것 같이 보여 요 그래도 가격도 좋았고 위에 잘 꾸며 입으면 예뻐 보일 듯 하네요,"보이다, 꾸미다, 치마, 커서, 가격, 크다, 맞다, 바지, 허리"
커요 허리는 제가 인데 이 딱 맞고요 치마 바지 같이 통이 커요 그래도 스트릿 패션으로 예쁘네요 가격도 좋고 예뻐요,"크다, 스트릿, 패션, 치마, 가격, 맞다, 바지, 허리"
버뮤다 입문으론 좀 아쉬운 옷입니다 전 허리가 인데 이건 딱 맞았고요 지 퍼 올릴 때 좀 불편해 요 치마 바지 입은 듯 통이 커요 사진보다 더 크니 참고하세요 이 옷은 딱 정상 체형 분들에게 예쁠 거 같네요,"정상, 으론, 크다, 이건, 올리다, 지다, 체형, 입문, 불편하다, 치마"
가격 대비 상당히 만족스러운 제품이었습니다 다 만 허리가 좀 작게 나오는 편인 거 같아서 이 점에서 다른 분들은 불편하실 수 있을 거 같아요,"상당하다, 대비, 불편하다, 만족스럽다, 제품, 나오다, 가격, 작다, 허리"
흑청 데님으로 버뮤다 팬츠 사고 싶어서 하나 장만 했는데 기대했던 것보다 훨씬 만족스럽고 길이도 적당히 길어서 좋습니다,"기대하다, 장만, 사고, 만족스럽다, 하나, 데님, 길이, 적당하다, 팬츠, 버뮤다"
흑청 데님으로 버뷰다팬츠 필요해서 하나 장만 했는데 생각보다 굉장히 만족스럽고 예쁩니다,"버뷰, 장만, 필요하다, 굉장하다, 만족스럽다, 하나, 데님, 팬츠"
사이즈가 달 맞고 이 가격에 이런 바지 별로 없는데 예쁘고 편해요,"별로, 편하다, 가격, 맞다, 바지, 사이즈"
배송도 빠르고 옷 입어보니 편하고 좋아요 시원하게 잘 입을 게요,"시원하다, 입어보다, 빠르다, 편하다, 배송"
배송도 빠르고 편하게 입을 수 있어서 좋아요 감사합니다,"빠르다, 편하다, 배송"
편하고 이 뻐요 아무 데나 잘 어울려서 활용도가 높네요,"높다, 용도, 어울리다, 편하다"
디자인도 좋고 가격도 합리적인데 통이 커서 기장이 길어 보여 요 하지만 정말 입 기 좋아요,"합리, 길다, 보이다, 커서, 기장, 디자인, 가격"
여름에 입을 만한 옷 찾고 있었는데 버뮤다 입 기 정밀 좋은 것 같아요,"정밀, 찾다, 여름, 버뮤다"
가성비 좋고 생각보다 맘에 들어 요 배송도 빨랐어요,"가성비, 빠르다, 배송"
바지를 올려 입어서 그런지 길이가 애매했어요 골반까지 내려야 원하는 버뮤다핏이 나와서 아쉬웠지만 바지 워싱이나 전체적인 바지는 이 뻐서 더운 여름에 자주 입을 거 같아요,"바지, 내다, 전체, 올리다, 애매하다, 골반, 덥다, 그렇다, 아쉽다, 원하다"
요새 많이 입길래 세일할 때 샀는데 잘산 것 같아 요 힙해진 것 같아요,"입길, 잘살다, 세일"
여름에 입 기 너무 좋고 핏도 너무 좋습니다 다음에 또 구매 의사 있습니다,"의사, 여름"
뭔가 꾸안꾸로 멋져 보이고 싶을 때 입습니다 핏이 살짝 라인이라서 치마 같기도 하고 근데 예뻐요 단 살짝 두껍고 밑 위 긴 걸 선호하시는 분들한테는 짧다고 느껴질 수 있을 것 같습니다,"꾸안꾸, 느껴지다, 멋지다, 선호, 보이, 라인, 늘다, 짧다, 치마, 두껍다"
디자인도 생각했던 것처럼 이 쁘고 길이 감도 무릎까지 딱 좋아요 배송도 빠르게 왔네요,"오다, 무릎, 길이, 빠르다, 디자인, 배송"
디자인도 깔끔하고 색감이 이 뻐서 옷에 잘 어울려요,"깔끔하다, 어울리다, 디자인, 색감"
딱 핏감 좋게 나오는 거 같아 요 디자인도 좋고 색감도 화면과 비슷해 요,"핏감, 화면, 나오다, 디자인, 색감"
예약 배송이여서 조금 기다리긴 했어요 버뮤다 입문용으로 완전 추천드려요 워싱도 이쁘구요,"기다리다, 예약, 입문, 드리다, 추천, 배송, 워싱, 버뮤다"
완전 굿 핏이 되게 예쁘게 나와서 행복해요 옷 또 사세요,"행복하다, 나오다"
완전 이 뻐요 다른 옷도 구매해야겠어요 최고,최고
처음으로 버뮤다를 사봤는데 원하던 기장과 길이로 나왔고 두께도 적당해서 편하게 입을 수 있었습니다 앞으로도 자주 입고 다닐 예정입니다,"예정, 두께, 으로도, 사보다, 원하다, 처음, 길이, 적당하다, 나오다, 편하다"
일부러 크게 입으려고 라지산 건 있는데 진짜 너무 커요 그래서 치마핏되는 게 아쉬운,"일부러, 라지, 치마, 크게, 아쉽다, 크다"
실물이 휠씬 더 예쁜 것 같아 요 여름에 입 기 딱 좋아요 많이 두껍지가 않아서 상의에 아무거나 입어도 잘 어울려요,"휠씬, 거나, 상의, 실물, 두껍다, 어울리다, 여름"
위에 한 오버핏 반팔이랑 입으면 더 귀여운 거 있죠 그런데 빨래 한다고 건조기 돌렸더니 살짝 작아졌어요 원래도 사이즈가 딱 맞았었는데 밥 많이 드시는 분들은 한 사이즈 히 시키셔도 좋을 거 같아요,"작아지다, 빨래, 돌리다, 오버핏, 건조기, 팔이, 귀엽다, 사이즈, 맞다"
생각했던 것 보다 허리가 좀 작아서 당황했지만 그래도 이 뻐요 한 사이즈 크게 사시면 허리도 하고 길이도 충분해서 더 이 쁠 것 같아 요 대신 한 사이즈 업했을 때 크롭이 어 울릴지는 잘 모르겠어요 저는 만족,"대신, 당황, 충분하다, 울리다, 크롭, 사시, 허리, 모르다, 사이즈, 만족"
생각했던 것보다 훨 이 뻐요 맘에 너무너무 듭 미다 굳국,"밉다, 굳다"
이 뻐요 생각보다 옷이 많이 띡딱하게 굳은 느낌이 긴 힌데 나쁘지 않이 요,"딱하다, 힌데, 굳다, 나쁘다"
디스플레이 된 사진과 색상이 같아서 좋았던 것 같아 요 디자인도 딱 알맞은 버뮤다 라 길지도 짧지도 않았어요,"디스플레이, 알맞다, 짧다, 사진, 색상, 디자인, 버뮤다"
바지를 올려 입어서 그런지 길이가 애매했어요 골반까지 내려야 원하는 버뮤다핏이 나와서 아쉬웠지만 바지 워싱이나 전체적인 바지는 이 뻐서 더운 여름에 자주 입을 거 같아요,"바지, 내다, 전체, 올리다, 애매하다, 골반, 덥다, 그렇다, 아쉽다, 원하다"
버뮤다 팬츠 처음 사보는데 굉장히 만족한 제품입니다 인플루언서 추천에 떠서 사봤는데 기장이 딱 무릎 가릴 정도 오려면 자기보다 한 사이즈 크게 사는 게 정배였네요,"사보다, 배다, 가리다, 플루, 굉장하다, 살다, 제품, 크게, 오다, 무릎"
바지 길이도 적당하고 색감도 화면이랑 비슷하고 가격도 저렴해 너무 좋아요,"화면, 저렴하다, 적당하다, 길이, 가격, 색감, 바지"
상품 너무 좋습니다 사이즈도 잘 맞고 앞으로 자주 입을 듯,"상품, 맞다, 사이즈"
너무 이쁜 바지에 요 요새 유행이라 한 번쯤 사고 싶었는데 역시나 이 쁘고 유명한 이유가 있어 용 다른 색도 사고 시 퍼용,"사고, 유명하다, 퍼용, 이유, 유행, 색도, 바지"
옷이 생각한 기 장보다 너무 길고 핏도 별로에요 비추,"장보, 비추다, 별로, 길다"
남성 사이즈여서 엉덩이는 끼고 허리는 너무 커요 제가 잘못 산 거 같아 료 근데 디자인은 진짜 예뻐요,"남성, 잘못, 엉덩이, 디자인, 크다, 허리, 사이즈"
옷이 두꺼워서 약간 더운 거 빼고는 사이즈도 적당하고 핏도 예뻐요,"덥다, 빼다, 두껍다, 적당하다, 사이즈"
기장감도 좋고 색감도 이 쁘고 찰떡이네요 깔별로 구매해야겠어요,"찰떡, 깔별, 기장감, 색감"
실물색감이 더 예쁜 것 같아 염 바지기장도 적당하구 좋음,"실물, 적당하다, 기장, 색감, 바지"
처음에 받았을 때 제 허리가 좀 얇은 편인데도 허리가 쪼이길래 이상한가 했었는데 계속 입다 보니 적응되서 더 예뿌게 입을 수 있었던 거 같아 요 사이즈는 진짜 버뮤다의 정석인 거 같고 워싱이 정말 맛있게 들어가서 만족스러웠어요,"이상하다, 적응, 쪼이다, 예뿌, 펴다, 정석, 계속, 맛있다, 허리, 받다"
트릴리온은 항상 믿고 보는 브랜드 이 죠 색 감 핏 그냥 다 미쳤어요,"믿다, 미치다, 브랜드, 트릴, 리온"
처음 사 서 신어봤는데 생각보다 재질도 좋고 사이즈도 괜찮았어요 다음에 또 살꺼 같아요,"신어, 서다, 살다, 재질, 처음, 사이즈"
기장도 딱 맞고 색도 이 뻤어 욥 배송도 빨리 왔습니당,"뻤어, 빨리, 니당다, 색도, 오다, 기장, 맞다, 배송"
데님이 정말 쌈 봉해서 이 거 입고 나가서 매번 칭찬 받았어요 힙하대요,"힙하대, 칭찬, 받다, 데님"
평소 허리 정도인데 허리가 좀 꼈는데 입 다 보니까 늘어나서 딱 좋습니다 이쁘네요 워싱과 길이 감,"늘어나다, 허리, 끼다, 길이, 워싱"
요즘 유행하는 버뮤다 팬츠 무난하고 예쁘게 입고 다닐 수 있습니다,"유행, 팬츠, 버뮤다"
워싱감이 너무 예쁘고 사이즈도 딱 좋음 추천합니다,"워싱감, 추천, 사이즈"
사이즈가 딱 맞아서 좋고 워싱이 너무 예뻐서 마음에 들어요,"맞다, 워싱, 사이즈"
좋은데요 배송이 좀 늦은 감이 있네요 그래도,"늦다, 배송"
디자인도 마음에 들고 색상도 괜찮아요 가격도 저렴하게 잘 샀습니다 좋아요,"저렴하다, 색상, 디자인, 가격"
요즘 이런 팬츠가 유행이라 아들 녀석이 입고 싶다고 해서 다른 컬러로 두 벌 구매했어요 올 여름 잘 입고 다니네요,"녀석, 아들, 컬러, 유행, 오다, 여름, 팬츠"
무난하고 워싱 잘 빠졌어요 매치하기 좋은 디자인입니다,"매치, 빠지다, 디자인, 워싱"
생각보다 펑 퍼짐한 핏이라 그건 아쉽긴 한데 색감이나 편한 건 맘에 들어요,"그건, 퍼지다, 아쉽다, 편하다, 색감"
가격이 싼 곳을 찾아보다가 이 곳에 왔습니다 가격에 감동하고 디자인에 한 번 더 감동했습니다 앞으로도 이 곳을 애용할 것 같네요,"감동, 찾아보다, 가격, 애용, 으로도, 싸다, 오다, 디자인"
데님 쇼츠 이번에 처음 장만 했는데 여름에 필수템인 듯 다 잘 어울리네요,"쇼츠, 필수, 장만, 데님, 어울리다, 처음, 여름"
데님 쇼츠의 정석 같은 색감과 워싱도 아주 이쁩니다,"쇼츠, 정석, 데님, 워싱, 색감"
버뮤다 팬츠 데님 팬츠로 사봤는데 역시 좋네요 생각보다 더 시원함,"팬츠, 시원하다, 사보다, 데님, 버뮤다"
시즌 오프 때 저렴하게 구매했습니다 근데 허리 사이즈가 좀 작네요 원래 이 사이즌 데 구매할 때 참고하세요 기 장 딱 좋고 워싱은 예쁩니다,"오프, 시즌, 참고, 저렴하다, 워싱, 작다, 허리, 사이즈"
시즌 오프 때 저렴하게 구매했습니다 근데 허리 사이즈가 좀 작네요 원래 이 사이즌 데 구매할 때 참고하세요 색감은 예쁩니다,"오프, 시즌, 참고, 저렴하다, 작다, 색감, 허리, 사이즈"
시즌 오프 때 저렴하게 구매했습니다 근데 허리 사이즈가 좀 작네요 원래 이 사이즌 데 구매할 때 참고하세요,"오프, 시즌, 참고, 저렴하다, 작다, 허리, 사이즈"
요즘 엄청 잘 입고 다니는 바지 그냥 거의 교복처럼 입고 다녀요,"교복, 바지"
인기 많길래 사봤는데 이유가 있었다 핏 예쁘고 워싱도 좋아요,"인기, 많다, 이유, 사보다, 워싱"
저렴한 가격에 좋은 옷을 샀습니다 감사합니다맘에 들어요,"저렴하다, 가격"
일부러 박시하게 사서 허리가 골반에 걸쳐져 있지만 기장이 딱 생각하던 만큼 와서 좋아요,"일부러, 박다, 사서, 걸치다, 골반, 오다, 기장, 허리"
월쯤에 입을 버뮤다 데님 팬츠로 뭘 입을 지 고민됐는데 이 거 사니까 국밥처럼 하게 입고 있습니다 까진 사이즈로 입어도 충분하실 고 같아 요 좋습니당,"충분하다, 까진, 국밥, 돼다, 지다, 니당다, 고민, 데님, 팬츠, 버뮤다"
인생 바지 너무 이 뻐요 완벽한 핏 너무 잘 산 것 같아요,"완벽하다, 인생, 바지"
처음엔 샌드블루 샀었다가 핏은 예쁜데 허리가 너무 쪼여서 고민하다가 로 교환했어요 근데 교환 처리가 생각보다 너무 오래 걸려서 먼저 라지로 사봤는데 생각보다 안 크고 기장이 딱 마지노선이네요 사이즈 바꾸길 잘한 거 같아 요 바지 자체는 진짜 너무 예쁩니다 남자분들은 한 사이즈 업 추천 드려요,"교환, 마지노선, 바꾸다, 먼저, 블루, 쪼이다, 오래, 처리, 샌드, 걸리다"
힙한 느낌을 주기 좋아요 싸게 잘 구매한 것 같습니당,"주기, 니당다, 싸다"
가성비 좋은 바지인 거 같아 요 핏도 예쁘고 잘 입고 다니고 있어 용,"가성비, 바지"
색감이랑 핏이 너무 좋습니다 가성비가 매우 좋은 것 같아요,"가성비, 색감"
이 바지 진짜 깔롱합니다 스트릿부터 캐쥬얼까지 다 잘 어울리고 허리가 살짝 작은 건 감안하고 입을 만 해요,"쥬얼, 깔다, 스트릿, 감안, 어울리다, 작다, 바지, 허리"
여름에 포인트 주기 좋아요 반 바지라 여기저기 잘 어울려요,"바지라, 주기, 여기저기, 포인트, 어울리다, 여름"
다 마음에 드는 데 살짝 허리가 제 생각보다 작으니 구매하실 때 생각하고 사셔야 할 거에요,"작다, 허리"
워싱도 이 쁘고 가성비 넘치는 버뮤다 팬츠입니다,"넘치다, 가성비, 팬츠, 워싱, 버뮤다"
워싱도 이 쁘고 가성비 넘치는 버뮤다 팬츠입니다,"넘치다, 가성비, 팬츠, 워싱, 버뮤다"
허리 부분이 유독 작네요 바지는 이 뻐요 친구 줬습니다,"유독, 주다, 부분, 친구, 작다, 바지, 허리"
통이 너무 커서 바지가 아니라 치마 같았구 주름도 이상흐게 잡 허서 안 이뻥요,"허다, 이상흐, 주름, 치마, 커서, 아니다, 바지"
보는 사람마다 귀엽대 요 키 작은 분들 입으면 기여울 거 같애요 배송도 빠르고 두께감 좀 있지만 이 뻐요,"여울, 사람, 귀엽다, 두께감, 마다, 분들, 빠르다, 배송, 작다"
동생 사줬는데 너무너무 좋아하네요 이 쁘고 가성비 좋아용 여기저기 다 잘 어울려 요 흑청 무난합니다,"여기저기, 사주다, 좋아하다, 동생, 어울리다, 가성비"
지금 제가 벌크 옵중이 살짝 꽉 끼긴 하는데 살 조금만 빼면 아주 이쁠듯합니다 아주 좋아요 색도 이 뻐요 좋아용,"중이, 끼다, 색도, 빼다, 크다"
너무 좋아요 잘 맞고 핏 추천 드립니다 배송도 빨라요,"드리다, 추천, 빠르다, 맞다, 배송"
길게 입고 싶어서 큰 사이즈로 시켰는데요 생각보다 허리는 많이 크지 않아서 좋았어요 배송은 다행히 약속 하루 전에 도착했습니다 주말 껴서 조금 늦어지는 거 빼고는 괜찮았어요,"늦어지다, 주말, 크다, 약속, 도착, 다행하다, 하루, 길다, 끼다, 빼다"
핏도 괜찮게 나오고 색감도 예뻐서 추천합니다 근데 기장이 좀 긴 거 같어요,"추천, 나오다, 기장, 색감"
너무 바지가 예쁘고 맘에 듭니다 다른 색으로 재구매 히려 구여,"구여, 재다, 바지"
저한테는 처음 입었을 때 허리가 좀 작았는데 몇 번 입으니까 딱 맞네요 디자인은 무난무난한 버뮤다입니다,"처음, 디자인, 맞다, 작다, 버뮤다, 허리"
색감은 사진과 동일하게 이쁩니다 핏도 무진장 마음에 들고 배송도 빠르게 왔어요 디자인도 너무 마음에 들어요,"동일하다, 무진장, 사진, 오다, 빠르다, 디자인, 배송, 색감"
아주 멋스러워요 스타일리쉬하고 옷이 너무 두껍지도 않고 좋아요,"스타일리쉬, 두껍다"
여자가 있기엔 좀 크긴 한데 오버 핏으로 입으면 이쁜 거 같아요,"오버, 여자, 크다"
무난 템으로 손이 자주 가는 상품이고 이 가격이면 합리적 소비인 거 같아요,"소비, 이면, 합리, 상품, 가다, 가격"
허리 정도 입으시면 주문하시면 맞을 듯 싶습니다,"주문, 맞다, 허리"
정말 배송이 빠르고 아무렇게나 입어도 괜찮으거,"아무렇다, 빠르다, 배송"
허리가 조금 꽉 끼긴 하는데 그것 빼고는 기장도 적절하고 맘에 들어서 잘 입고 있어요,"적절하다, 그것, 끼다, 들어서다, 빼다, 기장, 허리"
너무 편하고 예뻐요 디자인도 잘 나왔고 색감이 잘 나왔고 배송도 빨라요,"나오다, 빠르다, 편하다, 디자인, 배송, 색감"
어머님 사드렸는데 힙하다고 너무 좋아하시네요,"어머님, 좋아하다, 드리다"
배송도 빠르고 가격도 싼데 옷도 이 뻐요 화면에서 본거랑 똑같아서 굉장히 맘에 들었습니다,"굉장하다, 화면, 똑같다, 싸다, 빠르다, 가격, 배송"
저렴한 가격에 나쁘지 않은 퀄리티 바지 잘 샀습니다,"나쁘다, 퀄리티, 저렴하다, 가격, 바지"
옷 이쁩니다 가격 대비 옷 품질이랑 마감 처리 좋아요 저 같은 체형이 신 분들한테 추천 드리고 싶습니다,"처리, 마감, 품질, 체형, 대비, 드리다, 추천, 가격"
옷 자체는 정말 이쁘구요 제가 비율이 안 좋아서 그런 건진 모르겠는데 다리가 많이 짧아 보이긴 합니다 가 성비 좋아요,"비율, 건지다, 성비, 다리, 모르다, 보이다, 자체, 짧다, 그렇다, 가다"
남자 핀 구 선물로 줬는데 딱 핏에 맞아 떨어졌어요 아무 옷에 나 잘 어울려요,"선물, 남자, 주다, 떨어지다, 어울리다, 맞다"
바지 지 퍼 부분이 찢어졌어요 택을 이미 제거해서 망했어요,"제거, 찢어지다, 망하다, 지다, 부분, 바지"
바지 존 맛탱 그냥 사 요 세장사요 배송도 빨랐고 핏도 원하던 핏이였어요,"장사, 원하다, 빠르다, 배송, 바지"
저의 골반엉이 둘레를 과소평가했나 봅니 당 사이즈 확인하고 샀는데 신축성이 없어서 그런지 너무 딱 불편하게 맞아서 살 좀 빼고 입어야겠어용,"과소, 확인, 평가, 신축, 둘레, 골반, 불편하다, 그렇다, 빼다, 맞다"
반바지 처음으로 사봤는데 엄청 이쁘네요 잘 입고 있습니다,"반바지, 사보다, 처음"
허리가 골반이 아니라 빤쮸 라인에 걸쳐서 벗겨질까 무섭지만 저의 빵실한 엉덩이로 잘 지탱하는 것 같슴 다 살짝 쿵 잼 민핏 되는데 어쩔 수 없음 간 즤코디 가보자고 잇,"민핏, 즤코디, 실하다, 지탱, 가보다, 무섭다, 빤쮸, 벗겨지다, 어쩔, 같슴"
이쁘고 딱 맞고 가격도 너무 좋습니다 대박입니다,"대박, 가격, 맞다"
배송도 빠르고 색상이며 핏이며 전체적으로 마음에 듭니다,"전체, 색상, 빠르다, 배송"
번째 만에 사이즈 로 찾았습니다 핏이 마음에 듭니다,"만에, 찾다, 사이즈"
에서에서 끝으로 사이즈로 변경했는데 이 제 마음에 듭니다,"변경, 사이즈"
색감 이쁘고 기 장 길어서 좋아요 근데 허리가 생각보다 작아서 조금 낍니다,"끼다, 작다, 색감, 허리"
배송 빠르게 왔습니다 허리 사이즈 저한테는 딱 맞아서 좋았어요,"오다, 빠르다, 맞다, 배송, 허리, 사이즈"
오 좋습니다 아주 입 기 편해요 요즘 입기 딱 좋스니다,"좋스니, 편하다"
세탁해도 그대로 고 너무 좋아요 다들 이 거 꼭 사 세용,"세용, 그대로, 세탁"
버뮤다 사고 싶어서 구매했는데 너무 맘에 들어 요 하나 더 사려 구요,"구요, 사려, 사고, 하나, 버뮤다"
완전 잘 입고 있어요 색감도 이 쁘고 하나 더 사고 싳어요,"싳어, 사고, 하나, 색감"
허리가 조금 작긴 하지만 입 다 보면 늘어서 괜찮아요,"늘어서다, 작다, 허리"
바지 통이 생각했던 것보다는 조금 컸지만 그래도 핏이 괜찮게 나오네요,"나오다, 크다, 바지"
예쁘다고 정말 많이 들었습니다 처음 구매한 버뮤다인데 너무 잘 입고 있습니당,"니당다, 처음, 버뮤다"
가성비 좋고 이쁩니다 재질도 하고 좀 두껍긴 해여,"두껍다, 재질, 가성비"
핏이 정말 이쁘게 잘 나오고 제 키에 사이즈 기장감이 딱 적당하네요,"기장감, 적당하다, 나오다, 사이즈"
버뮤다 처음 입어보는데 핏이 생각보다 괜찮아서 그냥 버뮤다 만 입고 있어요 딱 무릎 기장을 덮어줘서 더 마음에 든 것 같아 여,"버뮤다, 덮다, 입어보다, 무릎, 처음, 기장"
색감이 너무 많이 진 하지도 않고 색도 딱 제가 원하는 색으로 왔어요,"색도, 오다, 원하다, 색감"
버뮤다 생각햇는데 나 팔바지 마냥 너무 핏이 퍼져요 사놓고 안입는 중 아깝,"아깝다, 늘다, 퍼지다, 버뮤다, 바지"
허리 사이즈가 다른 브랜드에 비해 좀 작게 나온 거 같아요,"비다, 브랜드, 나오다, 작다, 허리, 사이즈"
버뮤다 팬츠 청으로 처음 구매해봤는데 생각보다 크더라고요 사이즈 가격도 이 정도면 입문으로 딱 좋다고 생각합니다 편하게 입을 듯요 굿,"해봤다, 입문, 처음, 팬츠, 편하다, 가격, 크다, 버뮤다, 사이즈"
사이즈 딱 잘 맞습니다 저랑 키 몸무게 비슷하심 엠 사에뇨,"사에뇨, 몸무게, 맞다, 사이즈"
색감도 너무 마음에 들고 디자인도 너무 마음에 들어요,"디자인, 색감"
바지가 아주 예쁘고 힙한 스타일에 매우 잘 어울려요,"스타일, 어울리다, 바지"
바지가 정말 맛있습니다 친구들이 물어봐요 어디서 샀냐고 유후,"어디서, 유후, 물어보다, 맛있다, 친구, 바지"
색감 좋은 흑청에 워싱 디테일까지 더해져서 분위기 연출하기 좋은 거 같아 요 버뮤다 팬츠 중에서 최애 아이템 됐습니다,"더하다, 연출, 분위기, 최애, 아이템, 돼다, 디테일, 팬츠, 워싱, 버뮤다"
남자친구한테 잘 맞아 영 잘 산 거 같아요,"남자친구, 맞다"
하지 않게 포인트들이 들어가 있어 좋습니다,"포인트, 들어가다"
색깔 너무 이 쁘고 길이 통 다 마음에 듭니다 가격도 저렴해서 강추해요,"강추, 색깔, 저렴하다, 길이, 가격"
스티치가 흰색인 줄 모르고 시켰어요 다른 색상 구매 후 맘에 들어서 한 사이즈 큰 걸로 시켰는데 다른 색상과 뭔가 소재가 다른 느낌이 들었어요 더 얇고 안 좋은 듯한 첨에는 좀 맘에 안 들었는데 핏이 예쁘기도 하고 저렴했어서 품기로 했어요,"색상, 흰색, 스티치, 품다, 기도, 모르다, 들어서다, 소재, 얇다, 저렴하다"
좋은 기회로 저렴하게 구입했는데 아무래도 여성이 다 보니 이런 거 입을 땐 좀 딱 달라붙고 약간은 크롭 인 상의를 입는 게 더 잘 어울리는 거 같아 요 약간 잼민이 핏 되긴 한데 긴 바지는 입기 싫고 그렇다고 반바지 입긴 애매할 때 좋을 둣,"달라붙다, 잼민, 아무래도, 싫다, 기회, 그렇다고, 여성, 크롭, 상의, 애매하다"
바지 통이 생각보다 많이 큽니 다 치마인 줄 알았어요 근데 좋습니다 허리 둘레는 라지 치고 크진 않음,"크다, 치고, 알다, 둘레, 라지, 치마, 바지, 허리"
옷이 이 쁘고 실제로 보면 더 이 뻐요 핏도 너뮤 자연스러워요,"실제, 자연스럽다"
바지 색감이 너무 이쁘게 잘 나왔고 통은 생각보다는 많이 크고 기장도 약간 긴 편이라 버뮤다 느낌 강하게 내고 싶으신 분 사시면 이 쁠거 같아요,"강하다, 쁠거, 사시, 내다, 편이, 나오다, 기장, 크다, 버뮤다, 색감"
밑으로 갈수록 통이 넓어집니다 하나쯤은 있으면 잘 입을 거 같아,"넓어지다, 갈수록, 하나"
생각보다 넓고 밑으로 갈수록 더 커지는 바지입니다,"커지다, 갈수록, 넓다, 바지"
기장은 진짜 베스트인데 살짝 아쉬운 점은 주머니가 너무 꽉 쨍깁니다,"베스트, 쨍깁니, 주머니, 아쉽다, 기장"
동생 옷 사줬습니다 좀 마른 편이라 그런 가 허리가 크지만 핏이 이 사이즈가 예쁜 거 같아요,"사주다, 마르다, 동생, 편이, 그렇다, 가다, 크다, 허리, 사이즈"
어느 상의 에나 잘 어 울릴 만한 바지이고 무난무난히 게 예뻐요,"울리다, 상의, 바지"
색깔이 이 쁘고 다시 구매할 의사가 있습니다 정말 예뻐요,"의사, 색깔"
색감도 좋고 편하게 입을 수 있어서 좋은 거 같아요,"편하다, 색감"
다른 하의 에 비해서 사이즈가 조금 작게 나온 것 같은 느낌입니다 착용 감도 보기와는 다르게 괜찮아서 데일리 핏으로도 자주 입을 수 있을 것 같습니다,"하의, 와는, 보기, 다르다, 으로도, 착용, 데일리, 나오다, 작다, 사이즈"
다른 색상 구매했다가 너무 맘에 들어서 이번에는 검은색으로 사봤는데 이번에도 너무 만족합니 당,"검은색, 들어서다, 사보다, 색상, 만족하다"
정말 이 쁘고 가격도 저렴하고 세탁도 편해서 좋았어요,"세탁, 저렴하다, 편하다, 가격"
이 뻐요 반바지 중에 갑 매일 데일리룩으로 입어요,"데일리룩, 반바지"
허리가 생각보다 많이 작았지만 디자인이랑 핏이 정말 이쁩니다,"디자인, 작다, 허리"
허리가 작다는 후기 보고 걱정했는데 하게 사이즈 잘 맞고 생각보다 바지가 이 뻐서 너무 만족해요,"후기, 걱정, 보고, 만족하다, 맞다, 작다, 바지, 허리, 사이즈"
허리가 조금 작게 나온 거 같아 요 그런데 원단이나 핏은 너무 좋네요,"원단, 나오다, 작다, 허리"
제품이 실물이 더 예뻐서 좋고 착용할 일이 많을 거 같아요,"많다, 일이, 착용, 실물, 제품"
확실히 다른 후기들처럼 허리가 작아서 사이즈업이 필요할 수 있습니다 옷은 예뻐요,"확실하다, 필요하다, 후기, 작다, 허리"
사이즈랑 워싱 디자인 자체는 너무 예뻐요 허리가 조금 끼는 느낌 있는데 살 빼면 될 것 같아요,"끼다, 자체, 빼다, 디자인, 워싱, 허리, 사이즈"
믿고 다시 주문했었는데 실망하지 않는 바지입니다,"실망하다, 믿다, 주문, 바지"
사이즈에서 사이즈로 변경해서 주문했는데 그나마 괜찮아요,"그나마, 변경, 사이즈, 주문"
전에 정 사이즈로 주문했었는데 조금 작아서 한 사이즈 업해서 다시 주문했습니다,"주문, 사이즈, 작다"
옷감도 좋고 핏도 좋아서 휘뚜루마 뚜루 딱 좋아요,"옷감, 휘뚜루, 뚜루"
버뮤다 팬츠 입문하기 좋습니다 무난하고 이 뻐요,"입문, 팬츠, 버뮤다"
되게 쌈깔하고 기 장 딱 좋아요 시원하게 잘 입을 게요,"깔다, 시원하다"
진짜 인생 버뮤다 입니다 이 가격에 이 핏이면 무조건 사세요,"핏이, 무조건, 인생, 가격, 버뮤다"
생각했던 것보다 이쁜 디자인과 핏이에 요 맘에 들어요,"핏이, 디자인"
색감이 예쁘고 배송은 느리지만 무게는 약간 무겁다,"무겁다, 무게, 느리다, 배송, 색감"
사세용 가격 대비 너무 예쁜 바지임이다 맨날 입음,"세용, 맨날, 대비, 가격, 바지"
배송도 빨리 오고 가격도 나름 괜찮았습니다 색감도 너무 어둡지는 않고 좋네여,"어둡다, 나름, 빨리, 오다, 가격, 배송, 색감"
사이즈 핏 이 쁨 재질 좋음 진짜 이 거 너무 내 스타일이라 왜 지금 샀 나 싶음,"스타일, 재질, 사이즈"
진짜 트릴리온 바지 처음 사봤는데 엄청나게 만족스러운 바지입니다 브랜드 자체를 갑자기 신뢰하게 된 바지예요 요즘 최 애입니다 어디에 입어도 잘 어울리고 기장감 길고 되게 와이드한데 위에 핏하게 입어도 예쁘고 루즈하게 입어도 박시하게 입어도 예쁩니다 굿,"바지, 와이드, 엄청나다, 핏하, 신뢰, 갑자기, 박다, 루즈, 브랜드, 길다"
헐인하길래 동생 사줬는데 좋아하네욥 말라서 허리가 크긴 한데 잘 입겠대요,"대요, 헐다, 라서, 사주다, 좋아하다, 동생, 크다, 허리"
사진으로 보는 것보다 입으니까 훨씬 예쁘네요 색상도 맘에 들어서 자주 입게 됩니다 다른 색상도 이 쁠듯,"색상, 쁠듯, 들어서다, 사진"
세일 가격에 정말 만족할 만한 색감의 버뮤다 팬츠입니다 샌드 계열의 버뮤다 팬츠를 사고 만족도 최상이라 다른 색상으로 하나 더 구입 했어요 통이 넓어 시원하고 길이 감도 적당하고 무엇보다도 핏이 예술이라 아직까지 이것보다 더 이 쁜 버뮤다 팬츠 본 적이 없네요 강추에요,"팬츠, 버뮤다, 만족도, 최상, 예술, 샌드, 아직, 보다도, 계열, 강추"
색감이 예쁘고 가격도 괜찮고 디자인이 진짜 예쁘다,"디자인, 가격, 색감"
사이즈가 너무 딱 맞아서 좋아요 워싱도 잘 들어갔고 기장감도 좋아서 이 가격에 너무 잘 산거 같아요,"기장감, 들어가다, 가격, 맞다, 워싱, 사이즈"
허리가 사이즈 표보다 조금 작게 니온 거 같지 먼 그래도 잘 입고 있너 어요 이 뻐요,"어요, 멀다, 작다, 허리, 사이즈"
배송이 진짜 느리고요 색감은 예쁘고요 사이즈가 좀 커요,"느리다, 크다, 배송, 색감, 사이즈"
바지가 너무 이 뻐요 이런 바지 하나 가지고 싶었는데 나중에 다른 색깔로 또 사겠숨다,"나중, 숨다, 가지, 바지, 하나, 색깔"
두꺼워보여서 더울 줄 알았는데 안 덥고 딱 좋습니다,"덥다, 알다, 두껍다"
너무 예쁘고 편하고 너무 좋습니다 감사합니다 잘 입을 게요,편하다
사이즈 딱 이쁜 사이즈에 요 무릎 아래로 적당히 내려오고 색감도 좋아요,"내려오다, 아래, 사이즈, 무릎, 적당하다, 색감"
색감도 예쁘고 디자인도 예뻐요 기장은 생각보단 짧네요,"보단, 짧다, 기장, 디자인, 색감"
옷 기장이 딱 내가 원하는 느낌이고 색감도 훌륭해서 계속 손이 갑니다 사이즈도 적당해요,"훌륭하다, 계속, 가다, 원하다, 적당하다, 기장, 색감, 사이즈"
사이즈 좀 많이 작아서 이 쉬워요 배송 빨리 요 재질 무게 괜찮아요 나쁘지 읺아요,"읺아, 쉽다, 무게, 나쁘다, 빨리, 재질, 배송, 작다, 사이즈"
사이즈가 좀 작아서 아쉬워요 통 좀 크고요 나머지 재질이나 무게는 적당해요 나쁘지 않아요,"나머지, 무게, 나쁘다, 재질, 아쉽다, 적당하다, 크다, 작다, 사이즈"
상품 배달은 일단 엄청 빨리 요 틀 일 걸린 거 같아 요 총장 길이가 라는 디 이네요 좀 많이 아쉬워요 통이 좀 커요 감안하셔야 할 듯 요 무게 적당해요 재질도 적당해요,"적당하다, 배달, 라는, 총장, 무게, 걸리다, 감안, 빨리, 상품, 재질"
배송도 빠르고 사이즈도 괜찮아요 다만 허리가 좀 작게 나오는 거 같아요,"빠르다, 나오다, 배송, 작다, 허리, 사이즈"
색감 미쳤어요 할인할 때 샀는데 잘산 듯합니다 히힣,"미치다, 할인, 잘살다, 색감"
원단질감도 좋고 컬러 워싱도 맘에 들어 요 핏 감 좋습니다,"질감, 컬러, 워싱"
바지 이 뻐요 반바지 필요 햇 능데 잘 산더 같네요 구매 의사 잇어여,"산더, 능데, 잇다, 필요, 의사, 반바지, 바지"
생각보다 바지 통이 크긴 했는데 길이도 맘에 들고 색깔도 예뻐요,"색깔, 길이, 크다, 바지"
사이즈 하고 딱 원하는 느낌입니다 평소 사이즈보다 한 치수 크게 사셔도 좋을 거 같아요,"치수, 사이즈, 크게, 원하다"
사실 옷 자체만 받았을 땐 별로 일 것 같았는데 입어보니 은 근 이 쁘네요 자주 입고 다닙니다,"사실, 쁘네, 별로, 자체, 받다, 입어보다"
워싱 너무 이 쁘고 사진이랑 색감 완전 똑같고 이 뻐요,"똑같다, 사진, 워싱, 색감"
옷 소재도 괜찮고 요즘 유행하는 팬츠 입문용으로도 괜찮습니다,"으로도, 소재, 입문, 유행, 팬츠"
교복처럼 입고 있읍니다 워싱이 부담스럽진 않을까 했는데 생각보다 아무데나 잘 어울려서 조아요,"읍니, 교복, 부담스럽다, 어울리다, 워싱"
바지 색도 이 쁘고 사이즈도 잘 맞아서 아주 기분이 좋습니당,"기분, 니당다, 색도, 맞다, 바지, 사이즈"
배송 빨랐고 바지도 이 뻐요 근데 다른 색상으로 같은 사이즈를 주문해서 입어봤는데 블랙 색상이 좀 더 작았어요 색상마다 사이즈 차이가 있는 것 같아 요 두께도 조금 있는 편이라 지금은 살짝 덥지만 바지가 이 뻐서 괜찮아요,"색상, 차이, 마다, 두께, 블랙, 바지, 사이즈, 주문, 덥다, 편이"
워싱 디테일이 예술이에 요 특히 아래쪽에 붓으로 칠한 듯한 디테일이 돋보여요,"디테, 일이, 돋보이다, 칠하다, 예술, 아래쪽, 워싱"
커요 근데 예뻐요 너무 허리가 살짝 커서 벨트하고 입으니 잘 맞구 요 바지가 예뻐서 맨날 입고 다니고 싶네요,"맨날, 벨트, 커서, 크다, 맞다, 바지, 허리"
옷 예쁘고 평소에 입는 코디랑 잘 맞아서 좋아요 자주 입을 듯,"코디, 맞다"
제 기준 사이즈는 괜찮게 맞습니다 핏이 조금 퍼지는 감이 있지만 디자인 괜찮고 워싱도 이 쁘게 들어가 있어 자주 찾아 입을 것 같습니다,"기준, 찾다, 퍼지다, 들어가다, 디자인, 맞다, 워싱, 사이즈"
배송 시킨 날 기준 이틀 뒤에 왔습니다 포장 이중으로 깔끔하게 되어서 왔어요 색감 사진에 있던 그대로의 색감입니다 상품 상태 실밥 같은 게 조금 나와 있어 라이터로 살짝 정리했습니다 그거 제외하곤 다 괜찮아요 사이즈 키 몸무게 운동 쪼끔하는 여자 기준 허리랑 엉덩이 알맞게 맞고 버뮤다라 나머지는 해요 핏 그냥 볼 땐 몰라도 입어보면 살짝 퍼지는 감이 없지 않아 있는데  그래도 이쁩니다 총평 가격 대비 나쁘지 않은 것 같고 워싱도 이 쁘게 들어가 있어 잘 입을 것 같습니다,"기준, 오다, 정리, 이중, 이틀, 제외, 실밥, 라이터, 쪼끔하, 그거"
색상도 이 쁘고 너무 옷감이 좋아요 또 구매하고 싶네요,"옷감, 색상"
색깔도 빈티지스럽게 예쁘고 통도 커서 편한 데님 반바지에 요 빈티지 스타일에 제격인 것 같아 요 추천합니다,"빈티, 제격, 지다, 반바지, 스타일, 커서, 색깔, 데님, 추천, 편하다"
사이즈도 딱 맞고 기장감이 너무 좋아요 색깔도 예쁘고,"기장감, 색깔, 맞다, 사이즈"
색감도 맘에 들고 가격도 괜찮고 실물 색감이 훨씬 괜찮아요,"색감, 실물, 가격"
우리 아들이 옷살 때는 무신사에서만 주문합니다 너무 좋아요 좋아요 좋아요,"옷살, 에서만, 무신, 아들, 주문"
옷 예뻐서 놀러 갈 때 자주 입습니 당 워싱 맘에 들어용,"놀다, 입습, 갈다, 워싱"
옷 예쁘고 편해서 자주 입습니 당 워싱도 잘 들어가서 굉장히 맘에 들어용,"입습, 굉장하다, 들어가다, 편하다, 워싱"
워싱이 너무 맘에 드는 버뮤다 팬츠 마른 중 남자 아이에게 너무 커요 사이즈 때문에 반품할까 고민했지만 옷 자체가 이 뻐 내년에 입으려고 킵합니다,"내년, 킵합니, 반품, 때문, 남자, 마르다, 자체, 고민, 팬츠, 크다"
딱 제가 원하는 색감입니다 퀄리티도 좋은 편이고 핏도 예쁩니다,"퀄리티, 편이, 원하다, 색감"
허리가 얇은 편이라 조금 큰 감이 있으나 기장은 딱 원했던 길이여서 만족했어요 소재가 좀 무거워서 입고 운동이나 활동적인 걸 하기엔 불편해 요 디자인은 예뻐요,"운동, 무거워, 활동, 소재, 불편하다, 편이, 얇다, 원하다, 만족하다, 길이"
블랙 이어도 하지 않기 여러 포인트가 들어가 있어서 너무 좋아요,"이어도, 여러, 포인트, 블랙, 들어가다"
디자인도 괜찮아요 이쁜 것 같아서 자주 입게 돼요,"돼다, 디자인"
예쁘고 좋아요 살 때는 제일 작은 사이즈가 미디움 뿐이라 미디움으로 샀는데 허리가 커서 흘러내리 긴 해요 그래도 오버핏 느낌나서 괜찮구 색감 디자인 전부 너무 예뿝니더,"미디움, 흘러내리다, 오버핏, 느끼다, 커서, 디자인, 작다, 색감, 허리, 사이즈"
트릴리온 바지 인생 바지 너무 예쁘고 잘산 거 같아 요 다음에는 긴 바지도 구매할 게요,"바지, 인생, 잘살다, 리온, 트릴"
버뮤다 검정 중에 제일이 뿐 듯 기장 핏 다 맘에 들어오,"검정, 들어오다, 기장, 버뮤다"
배송도 빠르고 핏도 예뻐요 세탁 후 변형도 없고요 건조기에 돌려도 멀쩡합니다,"멀쩡하다, 변형도, 돌리다, 건조기, 세탁, 빠르다, 배송"
여름에 입 기 좋아요 허리가 살짝 작은데 이 정도면 감안하고 입기 좋네여,"감안, 여름, 작다, 허리"
아주 나이스 색 감 쵁크 디자인 쵁크 외모 쵁크 굿입니다,"쵁크, 나이스, 외모, 디자인"
이쁘고 기장이 길어서 일반 버뮤다보다 좋아요 꼭 구매해 보세요,"일반, 기장, 버뮤다"
너무 이쁩니다 색감도 그렇고 핏도 그렇고 완전 강추드려요,"그렇다, 강추, 드리다, 색감"
이 가격에 워싱이며 핏이며 디테일 다 좋습니다 가 성비 좋아서 여름에 잘 입을 수 있어요,"성비, 디테일, 가다, 여름, 가격, 워싱"
핏이 예쁩니다 허리는 사이즈가 작은 편이니 참고하세요,"편이, 참고, 작다, 허리, 사이즈"
걍 제 몸 그 자체에 요 제 본체 그냥 개 이 뻐 그냥 입어요,"본체, 자체"
바지 길이가 딱 적당해서 입 기 아주 좋은 거 같아요,"적당하다, 길이, 바지"
가격은 괜찮은 편인데 길이는 딱 맞지만 옆으로 너무 커요 치마 같은 느낌으로 됨 아쉬운 편임,"편임, 치마, 아쉽다, 길이, 가격, 크다, 맞다"
입기 좋아요 편해요 최고에 요 이 뻐요 막 쓰기 졸아요,"졸다, 쓰기, 최고, 편하다"
배송 빠르고 두껍지 않아서 여름에 입 기 좋은 것 같아요,"두껍다, 여름, 빠르다, 배송"
배송 빠르고 여름에 입 기 좋아요 두껍지 않아서 좋은 것 같아요,"두껍다, 여름, 빠르다, 배송"
바지 원단도 맘에 들고 무엇보다 색감과 패턴이 예쁜 거 같아 요 버뮤다 팬츠는 처음 코디해보는데 원래 있던 옷들이랑도 무난하게 잘 매치 될 거 같습니다,"패턴, 원단, 매치, 코디, 처음, 팬츠, 버뮤다, 색감, 바지"
상품 사진 색감이랑 실물 색상 비슷하고 검정색이라 매칭도 쉬워요,"검정색, 매칭, 쉽다, 실물, 상품, 사진, 색상, 색감"
실물이랑 상품 사진 색감 비슷하고 블랙이라 매칭하기도 쉬워요,"매칭, 쉽다, 블랙, 실물, 상품, 사진, 색감"
화면이랑 색까 똑같고 워싱도 예쁘게 들어가서 강력 추천해용,"강력, 끄다, 화면, 똑같다, 들어가다, 추천, 워싱"
청색이 예뻐서 또 주문한 건데 역시 마음에 들어 요 크롭 니트나 반팔이랑 입으면 찰떡입니다,"니트, 찰떡, 청색, 건데, 팔이, 크롭, 주문"
기장도 적당하고 핏도 너무 예뻐서 마음에 들어요,"적당하다, 기장"
첫 버뮤다 도전이 엇는데 배송도 빠르고 핏도 너무 예뻐서 만족해 용 상의 아무거나 휘뚜루마 뚜루 입어도 예뿌고 넘 편해뇽,"도전, 편해뇽, 예뿌, 거나, 늘다, 상의, 뚜루, 휘뚜루, 만족하다, 빠르다"
살까 말까 고민했는데 사니깐 확실히 좋네요 추천합니다,"니깐, 확실하다, 말다, 살다, 고민, 추천"
굉장히 이 쁘고 색감도 똑같아서 많이 입을 거 같아요,"굉장하다, 똑같다, 색감"
생각보다 사이즈가 작아서 못 입고 있어요 다른 부분보다 허리가 너무 작아서,"작다, 부분, 허리, 사이즈"
가성비로 사게 돼서 너무 좋고 핏도 예뻐요 가을까지 잘 입을 게영,"게영, 돼다, 가을, 가성비"
워싱도 너무 이 쁘고 가성비로 딱 좋은 거 같아 요 만원대로 구매 할 수 있는 버뮤다 팬츠 중에 퀄리티는 제일 좋은 거 같습니다 평소 입는데 사이즈 딱 맞았어요,"만원, 대로, 퀄리티, 가성비, 팬츠, 맞다, 워싱, 버뮤다, 사이즈"
워싱도 너무 이 쁘고 저는 길이가 무릎쯤 왔으면 좋겠었는데 딱 좋은 옷을 찾은 거 같네요,"찾다, 오다, 무릎, 길이, 워싱"
처음 구매한 버뮤다인데 성공한 거 같아서 기분이 좋아여,"성공하다, 기분, 처음, 버뮤다"
트릴리온 옷은 늘 한 사이즈 크게 사는 게 맞는 듯 이벙엔 한 사이즈 크게 샀더니 잘 맞아요,"크게, 이벙, 맞다, 사이즈, 살다, 트릴, 리온"
세일할 때 싸게 구매했는데 괜찮네요 무난무난해서 편하게 코디하기 좋은 것 같아오,"세일, 코디, 싸다, 편하다"
길이 감 좋고 블랙 계열을 선호해서 너무 야무진 바지인데 생각보다 허리가 작네요,"야무지다, 선호, 계열, 블랙, 길이, 작다, 바지, 허리"
색감도 이 쁘고 사이즈도 잘 맞아요 다음에도 재구매 의사 있어요,"재다, 의사, 맞다, 색감, 사이즈"
키에 비해서 조금 많이 컸지만 그래도 예쁘고 입을 만해용,크다
평소 인데 입으니 딱이네요 입으면 작았을 거 같습니다,"딱이다, 작다"
사이즈도 괜찮고 재질도 두꺼워서 제 마음에 드네요,"두껍다, 재질, 사이즈"
사이즈를 잘 몰라서 고민하다 시켰는데 딱 맞게 시킨 거 같아서 너무 좋습니다,"모르다, 고민, 맞다, 사이즈"
정말 예쁘고요 배송도 엄청 빨라서 좋아요 맘에 쏙 드네요,"라서, 배송"
보통 사이즈 많이 입는데 이건 사이즈도 타이트 하네요 뭐 입다 보면 늘어나겠죠 그 외에는 기장도 적당하고 힙합니다 여행가서 잘 입을께요,"힙합, 여행가, 타이트, 이건, 보통, 늘어나다, 사이즈, 적당하다, 기장"
생각보다 작아서 한 사이즈 크게 입어야 할 꺼 같아요,"끄다, 크게, 작다, 사이즈"
배송도 빨리 오고 색상이며 전반적으로 코디할 때도 좋아요,"전반, 빨리, 코디, 색상, 오다, 배송"
밑단 통도 넓고 색상이며 좋은데 사이즈만 업해도 될 듯합니다,"밑단, 넓다, 색상, 사이즈"
흑청 버뮤다는 처음인데 너무 크지도 작지도 않고 딱 몸에 핏 좋게 맞아서 너무 휘뚜루마 뚜루 잘 입고 있어요,"휘뚜루, 뚜루, 처음, 크다, 맞다, 버뮤다"
이 가격에 이 정도 디테일에 핏감이면 너무 좋네요 워싱도 예뻐서 어떤 옷이든 잘 어울려 요 무릎에 딱 걸치는 기장이라 다리 짧아 보이지도 않아요,"이든, 보이지, 핏감이, 어떻다, 디테일, 다리, 걸치다, 짧다, 어울리다, 무릎"
살이 쪄서 허리가 좀 작긴 한데 다이어트 생각도 들 고 좋네요,"살이, 찌다, 다이어트, 작다, 허리"
바지 디자인 정말 이 쁘고 좋습니다 자주 입을 듯 해요,"디자인, 바지"
바지 디자인 정말 이 쁘고 좋습니다 자주 입을 듯 해요,"디자인, 바지"
버뮤다 팬츠 하나 샀어야 했는데 데님에다가 워싱까지 있고 또 할인할 때 싸게 산 거라 만족 중에 있습니다 사이즈가 좀 큰 거 같아서 조금 아쉬웠어요,"에다가, 할인, 만족, 하나, 싸다, 데님, 아쉽다, 팬츠, 크다, 워싱"
허리가 작게 나온 바지 같아 요 다른 바지보다 작아 요 교환 배송 기간이 좀 걸렸아요 보기에 더워 보이긴 하지만 나름,"기간, 작다, 보기, 교환, 걸리다, 바지, 나름, 보이다, 덥다, 나오다"
예쁘고 살짝 크긴 한데 디자인도 마음에 들고 배송도 빨라요,"빠르다, 디자인, 크다, 배송"
생각보다 스크레치가 밝게 나 있네요 그래도 맘에 들어요,"스크레치, 밝다"
많이 두껍지는 않아서 여름에 입 기 좋은 거 같아요,"두껍다, 여름"
텅 크고 재질 좋고 허리는 좀 작게 나온 거 같지만 맘에 들어용 이 뻐요,"재질, 나오다, 크다, 작다, 허리"
디자인 예쁘고 배송이 엄청 빨라 요 싸게 잘 샀어요,"싸다, 빠르다, 디자인, 배송"
여름에 입기엔 조금은 더운 두께감이지만 예뻐서 자주 입어져요,"두께감, 덥다, 여름"
밑 위 기장이 조금 찗아서 가랑이가 뒤질 것 같지만 옷이 너무 예뻐요 허리 기 징도 해서 뷔페에서도 살아남을 것 같슴 다 느무 이 뻐여,"찗아, 가랑이, 느무, 살아나다, 뷔페, 뒤지다, 같슴, 에서도, 기장, 허리"
저한테는 살짝 작긴 한데 그래도 입을 수는 있습니다,작다
진짜 너무 예뻐요 핏도 예쁘고 뭐 하나 안 예쁜 게 없어요 진짜 너무 잘 입고 있어요,하나
세탁 후 변형도 없고 디자인도 예쁘고 핏도 좋아요 이 가격에 이런 바지는 없을 것 같네요,"변형도, 세탁, 디자인, 가격, 바지"
핏이 이 쁘네요 워싱도 이 쁘고 사이즈도 좋습니당,"쁘네, 니당다, 워싱, 사이즈"
길이가 적당해서 맘에 들어 요 워싱도 이 쁘게 들어 있고 역시 바지 맛집,"맛집, 적당하다, 길이, 워싱, 바지"
살까 말까 고민했던 시간이 아까운 워싱도 예쁘고 얇아서 만족,"아깝다, 말다, 살다, 만족, 얇다, 고민, 워싱"
배송이 빠르고 이 가격에 이 퀄리티 찾기 힘듭니다 이쁘게 잘 입을 게요 사이즈도 딱 맞습니다,"힘드다, 찾기, 퀄리티, 빠르다, 가격, 맞다, 배송, 사이즈"
배송이 빠르고 이 가격에 이 퀄리티 찾기 힘듭니다 이쁘게 잘 입을 게요,"힘드다, 찾기, 퀄리티, 빠르다, 가격, 배송"
처음에 사이즈 안 맞아서 환불했다가 다시 시켰는데 조금 여유 있어서 훨씬 편한 거 같아 요 포장도 잘 되어 있고 만족스럽습니다,"환불, 여유, 포장, 되어다, 만족스럽다, 처음, 편하다, 맞다, 사이즈"
처음에 사이즈 안 맞아서 환불했다가 다시 시켰는데 조금 여유 있어서 훨씬 편한 거 같아 요 포장도 잘 되어 있고 만족스럽습니다,"환불, 여유, 포장, 되어다, 만족스럽다, 처음, 편하다, 맞다, 사이즈"
옷이 예쁘고 굉장히 편합니다 매우 매우 좋습니다,"굉장하다, 편하다"
허리가 작아서 좀 불편 하지먼 이 뻐용 살 빼거 다시 입자,"뻐용, 불편, 입자, 멀다, 빼다, 작다, 허리"
배송이 빨리 오고 부드럽고 색도 잘 나와서 예쁘네요,"부드럽다, 빨리, 색도, 오다, 나오다, 배송"
생각보다 상품 허리가 얇아서 한 치수 크게 가도 될 것 같지만 그냥 딱 맞게 입고 있급니 다 디자인 색감 이쁘구요 버뮤다 처음 입어보는데 아주 마음에 듭니다,"가도, 치수, 크게, 입어보다, 얇다, 상품, 처음, 디자인, 맞다, 버뮤다"
바지 통이 생각보다 커서 약간 치마바지 같아 보일 때가 있긴 한데 나름 귀여움 그래도 가격 대비 만족합니다,"바지, 나름, 보이다, 대비, 커서, 치마, 만족하다, 가격"
고민 많이 하고 샀는데 실물 색감은 좀 아쉬웠으나 가격 대비 좋고 허리는 딱 맞습니다,"실물, 대비, 고민, 아쉽다, 가격, 맞다, 색감, 허리"
이 뻐요 사이즈도 딱 맞고 워싱도 맘에 들어 요 매우 만족합니다,"만족하다, 맞다, 워싱, 사이즈"
반바지 필요해서 구매했어요 좋은 가격과 품질 만족합니다,"품질, 필요하다, 반바지, 만족하다, 가격"
좋은 가격으로 구매했어요 옷 얇고 칼라 이 뻐서 잘 입어지겠어요,"칼라, 얇다, 가격"
편하고 디자인도 예뻐서 자주 입을 것 같아 요 만족합니다,"만족하다, 편하다, 디자인"
무릎 완전히 덮는 걸 생각했는데 그 정도 기장감은 아니라서 저랑 비슷한 체형이면 한 사이즈 업 하시는 거 추천 드립니다 핏은 아주 조아 요 너무 세모 모양으로 떨어도 않고 여름 애착템입니 당 굿,"세모, 떨다, 애착, 조아, 완전하다, 모양, 덮다, 체형, 기장감, 아니다"
이 바지는 입문하기에 딱 좋은 것 같습니다 잘 입을 개요 감사합니다,"개요, 입문, 바지"
진짜 제가 딱 우하는 느낌입니다 정말 만들어 주신 분에게 사랑을 전해요,"주신, 전해, 사랑, 만들다"
예쁘고 자주 입고 편해서 좋아요 또 살 거 같습니다,편하다
바지 중에 제일 자주 입어요 제일 예쁘고 핏 좋아요,바지
비지 통이 크고 넓고 색감이 정말 예뻐서 좋은 것 같아요,"비지, 넓다, 크다, 색감"
동생 사줬는데 너무 잘 입고 다녀 요 예쁘고 사이즈도 딱 맞네요,"사주다, 동생, 맞다, 사이즈"
이 바지 진짜 레전드 이 뻐요 왜 이 제 샀 나 싶어요 잘 입을 게요,"레전드, 바지"
사이즈를 잘못 보고 사서 약간 작지만 살 조금 빼고 입으면 좋을 거 같아 요 이 뻐요,"잘못, 사서, 보고, 빼다, 사이즈"
바지 색감이 너무 예쁘고 허리 통이 생각보다 작아서 한 치스 크게 사면 좋을 듯해요,"치스, 사면, 크게, 작다, 색감, 바지, 허리"
어떤 티에도 어울리는 것 같아 요 양말까지 긴 거 신어주면 진짜 예뻐요,"양말, 신다, 어떻다, 어울리다"
무난하고 할인해서 샀는데 어떤 코디에도 어울리는 것 같아서 국밥 같네요,"국밥, 할인, 어떻다, 코디, 어울리다"
핏이나 색감이 넘 좋고 재질이 해용 한 여름에 입기에는 좀 더울지도 모르지만 잘 입어 보겠습니다,"모르다, 덥다, 재질, 여름, 색감"
여름에 입기엔 살짝 더울지도 그래도 핏과 색감이 넘 젛아서 잘 입을 것 같아용,"젛아, 덥다, 여름, 색감"
요새 더워서 그냥 휘뚜루마 뚜루 마구마구 입기 너무 좋아요,"마구마구, 휘뚜루, 뚜루, 덥다"
길이 적당하고 얇고 착용 감 만족합니다 근데 오늘 타임 세일 하네요,"오늘, 타임, 세일, 착용, 얇다, 만족하다, 적당하다, 길이"
사이즈 안 맞을까봐 걱정했지만 너무 잘 맞고 예뻐서 자주 입게 됩니다,"맞다, 걱정, 사이즈"
다 좋은데 허리 사이즈가 좀 작음 차라리 단면 말고 둘레로 해줬으면 더 알아먹기 쉽지 않았을까 물론 단면도 고려하고 산 건데 작아서,"고려, 먹기, 단면도, 작다, 단면, 건데, 해주다, 둘레, 쉬다, 허리"
이쁘긴 하고 색 감 좋고 다 좋은데 사이즈가 왜 이렇게 작은 지 허리 단면이면 둘레는 대충 되는데 진짜 꽉 낌 그래서 밥 먹고 계속 단추 풀고 있었어요 타 브랜드 바지 허리둘레 인 거 입으면 원래 남는데 여긴 정 사이즈보다 더 작게 나오는 듯 그거 감안하고 구매하세요,"둘레, 남다, 여기다, 대충, 작다, 그거, 단면, 먹다, 이렇게, 단추"
편하게 입기 좋고 가성비가 좋아요 추천드려요 굿,"드리다, 추천, 가성비, 편하다"
워싱 디테일 보고 산 바진데 기장이랑 사이즈 다 너무 좋아여,"바진, 디테일, 보고, 기장, 워싱, 사이즈"
워싱이 들어간 디자인이 마음애 들어서 구매했는데 만족하고 입는 중입니다,"들어서다, 들어가다, 만족하다, 디자인, 워싱"
루즈핏 이 뻐요 질도 좋아서 여름에 휘뚜루마 뚜루 굿,"질도, 루즈, 휘뚜루, 뚜루, 여름"
남자용이라 그런지 너무 컸던 아직 한 번도 못 입음,"용이, 아직, 남자, 그렇다, 크다"
